Duration,Heart_Rate,Calories
29.0,105.0,231.0
14.0,94.0,66.0
5.0,88.0,26.0
13.0,100.0,71.0
10.0,81.0,35.0
23.0,96.0,123.0
22.0,95.0,112.0
25.0,100.0,143.0
21.0,97.0,134.0
16.0,90.0,72.0
1.0,74.0,3.0
17.0,100.0,92.0
11.0,90.0,58.0
18.0,93.0,88.0
2.0,82.0,7.0
28.0,104.0,170.0
4.0,82.0,11.0
11.0,89.0,43.0
4.0,85.0,15.0
14.0,94.0,74.0
8.0,77.0,29.0
8.0,84.0,32.0
3.0,80.0,10.0
29.0,100.0,155.0
1.0,80.0,3.0
10.0,83.0,24.0
7.0,78.0,12.0
3.0,83.0,10.0
29.0,106.0,195.0
2.0,81.0,5.0
16.0,97.0,69.0
24.0,102.0,136.0
18.0,91.0,80.0
22.0,93.0,107.0
29.0,114.0,200.0
10.0,93.0,56.0
10.0,88.0,50.0
21.0,96.0,100.0
25.0,114.0,200.0
1.0,81.0,4.0
13.0,92.0,70.0
20.0,104.0,127.0
25.0,108.0,197.0
20.0,98.0,113.0
3.0,80.0,11.0
16.0,93.0,82.0
8.0,86.0,26.0
24.0,105.0,141.0
20.0,96.0,92.0
2.0,79.0,5.0
10.0,83.0,30.0
3.0,78.0,3.0
9.0,90.0,37.0
25.0,105.0,147.0
2.0,80.0,8.0
21.0,106.0,159.0
15.0,100.0,93.0
23.0,113.0,173.0
19.0,95.0,89.0
7.0,82.0,31.0
9.0,84.0,35.0
16.0,98.0,94.0
9.0,99.0,49.0
13.0,84.0,54.0
20.0,97.0,117.0
27.0,104.0,173.0
20.0,97.0,99.0
10.0,93.0,45.0
22.0,113.0,166.0
28.0,111.0,202.0
20.0,101.0,107.0
29.0,109.0,199.0
5.0,90.0,25.0
8.0,77.0,23.0
24.0,108.0,200.0
2.0,76.0,6.0
2.0,79.0,7.0
20.0,99.0,113.0
29.0,108.0,188.0
20.0,96.0,103.0
17.0,103.0,128.0
23.0,99.0,130.0
7.0,83.0,27.0
27.0,111.0,185.0
11.0,92.0,57.0
13.0,94.0,65.0
16.0,99.0,91.0
19.0,105.0,120.0
12.0,101.0,70.0
9.0,94.0,39.0
22.0,95.0,136.0
14.0,101.0,77.0
9.0,93.0,42.0
7.0,95.0,41.0
14.0,88.0,59.0
24.0,110.0,179.0
2.0,73.0,6.0
5.0,74.0,13.0
23.0,110.0,147.0
26.0,107.0,180.0
14.0,96.0,101.0
23.0,106.0,150.0
25.0,115.0,179.0
6.0,93.0,23.0
3.0,80.0,10.0
9.0,93.0,39.0
30.0,112.0,247.0
19.0,92.0,89.0
25.0,102.0,141.0
4.0,87.0,18.0
15.0,89.0,70.0
29.0,110.0,185.0
11.0,94.0,54.0
29.0,107.0,207.0
27.0,114.0,189.0
2.0,82.0,6.0
12.0,97.0,60.0
6.0,92.0,23.0
27.0,113.0,186.0
28.0,104.0,178.0
25.0,102.0,122.0
24.0,108.0,166.0
20.0,102.0,158.0
2.0,83.0,7.0
18.0,105.0,143.0
12.0,82.0,43.0
17.0,92.0,86.0
23.0,100.0,128.0
29.0,111.0,182.0
10.0,98.0,52.0
27.0,107.0,236.0
19.0,97.0,114.0
11.0,99.0,64.0
26.0,103.0,171.0
6.0,82.0,19.0
21.0,111.0,144.0
9.0,94.0,37.0
26.0,110.0,185.0
13.0,87.0,60.0
22.0,96.0,127.0
23.0,101.0,149.0
16.0,102.0,78.0
5.0,91.0,24.0
23.0,107.0,143.0
27.0,104.0,143.0
15.0,94.0,71.0
11.0,90.0,58.0
15.0,95.0,71.0
5.0,88.0,20.0
17.0,96.0,78.0
19.0,97.0,93.0
6.0,90.0,17.0
3.0,84.0,12.0
23.0,101.0,115.0
19.0,106.0,119.0
26.0,108.0,168.0
12.0,90.0,44.0
29.0,108.0,192.0
17.0,101.0,96.0
23.0,105.0,135.0
12.0,86.0,54.0
30.0,115.0,239.0
14.0,94.0,69.0
14.0,90.0,46.0
21.0,101.0,115.0
4.0,88.0,17.0
25.0,115.0,190.0
12.0,89.0,48.0
27.0,112.0,178.0
6.0,88.0,20.0
15.0,90.0,64.0
19.0,94.0,95.0
25.0,111.0,196.0
2.0,91.0,9.0
18.0,101.0,105.0
12.0,92.0,58.0
24.0,97.0,111.0
17.0,101.0,108.0
6.0,87.0,24.0
13.0,96.0,67.0
13.0,84.0,62.0
28.0,104.0,172.0
7.0,87.0,24.0
19.0,98.0,84.0
20.0,105.0,132.0
25.0,110.0,167.0
17.0,101.0,101.0
23.0,97.0,113.0
17.0,101.0,84.0
6.0,88.0,28.0
22.0,99.0,157.0
14.0,97.0,64.0
21.0,104.0,133.0
23.0,108.0,145.0
24.0,103.0,174.0
7.0,93.0,34.0
29.0,103.0,193.0
24.0,107.0,147.0
18.0,105.0,133.0
26.0,101.0,161.0
6.0,76.0,18.0
12.0,96.0,85.0
15.0,95.0,90.0
23.0,108.0,176.0
11.0,89.0,51.0
7.0,82.0,24.0
6.0,83.0,22.0
25.0,106.0,212.0
29.0,112.0,201.0
17.0,93.0,83.0
14.0,93.0,87.0
27.0,97.0,141.0
23.0,103.0,134.0
2.0,80.0,5.0
29.0,109.0,201.0
3.0,86.0,9.0
8.0,83.0,20.0
29.0,113.0,221.0
17.0,105.0,112.0
20.0,99.0,108.0
29.0,110.0,257.0
27.0,108.0,192.0
17.0,90.0,72.0
28.0,104.0,169.0
18.0,97.0,120.0
28.0,106.0,172.0
10.0,84.0,21.0
18.0,102.0,105.0
25.0,109.0,156.0
3.0,89.0,13.0
24.0,100.0,134.0
21.0,103.0,130.0
2.0,83.0,7.0
25.0,101.0,140.0
7.0,91.0,34.0
9.0,79.0,34.0
8.0,92.0,44.0
11.0,85.0,42.0
2.0,89.0,9.0
18.0,97.0,107.0
9.0,87.0,39.0
26.0,108.0,178.0
13.0,101.0,79.0
15.0,102.0,113.0
22.0,109.0,143.0
4.0,84.0,16.0
24.0,100.0,137.0
17.0,97.0,71.0
13.0,94.0,72.0
14.0,103.0,76.0
27.0,109.0,187.0
18.0,103.0,109.0
29.0,111.0,204.0
6.0,91.0,29.0
17.0,98.0,91.0
4.0,84.0,16.0
7.0,84.0,36.0
13.0,97.0,80.0
22.0,111.0,151.0
27.0,116.0,195.0
8.0,80.0,26.0
22.0,99.0,138.0
3.0,89.0,15.0
19.0,97.0,120.0
30.0,112.0,197.0
21.0,98.0,114.0
20.0,107.0,127.0
23.0,97.0,112.0
21.0,98.0,116.0
8.0,83.0,35.0
16.0,103.0,110.0
22.0,95.0,117.0
17.0,105.0,115.0
21.0,107.0,157.0
12.0,91.0,54.0
25.0,104.0,163.0
19.0,107.0,156.0
10.0,91.0,42.0
7.0,89.0,35.0
7.0,91.0,34.0
19.0,98.0,99.0
20.0,109.0,161.0
8.0,94.0,38.0
18.0,99.0,104.0
27.0,105.0,200.0
28.0,108.0,183.0
19.0,110.0,140.0
19.0,97.0,100.0
22.0,110.0,178.0
27.0,104.0,150.0
15.0,94.0,83.0
6.0,74.0,12.0
8.0,103.0,49.0
25.0,101.0,147.0
8.0,90.0,44.0
29.0,107.0,179.0
23.0,113.0,161.0
9.0,84.0,20.0
21.0,102.0,127.0
30.0,112.0,247.0
23.0,100.0,173.0
1.0,74.0,3.0
6.0,83.0,32.0
22.0,106.0,140.0
8.0,88.0,34.0
8.0,88.0,30.0
13.0,94.0,64.0
27.0,104.0,152.0
15.0,105.0,91.0
4.0,83.0,9.0
5.0,84.0,20.0
25.0,103.0,156.0
26.0,110.0,223.0
16.0,97.0,83.0
11.0,89.0,51.0
10.0,97.0,52.0
25.0,114.0,170.0
2.0,79.0,7.0
25.0,103.0,149.0
27.0,105.0,181.0
27.0,118.0,201.0
7.0,88.0,23.0
23.0,100.0,109.0
8.0,84.0,30.0
15.0,94.0,84.0
19.0,109.0,128.0
23.0,97.0,137.0
28.0,103.0,216.0
12.0,95.0,68.0
18.0,97.0,129.0
11.0,88.0,50.0
5.0,84.0,19.0
7.0,89.0,30.0
27.0,119.0,197.0
4.0,95.0,24.0
13.0,94.0,70.0
12.0,91.0,54.0
19.0,100.0,88.0
7.0,83.0,24.0
19.0,108.0,121.0
11.0,95.0,57.0
22.0,98.0,126.0
5.0,89.0,24.0
11.0,84.0,41.0
7.0,92.0,28.0
10.0,90.0,34.0
23.0,96.0,161.0
4.0,86.0,20.0
23.0,97.0,119.0
11.0,95.0,63.0
12.0,93.0,58.0
30.0,115.0,215.0
17.0,101.0,96.0
24.0,107.0,160.0
25.0,104.0,154.0
5.0,81.0,11.0
23.0,104.0,122.0
22.0,101.0,124.0
21.0,97.0,113.0
3.0,80.0,9.0
29.0,108.0,208.0
19.0,102.0,101.0
14.0,91.0,66.0
14.0,102.0,100.0
13.0,101.0,65.0
13.0,91.0,47.0
3.0,78.0,8.0
4.0,84.0,17.0
21.0,97.0,101.0
5.0,80.0,18.0
21.0,108.0,131.0
10.0,97.0,58.0
15.0,104.0,87.0
24.0,104.0,152.0
28.0,105.0,193.0
10.0,99.0,51.0
25.0,105.0,157.0
27.0,105.0,165.0
6.0,84.0,22.0
17.0,98.0,91.0
2.0,93.0,9.0
14.0,91.0,74.0
5.0,85.0,26.0
11.0,99.0,57.0
10.0,81.0,37.0
29.0,112.0,217.0
11.0,87.0,47.0
24.0,99.0,139.0
4.0,88.0,19.0
16.0,94.0,80.0
17.0,94.0,74.0
10.0,93.0,54.0
28.0,105.0,154.0
26.0,93.0,140.0
10.0,97.0,52.0
15.0,97.0,79.0
17.0,99.0,94.0
28.0,116.0,202.0
27.0,114.0,238.0
19.0,103.0,117.0
7.0,83.0,26.0
23.0,106.0,184.0
28.0,105.0,169.0
1.0,78.0,2.0
27.0,107.0,162.0
13.0,92.0,62.0
21.0,105.0,150.0
27.0,110.0,183.0
25.0,101.0,138.0
15.0,103.0,99.0
23.0,100.0,128.0
12.0,91.0,54.0
18.0,95.0,127.0
5.0,84.0,11.0
18.0,94.0,66.0
11.0,91.0,49.0
10.0,85.0,42.0
7.0,95.0,37.0
3.0,84.0,12.0
29.0,107.0,243.0
5.0,76.0,14.0
28.0,105.0,171.0
28.0,112.0,241.0
20.0,104.0,125.0
26.0,112.0,171.0
9.0,87.0,52.0
28.0,103.0,187.0
24.0,104.0,141.0
28.0,123.0,314.0
26.0,102.0,159.0
9.0,80.0,30.0
28.0,110.0,176.0
25.0,111.0,211.0
8.0,85.0,29.0
21.0,95.0,99.0
27.0,116.0,190.0
7.0,83.0,22.0
30.0,110.0,247.0
5.0,84.0,17.0
8.0,86.0,37.0
21.0,103.0,117.0
10.0,91.0,52.0
2.0,75.0,7.0
10.0,98.0,68.0
17.0,89.0,74.0
24.0,97.0,154.0
26.0,104.0,165.0
17.0,97.0,96.0
13.0,101.0,77.0
17.0,92.0,86.0
21.0,101.0,129.0
26.0,100.0,151.0
28.0,106.0,197.0
13.0,104.0,77.0
5.0,90.0,22.0
27.0,100.0,161.0
25.0,114.0,192.0
8.0,90.0,37.0
20.0,106.0,135.0
11.0,90.0,55.0
10.0,84.0,29.0
12.0,97.0,52.0
1.0,69.0,2.0
21.0,94.0,106.0
6.0,84.0,28.0
22.0,107.0,189.0
26.0,111.0,190.0
13.0,91.0,66.0
22.0,99.0,135.0
4.0,97.0,23.0
12.0,80.0,17.0
5.0,84.0,21.0
13.0,90.0,60.0
10.0,93.0,51.0
5.0,85.0,15.0
9.0,92.0,29.0
27.0,110.0,190.0
11.0,89.0,51.0
17.0,95.0,95.0
29.0,112.0,216.0
30.0,101.0,165.0
20.0,105.0,122.0
15.0,96.0,69.0
20.0,99.0,113.0
7.0,92.0,26.0
5.0,91.0,22.0
12.0,96.0,70.0
4.0,83.0,9.0
15.0,95.0,72.0
25.0,111.0,165.0
29.0,105.0,165.0
15.0,88.0,64.0
18.0,105.0,103.0
4.0,83.0,15.0
9.0,85.0,32.0
14.0,85.0,68.0
25.0,106.0,159.0
6.0,92.0,23.0
13.0,90.0,54.0
2.0,89.0,9.0
29.0,120.0,240.0
10.0,86.0,42.0
14.0,106.0,117.0
26.0,106.0,164.0
23.0,98.0,132.0
2.0,85.0,9.0
15.0,94.0,74.0
23.0,96.0,116.0
8.0,102.0,42.0
24.0,110.0,187.0
16.0,94.0,70.0
7.0,86.0,29.0
9.0,83.0,17.0
28.0,108.0,195.0
19.0,106.0,127.0
14.0,87.0,39.0
6.0,88.0,28.0
16.0,93.0,68.0
17.0,97.0,91.0
16.0,97.0,89.0
2.0,89.0,10.0
28.0,111.0,185.0
5.0,79.0,16.0
19.0,91.0,97.0
13.0,92.0,44.0
10.0,95.0,56.0
21.0,103.0,112.0
10.0,81.0,37.0
9.0,86.0,24.0
30.0,112.0,216.0
15.0,101.0,106.0
14.0,85.0,57.0
18.0,97.0,119.0
16.0,97.0,96.0
7.0,88.0,33.0
23.0,100.0,106.0
25.0,106.0,156.0
14.0,92.0,75.0
18.0,99.0,130.0
21.0,113.0,142.0
22.0,99.0,121.0
24.0,99.0,143.0
20.0,105.0,123.0
26.0,108.0,186.0
13.0,94.0,53.0
27.0,104.0,170.0
15.0,97.0,78.0
26.0,113.0,182.0
11.0,92.0,55.0
25.0,101.0,150.0
6.0,80.0,21.0
6.0,90.0,26.0
18.0,93.0,90.0
16.0,99.0,91.0
17.0,95.0,79.0
29.0,107.0,195.0
10.0,101.0,57.0
18.0,98.0,96.0
7.0,93.0,39.0
4.0,85.0,18.0
4.0,85.0,17.0
15.0,97.0,82.0
19.0,101.0,110.0
25.0,106.0,161.0
25.0,107.0,164.0
5.0,81.0,15.0
12.0,96.0,85.0
23.0,101.0,128.0
14.0,94.0,59.0
2.0,84.0,6.0
18.0,92.0,82.0
25.0,105.0,148.0
3.0,76.0,8.0
14.0,86.0,53.0
16.0,98.0,85.0
22.0,99.0,120.0
28.0,107.0,205.0
4.0,80.0,13.0
28.0,107.0,192.0
4.0,91.0,18.0
7.0,92.0,44.0
26.0,103.0,172.0
27.0,105.0,158.0
6.0,82.0,11.0
25.0,96.0,108.0
23.0,96.0,112.0
14.0,92.0,66.0
10.0,88.0,36.0
4.0,89.0,19.0
10.0,94.0,49.0
26.0,100.0,149.0
2.0,81.0,4.0
28.0,115.0,206.0
23.0,94.0,111.0
28.0,105.0,226.0
11.0,94.0,56.0
7.0,92.0,30.0
15.0,91.0,67.0
22.0,102.0,111.0
27.0,107.0,199.0
15.0,102.0,85.0
2.0,77.0,6.0
28.0,105.0,219.0
21.0,102.0,162.0
25.0,110.0,190.0
30.0,108.0,190.0
9.0,87.0,40.0
9.0,92.0,40.0
3.0,75.0,8.0
8.0,85.0,31.0
21.0,100.0,130.0
7.0,89.0,32.0
22.0,97.0,139.0
3.0,88.0,12.0
11.0,96.0,55.0
9.0,95.0,48.0
24.0,107.0,160.0
13.0,94.0,67.0
25.0,105.0,178.0
17.0,91.0,79.0
9.0,85.0,32.0
22.0,103.0,140.0
14.0,92.0,86.0
16.0,97.0,97.0
28.0,117.0,217.0
21.0,91.0,88.0
21.0,106.0,127.0
7.0,88.0,32.0
5.0,85.0,19.0
20.0,103.0,121.0
12.0,92.0,40.0
9.0,91.0,48.0
25.0,100.0,195.0
10.0,91.0,52.0
4.0,81.0,8.0
26.0,104.0,136.0
6.0,86.0,20.0
3.0,83.0,11.0
26.0,103.0,144.0
13.0,89.0,59.0
10.0,97.0,53.0
8.0,90.0,38.0
29.0,99.0,152.0
8.0,94.0,34.0
3.0,87.0,12.0
1.0,76.0,1.0
28.0,110.0,197.0
20.0,103.0,124.0
15.0,106.0,120.0
9.0,88.0,48.0
17.0,97.0,86.0
25.0,108.0,185.0
8.0,90.0,49.0
11.0,85.0,49.0
11.0,87.0,48.0
14.0,100.0,81.0
19.0,112.0,137.0
24.0,98.0,115.0
19.0,98.0,93.0
8.0,87.0,34.0
26.0,106.0,170.0
6.0,92.0,38.0
26.0,99.0,139.0
18.0,94.0,86.0
26.0,111.0,174.0
5.0,82.0,14.0
29.0,108.0,197.0
17.0,105.0,107.0
19.0,100.0,106.0
3.0,85.0,11.0
6.0,90.0,25.0
23.0,98.0,120.0
22.0,102.0,151.0
18.0,91.0,91.0
18.0,95.0,95.0
23.0,101.0,119.0
3.0,82.0,10.0
19.0,99.0,96.0
13.0,98.0,92.0
24.0,107.0,159.0
21.0,105.0,169.0
15.0,98.0,93.0
15.0,96.0,83.0
22.0,92.0,116.0
17.0,87.0,75.0
26.0,98.0,137.0
15.0,94.0,79.0
8.0,88.0,23.0
4.0,83.0,19.0
11.0,88.0,52.0
16.0,98.0,76.0
10.0,92.0,47.0
22.0,99.0,124.0
7.0,89.0,28.0
22.0,104.0,127.0
19.0,95.0,101.0
26.0,103.0,150.0
9.0,90.0,34.0
13.0,93.0,56.0
27.0,104.0,158.0
22.0,107.0,129.0
10.0,93.0,44.0
11.0,94.0,66.0
28.0,107.0,181.0
14.0,101.0,79.0
21.0,113.0,145.0
28.0,110.0,180.0
15.0,98.0,81.0
15.0,95.0,75.0
2.0,79.0,4.0
17.0,100.0,110.0
9.0,93.0,35.0
5.0,86.0,23.0
29.0,103.0,175.0
27.0,95.0,137.0
27.0,106.0,166.0
21.0,94.0,136.0
24.0,102.0,156.0
8.0,89.0,37.0
16.0,102.0,97.0
18.0,99.0,77.0
28.0,105.0,156.0
11.0,93.0,58.0
10.0,95.0,53.0
19.0,100.0,108.0
11.0,90.0,56.0
19.0,106.0,103.0
22.0,101.0,164.0
13.0,98.0,73.0
2.0,78.0,3.0
15.0,99.0,80.0
17.0,96.0,88.0
14.0,98.0,74.0
16.0,101.0,94.0
6.0,87.0,20.0
9.0,85.0,41.0
20.0,98.0,112.0
12.0,96.0,69.0
24.0,99.0,130.0
21.0,98.0,100.0
27.0,104.0,169.0
27.0,108.0,183.0
29.0,110.0,211.0
6.0,86.0,23.0
14.0,95.0,58.0
4.0,77.0,5.0
12.0,90.0,62.0
3.0,90.0,14.0
23.0,107.0,196.0
16.0,91.0,82.0
28.0,108.0,163.0
25.0,99.0,108.0
15.0,102.0,87.0
18.0,99.0,91.0
26.0,108.0,186.0
8.0,83.0,34.0
11.0,97.0,61.0
21.0,97.0,113.0
5.0,82.0,11.0
13.0,83.0,42.0
2.0,81.0,7.0
14.0,96.0,86.0
7.0,88.0,35.0
20.0,102.0,146.0
7.0,97.0,38.0
28.0,105.0,179.0
10.0,85.0,30.0
14.0,97.0,71.0
16.0,87.0,65.0
2.0,80.0,5.0
29.0,107.0,190.0
9.0,82.0,36.0
15.0,92.0,64.0
29.0,109.0,240.0
27.0,114.0,212.0
22.0,97.0,108.0
5.0,87.0,15.0
23.0,111.0,153.0
10.0,91.0,53.0
18.0,99.0,142.0
15.0,95.0,74.0
23.0,105.0,150.0
17.0,94.0,85.0
3.0,88.0,15.0
5.0,84.0,19.0
3.0,86.0,9.0
3.0,91.0,10.0
2.0,77.0,6.0
24.0,107.0,135.0
30.0,111.0,201.0
28.0,108.0,232.0
13.0,92.0,52.0
6.0,86.0,23.0
18.0,97.0,92.0
19.0,91.0,99.0
10.0,87.0,41.0
26.0,113.0,192.0
2.0,79.0,7.0
27.0,97.0,116.0
21.0,102.0,120.0
2.0,90.0,9.0
3.0,84.0,12.0
4.0,89.0,14.0
8.0,85.0,35.0
24.0,108.0,162.0
27.0,115.0,212.0
20.0,94.0,101.0
23.0,98.0,145.0
2.0,85.0,8.0
11.0,92.0,49.0
9.0,92.0,42.0
18.0,93.0,82.0
3.0,85.0,12.0
17.0,98.0,93.0
8.0,86.0,39.0
25.0,106.0,155.0
16.0,102.0,90.0
20.0,92.0,69.0
18.0,114.0,133.0
12.0,92.0,67.0
5.0,90.0,23.0
2.0,77.0,6.0
27.0,113.0,194.0
2.0,79.0,8.0
12.0,93.0,58.0
21.0,106.0,120.0
13.0,89.0,57.0
18.0,97.0,89.0
16.0,101.0,91.0
22.0,105.0,143.0
24.0,104.0,156.0
5.0,89.0,24.0
6.0,78.0,19.0
26.0,114.0,242.0
22.0,103.0,135.0
3.0,87.0,14.0
28.0,103.0,190.0
23.0,92.0,111.0
9.0,94.0,47.0
28.0,107.0,173.0
20.0,101.0,150.0
8.0,85.0,30.0
17.0,107.0,122.0
29.0,111.0,216.0
28.0,114.0,208.0
3.0,85.0,13.0
8.0,89.0,39.0
11.0,92.0,59.0
21.0,111.0,151.0
1.0,76.0,2.0
17.0,90.0,86.0
19.0,97.0,113.0
23.0,112.0,170.0
7.0,90.0,27.0
3.0,71.0,6.0
24.0,101.0,144.0
8.0,91.0,34.0
14.0,87.0,63.0
15.0,101.0,79.0
11.0,89.0,62.0
12.0,97.0,57.0
3.0,83.0,11.0
24.0,108.0,161.0
8.0,87.0,38.0
5.0,85.0,24.0
22.0,99.0,131.0
29.0,115.0,201.0
20.0,99.0,104.0
27.0,106.0,175.0
11.0,101.0,60.0
4.0,81.0,8.0
29.0,115.0,207.0
15.0,93.0,74.0
20.0,100.0,103.0
3.0,81.0,10.0
12.0,94.0,67.0
8.0,84.0,25.0
16.0,88.0,54.0
14.0,93.0,73.0
17.0,100.0,93.0
6.0,85.0,26.0
16.0,97.0,75.0
21.0,107.0,125.0
25.0,105.0,147.0
4.0,86.0,17.0
18.0,98.0,101.0
15.0,95.0,66.0
11.0,92.0,44.0
19.0,102.0,116.0
5.0,81.0,16.0
4.0,75.0,11.0
11.0,89.0,49.0
15.0,83.0,78.0
5.0,84.0,18.0
1.0,87.0,5.0
19.0,99.0,93.0
2.0,91.0,12.0
3.0,88.0,12.0
7.0,84.0,35.0
7.0,98.0,39.0
9.0,93.0,42.0
4.0,76.0,12.0
15.0,93.0,76.0
26.0,105.0,139.0
25.0,108.0,159.0
19.0,99.0,101.0
1.0,79.0,2.0
26.0,105.0,166.0
3.0,79.0,6.0
13.0,82.0,52.0
26.0,105.0,157.0
24.0,105.0,140.0
16.0,102.0,103.0
30.0,112.0,241.0
10.0,80.0,36.0
3.0,84.0,12.0
16.0,105.0,91.0
15.0,96.0,66.0
14.0,88.0,62.0
23.0,98.0,114.0
4.0,85.0,12.0
27.0,107.0,180.0
4.0,83.0,17.0
16.0,86.0,74.0
27.0,108.0,185.0
18.0,97.0,125.0
2.0,85.0,9.0
17.0,95.0,91.0
8.0,86.0,39.0
27.0,96.0,165.0
22.0,94.0,96.0
7.0,95.0,34.0
22.0,98.0,136.0
7.0,100.0,36.0
9.0,88.0,43.0
16.0,95.0,71.0
8.0,94.0,40.0
24.0,107.0,163.0
26.0,110.0,188.0
4.0,80.0,14.0
3.0,85.0,9.0
18.0,87.0,47.0
27.0,99.0,146.0
25.0,106.0,189.0
14.0,93.0,68.0
11.0,94.0,52.0
14.0,85.0,58.0
5.0,86.0,20.0
12.0,98.0,71.0
12.0,95.0,60.0
8.0,83.0,24.0
16.0,99.0,105.0
8.0,84.0,23.0
30.0,106.0,196.0
10.0,97.0,70.0
6.0,82.0,19.0
12.0,100.0,72.0
10.0,88.0,31.0
14.0,92.0,70.0
21.0,102.0,114.0
2.0,74.0,5.0
26.0,106.0,162.0
19.0,100.0,102.0
7.0,91.0,30.0
26.0,106.0,166.0
5.0,83.0,18.0
8.0,87.0,40.0
3.0,92.0,14.0
23.0,99.0,135.0
23.0,102.0,144.0
17.0,87.0,75.0
10.0,84.0,35.0
3.0,84.0,12.0
20.0,94.0,109.0
6.0,81.0,22.0
24.0,103.0,137.0
17.0,95.0,90.0
15.0,98.0,77.0
23.0,106.0,143.0
17.0,92.0,82.0
20.0,102.0,111.0
18.0,100.0,133.0
4.0,85.0,13.0
7.0,91.0,31.0
19.0,102.0,121.0
8.0,94.0,41.0
20.0,101.0,100.0
20.0,105.0,122.0
12.0,89.0,50.0
9.0,99.0,49.0
28.0,109.0,214.0
26.0,108.0,176.0
29.0,97.0,150.0
27.0,101.0,145.0
13.0,95.0,71.0
13.0,97.0,74.0
25.0,113.0,183.0
5.0,82.0,15.0
21.0,103.0,123.0
21.0,96.0,110.0
19.0,103.0,117.0
26.0,105.0,164.0
13.0,87.0,67.0
3.0,82.0,8.0
12.0,89.0,73.0
4.0,91.0,15.0
14.0,90.0,65.0
8.0,88.0,37.0
22.0,101.0,121.0
16.0,88.0,71.0
19.0,101.0,117.0
7.0,82.0,23.0
29.0,100.0,166.0
16.0,94.0,95.0
1.0,76.0,3.0
22.0,109.0,143.0
1.0,83.0,4.0
28.0,110.0,205.0
17.0,93.0,76.0
9.0,87.0,41.0
14.0,105.0,78.0
2.0,79.0,5.0
9.0,85.0,23.0
26.0,112.0,232.0
16.0,98.0,100.0
16.0,98.0,84.0
10.0,91.0,48.0
22.0,99.0,142.0
2.0,85.0,8.0
3.0,85.0,7.0
24.0,104.0,149.0
21.0,96.0,106.0
14.0,90.0,62.0
18.0,93.0,89.0
27.0,105.0,179.0
10.0,82.0,39.0
26.0,107.0,207.0
3.0,82.0,7.0
11.0,93.0,65.0
5.0,91.0,25.0
13.0,98.0,73.0
22.0,96.0,108.0
28.0,102.0,185.0
21.0,98.0,108.0
19.0,106.0,115.0
6.0,98.0,30.0
28.0,109.0,190.0
13.0,97.0,59.0
10.0,93.0,46.0
28.0,107.0,185.0
6.0,90.0,17.0
26.0,112.0,197.0
16.0,94.0,78.0
20.0,88.0,84.0
3.0,84.0,12.0
25.0,98.0,128.0
22.0,98.0,115.0
8.0,80.0,17.0
25.0,102.0,154.0
19.0,103.0,104.0
15.0,92.0,87.0
27.0,113.0,206.0
8.0,98.0,43.0
12.0,93.0,63.0
23.0,104.0,137.0
8.0,86.0,31.0
6.0,81.0,22.0
13.0,77.0,40.0
22.0,94.0,122.0
22.0,93.0,102.0
26.0,97.0,198.0
28.0,109.0,178.0
19.0,102.0,109.0
25.0,102.0,150.0
21.0,106.0,121.0
5.0,88.0,25.0
16.0,91.0,69.0
28.0,105.0,169.0
9.0,87.0,37.0
16.0,98.0,114.0
14.0,83.0,62.0
16.0,102.0,97.0
17.0,98.0,91.0
17.0,91.0,80.0
24.0,112.0,204.0
23.0,107.0,151.0
5.0,88.0,20.0
21.0,102.0,133.0
14.0,89.0,64.0
9.0,88.0,24.0
11.0,87.0,60.0
27.0,113.0,183.0
7.0,86.0,38.0
22.0,100.0,121.0
27.0,101.0,150.0
14.0,101.0,76.0
27.0,106.0,163.0
9.0,92.0,48.0
5.0,85.0,20.0
6.0,91.0,29.0
8.0,85.0,23.0
11.0,95.0,58.0
24.0,105.0,157.0
19.0,103.0,97.0
4.0,95.0,21.0
29.0,105.0,188.0
17.0,108.0,110.0
16.0,90.0,101.0
3.0,80.0,6.0
5.0,82.0,19.0
5.0,97.0,25.0
18.0,93.0,120.0
29.0,108.0,179.0
20.0,96.0,115.0
20.0,100.0,116.0
8.0,86.0,35.0
14.0,88.0,42.0
12.0,98.0,60.0
11.0,96.0,60.0
27.0,112.0,176.0
1.0,80.0,3.0
3.0,88.0,9.0
2.0,84.0,8.0
7.0,88.0,29.0
2.0,81.0,7.0
27.0,110.0,210.0
3.0,86.0,12.0
5.0,84.0,22.0
17.0,95.0,85.0
21.0,105.0,148.0
25.0,100.0,137.0
2.0,79.0,7.0
17.0,87.0,71.0
14.0,91.0,59.0
5.0,83.0,18.0
5.0,79.0,17.0
19.0,99.0,101.0
29.0,112.0,198.0
7.0,90.0,35.0
11.0,94.0,53.0
22.0,103.0,176.0
20.0,101.0,152.0
3.0,82.0,14.0
13.0,99.0,56.0
16.0,96.0,71.0
30.0,110.0,270.0
12.0,94.0,58.0
10.0,95.0,55.0
10.0,106.0,61.0
8.0,84.0,34.0
10.0,93.0,49.0
17.0,105.0,103.0
9.0,87.0,36.0
6.0,81.0,12.0
3.0,85.0,12.0
14.0,92.0,64.0
29.0,105.0,185.0
22.0,97.0,95.0
19.0,98.0,106.0
20.0,98.0,126.0
20.0,91.0,85.0
27.0,112.0,176.0
8.0,89.0,36.0
27.0,104.0,147.0
16.0,94.0,76.0
18.0,97.0,102.0
8.0,88.0,30.0
10.0,87.0,44.0
11.0,87.0,60.0
17.0,98.0,84.0
29.0,114.0,207.0
15.0,99.0,91.0
13.0,94.0,73.0
11.0,93.0,53.0
14.0,88.0,54.0
10.0,99.0,50.0
23.0,109.0,156.0
20.0,99.0,107.0
5.0,94.0,26.0
23.0,106.0,164.0
5.0,85.0,23.0
15.0,92.0,62.0
12.0,93.0,63.0
16.0,100.0,91.0
11.0,92.0,53.0
22.0,103.0,133.0
13.0,90.0,67.0
8.0,87.0,43.0
27.0,106.0,157.0
3.0,91.0,14.0
10.0,94.0,37.0
23.0,105.0,140.0
13.0,95.0,74.0
27.0,112.0,186.0
26.0,119.0,233.0
25.0,101.0,145.0
28.0,111.0,199.0
10.0,92.0,49.0
1.0,84.0,4.0
25.0,104.0,132.0
8.0,91.0,37.0
6.0,78.0,11.0
28.0,108.0,180.0
11.0,95.0,74.0
5.0,78.0,14.0
5.0,89.0,23.0
21.0,95.0,91.0
11.0,94.0,47.0
17.0,95.0,81.0
14.0,100.0,78.0
22.0,98.0,110.0
7.0,85.0,30.0
24.0,103.0,175.0
28.0,105.0,175.0
6.0,93.0,32.0
14.0,98.0,78.0
26.0,102.0,190.0
25.0,117.0,177.0
7.0,87.0,22.0
30.0,105.0,180.0
29.0,99.0,154.0
6.0,81.0,21.0
9.0,101.0,48.0
21.0,101.0,121.0
17.0,95.0,82.0
12.0,94.0,42.0
26.0,94.0,128.0
28.0,108.0,236.0
29.0,103.0,184.0
2.0,82.0,7.0
15.0,98.0,75.0
9.0,92.0,42.0
26.0,109.0,162.0
19.0,101.0,117.0
10.0,91.0,45.0
8.0,82.0,27.0
18.0,97.0,99.0
17.0,97.0,76.0
16.0,101.0,102.0
4.0,84.0,16.0
6.0,84.0,24.0
29.0,107.0,175.0
10.0,96.0,50.0
3.0,78.0,9.0
8.0,81.0,25.0
20.0,108.0,146.0
20.0,100.0,117.0
15.0,97.0,76.0
12.0,85.0,57.0
28.0,111.0,197.0
30.0,110.0,203.0
6.0,76.0,19.0
25.0,98.0,116.0
13.0,90.0,47.0
7.0,89.0,29.0
4.0,88.0,19.0
4.0,91.0,20.0
28.0,111.0,214.0
17.0,91.0,73.0
9.0,92.0,43.0
26.0,112.0,194.0
20.0,95.0,103.0
5.0,86.0,20.0
24.0,100.0,135.0
2.0,75.0,7.0
19.0,94.0,105.0
4.0,79.0,7.0
20.0,101.0,109.0
2.0,81.0,8.0
9.0,86.0,28.0
11.0,79.0,13.0
25.0,103.0,143.0
5.0,83.0,12.0
23.0,102.0,112.0
4.0,80.0,17.0
8.0,88.0,45.0
29.0,105.0,211.0
20.0,98.0,101.0
14.0,100.0,81.0
28.0,102.0,170.0
25.0,109.0,155.0
10.0,89.0,41.0
16.0,100.0,105.0
15.0,85.0,69.0
8.0,91.0,33.0
5.0,81.0,15.0
13.0,97.0,74.0
11.0,97.0,59.0
16.0,103.0,95.0
2.0,89.0,8.0
29.0,112.0,233.0
18.0,101.0,111.0
10.0,92.0,46.0
27.0,116.0,212.0
7.0,88.0,29.0
22.0,115.0,149.0
20.0,100.0,135.0
2.0,73.0,3.0
16.0,105.0,101.0
25.0,109.0,169.0
25.0,107.0,188.0
25.0,100.0,127.0
19.0,109.0,112.0
22.0,102.0,122.0
18.0,101.0,106.0
22.0,108.0,149.0
23.0,99.0,128.0
24.0,103.0,168.0
8.0,90.0,36.0
22.0,101.0,141.0
25.0,107.0,156.0
13.0,97.0,54.0
7.0,82.0,29.0
18.0,93.0,102.0
25.0,101.0,182.0
2.0,76.0,3.0
15.0,100.0,71.0
8.0,94.0,41.0
6.0,76.0,19.0
11.0,95.0,46.0
26.0,102.0,151.0
20.0,102.0,104.0
25.0,98.0,108.0
17.0,95.0,85.0
23.0,100.0,143.0
8.0,96.0,45.0
4.0,90.0,19.0
3.0,80.0,10.0
27.0,112.0,223.0
7.0,87.0,33.0
19.0,98.0,99.0
12.0,88.0,60.0
7.0,86.0,21.0
11.0,97.0,45.0
20.0,94.0,108.0
18.0,93.0,100.0
2.0,91.0,11.0
26.0,105.0,179.0
5.0,89.0,20.0
16.0,89.0,60.0
12.0,93.0,45.0
4.0,80.0,13.0
7.0,82.0,24.0
25.0,107.0,169.0
26.0,105.0,169.0
8.0,92.0,30.0
13.0,87.0,35.0
14.0,82.0,53.0
9.0,85.0,39.0
28.0,107.0,171.0
13.0,94.0,62.0
14.0,96.0,68.0
18.0,102.0,103.0
26.0,104.0,200.0
9.0,83.0,22.0
13.0,83.0,50.0
28.0,99.0,182.0
11.0,89.0,48.0
14.0,95.0,62.0
12.0,97.0,63.0
3.0,84.0,6.0
29.0,109.0,183.0
6.0,82.0,17.0
29.0,116.0,216.0
14.0,89.0,72.0
27.0,104.0,162.0
5.0,85.0,22.0
5.0,81.0,18.0
27.0,106.0,164.0
10.0,82.0,42.0
8.0,97.0,40.0
19.0,100.0,117.0
28.0,110.0,241.0
20.0,102.0,112.0
17.0,97.0,110.0
27.0,108.0,175.0
4.0,85.0,18.0
26.0,118.0,191.0
26.0,100.0,137.0
23.0,113.0,193.0
22.0,97.0,116.0
11.0,87.0,42.0
2.0,77.0,5.0
18.0,94.0,92.0
29.0,107.0,181.0
2.0,81.0,9.0
7.0,84.0,23.0
15.0,93.0,73.0
28.0,107.0,166.0
8.0,94.0,39.0
13.0,86.0,62.0
3.0,87.0,14.0
10.0,93.0,51.0
2.0,79.0,7.0
2.0,81.0,7.0
13.0,101.0,81.0
14.0,95.0,68.0
17.0,108.0,109.0
26.0,104.0,171.0
22.0,108.0,167.0
22.0,104.0,171.0
5.0,82.0,21.0
25.0,103.0,135.0
4.0,82.0,15.0
26.0,93.0,111.0
20.0,108.0,122.0
20.0,99.0,124.0
22.0,111.0,145.0
16.0,88.0,41.0
10.0,91.0,52.0
21.0,102.0,131.0
30.0,109.0,236.0
14.0,94.0,73.0
14.0,92.0,70.0
13.0,93.0,68.0
5.0,89.0,21.0
18.0,106.0,127.0
19.0,98.0,87.0
28.0,107.0,176.0
19.0,99.0,90.0
17.0,103.0,98.0
28.0,104.0,161.0
15.0,94.0,57.0
16.0,85.0,43.0
23.0,106.0,188.0
19.0,98.0,110.0
15.0,100.0,82.0
22.0,109.0,140.0
2.0,83.0,7.0
20.0,103.0,117.0
9.0,87.0,32.0
12.0,93.0,47.0
7.0,88.0,19.0
10.0,93.0,55.0
10.0,94.0,63.0
19.0,102.0,111.0
24.0,103.0,150.0
12.0,95.0,68.0
10.0,96.0,71.0
23.0,106.0,156.0
3.0,81.0,10.0
23.0,111.0,190.0
10.0,87.0,41.0
5.0,83.0,15.0
28.0,121.0,271.0
19.0,106.0,121.0
1.0,85.0,3.0
9.0,84.0,28.0
9.0,90.0,40.0
8.0,88.0,31.0
7.0,87.0,29.0
29.0,99.0,158.0
28.0,103.0,190.0
24.0,103.0,188.0
22.0,104.0,120.0
30.0,111.0,215.0
1.0,84.0,5.0
27.0,108.0,211.0
28.0,98.0,153.0
18.0,101.0,120.0
12.0,89.0,58.0
3.0,80.0,10.0
18.0,100.0,94.0
3.0,76.0,9.0
4.0,85.0,19.0
2.0,80.0,7.0
16.0,94.0,85.0
3.0,83.0,13.0
10.0,90.0,44.0
1.0,78.0,2.0
28.0,104.0,143.0
13.0,88.0,59.0
18.0,99.0,99.0
4.0,85.0,17.0
23.0,104.0,140.0
2.0,83.0,6.0
2.0,88.0,11.0
10.0,101.0,59.0
26.0,103.0,148.0
4.0,85.0,17.0
14.0,88.0,57.0
24.0,107.0,160.0
15.0,103.0,109.0
4.0,87.0,12.0
29.0,107.0,159.0
6.0,85.0,17.0
9.0,95.0,43.0
4.0,80.0,14.0
26.0,102.0,192.0
15.0,98.0,78.0
12.0,86.0,42.0
5.0,91.0,22.0
17.0,100.0,121.0
10.0,91.0,62.0
12.0,98.0,70.0
28.0,117.0,207.0
24.0,96.0,164.0
6.0,92.0,29.0
12.0,101.0,69.0
2.0,92.0,9.0
29.0,106.0,205.0
12.0,103.0,69.0
17.0,90.0,76.0
21.0,101.0,133.0
4.0,89.0,17.0
20.0,104.0,133.0
23.0,107.0,138.0
20.0,104.0,145.0
10.0,93.0,44.0
24.0,97.0,173.0
19.0,91.0,83.0
2.0,85.0,7.0
22.0,95.0,115.0
13.0,84.0,54.0
19.0,100.0,100.0
2.0,79.0,7.0
4.0,79.0,15.0
26.0,99.0,119.0
20.0,99.0,108.0
15.0,92.0,54.0
2.0,83.0,7.0
14.0,107.0,102.0
11.0,92.0,50.0
16.0,94.0,69.0
22.0,107.0,150.0
23.0,109.0,147.0
14.0,96.0,73.0
11.0,95.0,57.0
24.0,107.0,195.0
26.0,106.0,197.0
14.0,98.0,78.0
17.0,104.0,148.0
24.0,99.0,159.0
20.0,103.0,102.0
16.0,98.0,83.0
1.0,79.0,4.0
25.0,104.0,152.0
3.0,82.0,13.0
24.0,111.0,157.0
6.0,87.0,28.0
15.0,100.0,85.0
4.0,85.0,12.0
12.0,91.0,62.0
21.0,102.0,133.0
8.0,87.0,33.0
24.0,99.0,134.0
8.0,87.0,38.0
11.0,100.0,65.0
9.0,91.0,42.0
18.0,101.0,104.0
30.0,105.0,167.0
21.0,105.0,128.0
29.0,105.0,179.0
6.0,83.0,25.0
7.0,89.0,29.0
29.0,110.0,199.0
20.0,96.0,107.0
14.0,103.0,109.0
17.0,100.0,80.0
10.0,88.0,41.0
26.0,112.0,167.0
14.0,97.0,82.0
5.0,80.0,21.0
24.0,105.0,140.0
19.0,98.0,112.0
15.0,94.0,72.0
1.0,83.0,3.0
19.0,93.0,94.0
23.0,101.0,131.0
10.0,88.0,40.0
5.0,91.0,24.0
29.0,108.0,229.0
28.0,107.0,177.0
15.0,90.0,68.0
2.0,75.0,5.0
10.0,97.0,51.0
22.0,108.0,142.0
5.0,82.0,20.0
5.0,91.0,28.0
28.0,117.0,220.0
7.0,83.0,30.0
6.0,89.0,28.0
17.0,87.0,50.0
9.0,91.0,41.0
12.0,87.0,55.0
7.0,85.0,30.0
14.0,88.0,45.0
6.0,86.0,23.0
19.0,104.0,127.0
22.0,94.0,123.0
30.0,104.0,168.0
24.0,103.0,139.0
3.0,84.0,13.0
21.0,104.0,129.0
26.0,103.0,210.0
25.0,99.0,141.0
22.0,100.0,124.0
5.0,87.0,28.0
5.0,87.0,13.0
26.0,105.0,147.0
16.0,100.0,99.0
4.0,81.0,13.0
7.0,89.0,36.0
25.0,101.0,147.0
14.0,102.0,79.0
24.0,99.0,160.0
13.0,85.0,60.0
14.0,97.0,72.0
25.0,97.0,118.0
14.0,93.0,65.0
23.0,101.0,148.0
17.0,101.0,133.0
30.0,108.0,220.0
16.0,96.0,86.0
23.0,109.0,202.0
5.0,82.0,19.0
21.0,102.0,135.0
20.0,98.0,116.0
24.0,98.0,123.0
16.0,100.0,96.0
6.0,82.0,23.0
9.0,82.0,38.0
6.0,83.0,23.0
21.0,106.0,141.0
20.0,98.0,106.0
10.0,83.0,38.0
7.0,81.0,25.0
12.0,97.0,52.0
6.0,87.0,19.0
19.0,101.0,107.0
26.0,102.0,161.0
20.0,102.0,142.0
5.0,85.0,20.0
7.0,82.0,29.0
1.0,80.0,4.0
5.0,77.0,9.0
3.0,77.0,10.0
25.0,96.0,146.0
2.0,83.0,6.0
22.0,109.0,139.0
22.0,105.0,124.0
24.0,101.0,146.0
6.0,86.0,25.0
17.0,93.0,78.0
27.0,99.0,166.0
6.0,81.0,11.0
3.0,88.0,14.0
15.0,96.0,81.0
9.0,89.0,52.0
21.0,101.0,118.0
19.0,103.0,114.0
23.0,106.0,140.0
2.0,79.0,8.0
1.0,70.0,2.0
26.0,105.0,162.0
14.0,94.0,76.0
14.0,97.0,86.0
24.0,111.0,221.0
13.0,92.0,47.0
30.0,106.0,177.0
19.0,92.0,98.0
29.0,116.0,276.0
17.0,100.0,97.0
28.0,105.0,226.0
15.0,98.0,84.0
29.0,111.0,266.0
7.0,86.0,32.0
3.0,93.0,13.0
13.0,97.0,68.0
27.0,90.0,111.0
9.0,94.0,43.0
29.0,104.0,202.0
17.0,96.0,85.0
16.0,106.0,107.0
11.0,98.0,63.0
13.0,90.0,50.0
18.0,108.0,112.0
5.0,78.0,11.0
26.0,104.0,159.0
29.0,107.0,182.0
16.0,91.0,69.0
24.0,99.0,175.0
3.0,83.0,8.0
26.0,112.0,174.0
7.0,81.0,23.0
20.0,92.0,93.0
4.0,86.0,16.0
8.0,88.0,37.0
2.0,73.0,5.0
20.0,103.0,118.0
3.0,86.0,10.0
16.0,92.0,74.0
15.0,96.0,88.0
18.0,101.0,86.0
18.0,103.0,111.0
9.0,87.0,24.0
22.0,110.0,151.0
24.0,101.0,136.0
4.0,77.0,9.0
15.0,102.0,108.0
9.0,83.0,21.0
30.0,110.0,206.0
17.0,104.0,95.0
9.0,93.0,45.0
26.0,108.0,161.0
6.0,97.0,34.0
21.0,107.0,137.0
3.0,81.0,11.0
27.0,102.0,157.0
21.0,100.0,116.0
13.0,89.0,54.0
12.0,90.0,57.0
4.0,86.0,19.0
10.0,91.0,56.0
11.0,84.0,45.0
21.0,103.0,169.0
12.0,90.0,57.0
26.0,103.0,156.0
9.0,89.0,40.0
26.0,112.0,185.0
14.0,92.0,74.0
16.0,102.0,90.0
22.0,106.0,133.0
8.0,86.0,34.0
18.0,103.0,118.0
4.0,91.0,19.0
27.0,107.0,185.0
3.0,83.0,11.0
9.0,91.0,39.0
20.0,93.0,102.0
13.0,104.0,85.0
3.0,78.0,10.0
29.0,119.0,220.0
19.0,95.0,103.0
3.0,80.0,7.0
9.0,86.0,37.0
9.0,89.0,38.0
28.0,108.0,170.0
7.0,85.0,25.0
18.0,103.0,112.0
2.0,77.0,6.0
22.0,103.0,114.0
7.0,87.0,30.0
23.0,104.0,138.0
17.0,96.0,105.0
10.0,90.0,40.0
22.0,105.0,143.0
8.0,78.0,15.0
12.0,91.0,49.0
24.0,106.0,177.0
19.0,92.0,90.0
12.0,89.0,59.0
24.0,105.0,190.0
10.0,86.0,38.0
16.0,98.0,93.0
19.0,108.0,118.0
9.0,92.0,48.0
2.0,84.0,8.0
14.0,89.0,60.0
24.0,110.0,176.0
4.0,92.0,18.0
25.0,101.0,138.0
9.0,75.0,10.0
19.0,92.0,87.0
14.0,88.0,59.0
20.0,105.0,144.0
4.0,74.0,14.0
19.0,81.0,69.0
4.0,77.0,14.0
10.0,99.0,57.0
22.0,102.0,146.0
16.0,81.0,54.0
12.0,83.0,48.0
25.0,103.0,134.0
28.0,108.0,174.0
2.0,82.0,8.0
12.0,95.0,68.0
15.0,86.0,68.0
23.0,105.0,151.0
16.0,97.0,87.0
11.0,90.0,51.0
15.0,97.0,78.0
5.0,82.0,20.0
19.0,99.0,87.0
10.0,90.0,39.0
29.0,113.0,204.0
13.0,91.0,48.0
30.0,118.0,240.0
1.0,79.0,1.0
23.0,103.0,126.0
13.0,101.0,79.0
19.0,91.0,68.0
15.0,93.0,74.0
23.0,103.0,122.0
21.0,100.0,141.0
21.0,100.0,128.0
9.0,94.0,41.0
3.0,87.0,9.0
11.0,86.0,47.0
13.0,90.0,49.0
22.0,98.0,119.0
28.0,110.0,192.0
27.0,104.0,153.0
3.0,88.0,8.0
21.0,102.0,106.0
12.0,86.0,57.0
24.0,104.0,144.0
3.0,77.0,10.0
12.0,89.0,63.0
2.0,74.0,4.0
29.0,115.0,204.0
8.0,96.0,35.0
24.0,104.0,138.0
25.0,106.0,141.0
24.0,107.0,199.0
6.0,86.0,24.0
28.0,114.0,219.0
24.0,104.0,138.0
4.0,82.0,14.0
15.0,88.0,66.0
30.0,104.0,182.0
20.0,96.0,113.0
10.0,95.0,43.0
15.0,104.0,88.0
10.0,87.0,33.0
15.0,97.0,77.0
21.0,100.0,126.0
27.0,112.0,207.0
4.0,91.0,20.0
25.0,101.0,126.0
6.0,83.0,21.0
27.0,99.0,144.0
2.0,89.0,8.0
8.0,93.0,37.0
24.0,107.0,164.0
6.0,85.0,27.0
20.0,107.0,122.0
21.0,99.0,121.0
20.0,100.0,113.0
14.0,96.0,75.0
11.0,88.0,50.0
3.0,83.0,7.0
13.0,92.0,75.0
9.0,97.0,49.0
27.0,102.0,170.0
25.0,110.0,166.0
17.0,95.0,86.0
23.0,96.0,120.0
18.0,97.0,94.0
10.0,96.0,42.0
7.0,95.0,48.0
28.0,104.0,187.0
19.0,95.0,95.0
15.0,97.0,63.0
20.0,103.0,116.0
19.0,103.0,105.0
8.0,86.0,35.0
8.0,85.0,38.0
15.0,101.0,87.0
6.0,83.0,21.0
10.0,98.0,56.0
14.0,94.0,66.0
8.0,85.0,36.0
18.0,103.0,117.0
29.0,101.0,142.0
5.0,81.0,16.0
9.0,86.0,40.0
1.0,82.0,4.0
22.0,113.0,150.0
2.0,91.0,10.0
7.0,82.0,28.0
25.0,109.0,185.0
12.0,99.0,56.0
17.0,92.0,77.0
13.0,85.0,62.0
9.0,101.0,56.0
6.0,84.0,25.0
15.0,100.0,73.0
8.0,87.0,33.0
1.0,79.0,3.0
27.0,107.0,181.0
16.0,95.0,85.0
26.0,103.0,149.0
19.0,90.0,96.0
8.0,95.0,38.0
14.0,88.0,68.0
28.0,112.0,211.0
11.0,96.0,48.0
2.0,80.0,7.0
10.0,85.0,25.0
13.0,93.0,71.0
28.0,108.0,190.0
19.0,102.0,99.0
10.0,91.0,60.0
3.0,85.0,12.0
19.0,100.0,135.0
17.0,98.0,104.0
1.0,88.0,5.0
22.0,112.0,181.0
5.0,83.0,16.0
21.0,103.0,167.0
28.0,105.0,169.0
21.0,107.0,144.0
23.0,104.0,168.0
27.0,104.0,211.0
15.0,87.0,40.0
24.0,110.0,165.0
17.0,83.0,49.0
28.0,101.0,161.0
16.0,87.0,94.0
17.0,88.0,72.0
5.0,77.0,19.0
30.0,103.0,174.0
12.0,97.0,53.0
13.0,88.0,55.0
6.0,89.0,22.0
15.0,85.0,56.0
3.0,76.0,4.0
18.0,91.0,79.0
19.0,98.0,98.0
3.0,81.0,5.0
12.0,100.0,64.0
6.0,88.0,26.0
12.0,95.0,57.0
14.0,98.0,79.0
19.0,98.0,101.0
17.0,99.0,131.0
28.0,108.0,215.0
25.0,102.0,142.0
15.0,99.0,111.0
29.0,110.0,249.0
30.0,113.0,242.0
21.0,99.0,119.0
15.0,94.0,104.0
6.0,80.0,20.0
13.0,88.0,54.0
7.0,93.0,36.0
24.0,104.0,186.0
11.0,89.0,42.0
12.0,95.0,60.0
12.0,91.0,57.0
11.0,86.0,44.0
13.0,90.0,55.0
2.0,87.0,7.0
19.0,96.0,99.0
20.0,100.0,103.0
6.0,89.0,28.0
6.0,87.0,19.0
11.0,93.0,53.0
24.0,114.0,179.0
24.0,116.0,185.0
9.0,93.0,53.0
16.0,104.0,93.0
23.0,104.0,142.0
26.0,101.0,152.0
12.0,89.0,54.0
7.0,81.0,26.0
19.0,101.0,106.0
7.0,84.0,28.0
23.0,101.0,118.0
28.0,105.0,183.0
9.0,93.0,57.0
4.0,89.0,17.0
19.0,105.0,132.0
1.0,80.0,4.0
26.0,102.0,156.0
8.0,90.0,28.0
24.0,103.0,155.0
17.0,95.0,88.0
4.0,86.0,9.0
8.0,89.0,36.0
7.0,88.0,32.0
8.0,86.0,33.0
24.0,102.0,145.0
21.0,101.0,102.0
15.0,98.0,79.0
12.0,95.0,58.0
22.0,102.0,125.0
30.0,108.0,195.0
10.0,89.0,47.0
19.0,98.0,133.0
22.0,105.0,134.0
29.0,119.0,219.0
28.0,109.0,208.0
23.0,97.0,121.0
27.0,107.0,178.0
21.0,101.0,122.0
17.0,92.0,68.0
11.0,85.0,48.0
26.0,106.0,159.0
14.0,99.0,79.0
22.0,100.0,110.0
5.0,83.0,19.0
17.0,101.0,105.0
25.0,106.0,209.0
28.0,111.0,171.0
13.0,98.0,70.0
26.0,99.0,147.0
10.0,98.0,59.0
24.0,98.0,145.0
27.0,112.0,194.0
13.0,93.0,51.0
15.0,91.0,83.0
24.0,110.0,170.0
23.0,102.0,145.0
25.0,105.0,158.0
21.0,101.0,122.0
3.0,83.0,14.0
23.0,106.0,158.0
18.0,94.0,90.0
16.0,87.0,60.0
24.0,96.0,130.0
5.0,98.0,30.0
17.0,100.0,101.0
11.0,93.0,51.0
6.0,88.0,25.0
8.0,78.0,25.0
6.0,88.0,22.0
12.0,83.0,55.0
28.0,118.0,238.0
1.0,81.0,2.0
27.0,109.0,234.0
11.0,92.0,61.0
4.0,86.0,15.0
8.0,87.0,36.0
3.0,82.0,11.0
26.0,104.0,183.0
27.0,113.0,192.0
21.0,102.0,117.0
7.0,85.0,25.0
17.0,96.0,92.0
25.0,99.0,142.0
10.0,88.0,50.0
1.0,78.0,2.0
29.0,99.0,218.0
21.0,106.0,130.0
17.0,93.0,72.0
18.0,113.0,131.0
5.0,85.0,14.0
9.0,90.0,42.0
17.0,88.0,69.0
7.0,89.0,24.0
25.0,103.0,158.0
20.0,95.0,127.0
26.0,98.0,161.0
11.0,82.0,39.0
28.0,119.0,260.0
3.0,90.0,16.0
9.0,91.0,43.0
17.0,98.0,100.0
13.0,99.0,55.0
1.0,86.0,4.0
19.0,118.0,137.0
3.0,87.0,11.0
19.0,103.0,115.0
15.0,86.0,75.0
1.0,74.0,1.0
13.0,89.0,50.0
1.0,76.0,1.0
13.0,93.0,53.0
8.0,89.0,42.0
25.0,103.0,205.0
15.0,95.0,74.0
19.0,97.0,99.0
3.0,86.0,13.0
23.0,100.0,165.0
7.0,94.0,34.0
10.0,92.0,61.0
23.0,106.0,146.0
28.0,115.0,203.0
15.0,102.0,88.0
24.0,107.0,172.0
7.0,78.0,28.0
8.0,81.0,17.0
24.0,97.0,106.0
2.0,79.0,6.0
6.0,87.0,27.0
6.0,91.0,22.0
21.0,104.0,131.0
29.0,105.0,184.0
27.0,101.0,165.0
9.0,91.0,44.0
3.0,83.0,13.0
16.0,86.0,70.0
24.0,102.0,133.0
4.0,87.0,17.0
25.0,98.0,133.0
6.0,89.0,27.0
20.0,103.0,121.0
10.0,89.0,48.0
6.0,86.0,30.0
25.0,102.0,138.0
14.0,83.0,51.0
9.0,85.0,44.0
5.0,88.0,15.0
27.0,102.0,146.0
27.0,96.0,113.0
18.0,97.0,97.0
29.0,111.0,214.0
2.0,83.0,8.0
5.0,91.0,19.0
17.0,100.0,92.0
10.0,95.0,72.0
25.0,98.0,133.0
29.0,109.0,182.0
25.0,101.0,128.0
9.0,95.0,48.0
24.0,108.0,144.0
16.0,94.0,81.0
12.0,102.0,61.0
24.0,111.0,160.0
11.0,88.0,44.0
28.0,105.0,156.0
16.0,102.0,92.0
20.0,99.0,89.0
4.0,85.0,19.0
26.0,107.0,180.0
26.0,112.0,227.0
5.0,81.0,21.0
10.0,92.0,49.0
4.0,75.0,11.0
18.0,95.0,103.0
28.0,113.0,198.0
11.0,90.0,36.0
13.0,84.0,57.0
22.0,110.0,142.0
21.0,98.0,101.0
30.0,105.0,165.0
22.0,106.0,149.0
22.0,103.0,132.0
17.0,96.0,86.0
1.0,78.0,3.0
28.0,115.0,204.0
22.0,99.0,127.0
21.0,97.0,117.0
2.0,69.0,1.0
8.0,90.0,25.0
9.0,85.0,35.0
24.0,104.0,125.0
12.0,88.0,57.0
2.0,82.0,7.0
9.0,97.0,45.0
10.0,88.0,30.0
17.0,97.0,89.0
10.0,96.0,55.0
24.0,106.0,146.0
12.0,91.0,54.0
28.0,113.0,220.0
25.0,104.0,147.0
9.0,81.0,37.0
28.0,114.0,201.0
13.0,93.0,74.0
24.0,105.0,192.0
26.0,115.0,207.0
26.0,103.0,192.0
6.0,81.0,13.0
8.0,90.0,36.0
8.0,87.0,32.0
29.0,105.0,169.0
1.0,75.0,3.0
25.0,110.0,195.0
11.0,95.0,61.0
13.0,93.0,60.0
21.0,110.0,147.0
18.0,98.0,105.0
21.0,103.0,132.0
12.0,92.0,70.0
29.0,119.0,225.0
22.0,99.0,115.0
28.0,107.0,187.0
22.0,111.0,141.0
9.0,82.0,32.0
8.0,87.0,36.0
5.0,81.0,17.0
29.0,107.0,174.0
28.0,105.0,183.0
20.0,105.0,119.0
3.0,83.0,12.0
15.0,99.0,89.0
2.0,85.0,8.0
11.0,96.0,57.0
5.0,83.0,13.0
13.0,90.0,69.0
5.0,83.0,21.0
7.0,94.0,37.0
26.0,106.0,163.0
10.0,98.0,42.0
22.0,103.0,139.0
5.0,78.0,20.0
12.0,98.0,63.0
12.0,88.0,71.0
4.0,86.0,18.0
28.0,106.0,203.0
20.0,89.0,71.0
12.0,92.0,43.0
25.0,111.0,179.0
1.0,73.0,3.0
29.0,103.0,159.0
11.0,86.0,42.0
15.0,96.0,75.0
9.0,91.0,32.0
10.0,82.0,35.0
21.0,102.0,97.0
9.0,82.0,38.0
6.0,91.0,38.0
27.0,106.0,178.0
19.0,99.0,114.0
30.0,107.0,204.0
6.0,84.0,13.0
17.0,96.0,107.0
18.0,108.0,115.0
12.0,101.0,60.0
12.0,98.0,59.0
11.0,98.0,59.0
11.0,93.0,44.0
23.0,102.0,130.0
24.0,102.0,187.0
6.0,90.0,31.0
16.0,91.0,72.0
30.0,107.0,213.0
14.0,101.0,79.0
30.0,108.0,194.0
22.0,111.0,157.0
12.0,94.0,65.0
27.0,105.0,181.0
6.0,79.0,19.0
22.0,96.0,116.0
15.0,91.0,71.0
17.0,106.0,125.0
15.0,96.0,74.0
21.0,107.0,134.0
17.0,91.0,82.0
18.0,99.0,93.0
16.0,97.0,93.0
17.0,96.0,115.0
7.0,82.0,21.0
25.0,100.0,126.0
28.0,106.0,179.0
27.0,107.0,169.0
20.0,101.0,113.0
23.0,115.0,163.0
23.0,99.0,147.0
28.0,109.0,185.0
6.0,81.0,13.0
25.0,118.0,186.0
5.0,75.0,14.0
19.0,100.0,121.0
29.0,102.0,155.0
26.0,108.0,165.0
12.0,90.0,45.0
12.0,93.0,59.0
24.0,104.0,184.0
13.0,89.0,57.0
29.0,108.0,181.0
17.0,86.0,71.0
11.0,94.0,41.0
15.0,84.0,50.0
19.0,97.0,83.0
18.0,98.0,110.0
20.0,102.0,111.0
2.0,96.0,11.0
25.0,116.0,184.0
10.0,99.0,58.0
28.0,101.0,180.0
5.0,92.0,24.0
29.0,115.0,218.0
4.0,91.0,17.0
7.0,76.0,10.0
16.0,96.0,81.0
24.0,98.0,127.0
20.0,95.0,129.0
29.0,105.0,193.0
14.0,101.0,88.0
3.0,83.0,14.0
10.0,82.0,20.0
13.0,99.0,77.0
25.0,105.0,187.0
10.0,97.0,52.0
17.0,93.0,85.0
22.0,104.0,118.0
4.0,73.0,3.0
4.0,81.0,14.0
2.0,82.0,4.0
29.0,99.0,181.0
11.0,92.0,72.0
27.0,106.0,165.0
11.0,95.0,54.0
14.0,85.0,57.0
18.0,96.0,111.0
6.0,82.0,22.0
3.0,89.0,14.0
14.0,91.0,70.0
5.0,86.0,14.0
23.0,101.0,135.0
16.0,95.0,76.0
5.0,80.0,17.0
15.0,94.0,76.0
11.0,97.0,76.0
20.0,100.0,123.0
3.0,78.0,12.0
16.0,93.0,96.0
23.0,105.0,138.0
17.0,102.0,124.0
9.0,87.0,40.0
13.0,96.0,63.0
4.0,79.0,15.0
28.0,107.0,181.0
11.0,90.0,52.0
17.0,98.0,89.0
29.0,106.0,197.0
7.0,80.0,13.0
21.0,101.0,110.0
15.0,90.0,50.0
14.0,91.0,84.0
6.0,82.0,26.0
2.0,94.0,11.0
13.0,89.0,45.0
21.0,93.0,118.0
20.0,93.0,104.0
27.0,105.0,167.0
21.0,102.0,146.0
9.0,95.0,47.0
9.0,97.0,52.0
27.0,106.0,174.0
17.0,100.0,93.0
23.0,92.0,89.0
3.0,74.0,9.0
17.0,109.0,123.0
2.0,83.0,7.0
27.0,100.0,124.0
21.0,105.0,131.0
20.0,101.0,116.0
11.0,90.0,55.0
10.0,88.0,31.0
9.0,85.0,35.0
18.0,90.0,94.0
2.0,85.0,6.0
13.0,95.0,71.0
10.0,94.0,42.0
2.0,79.0,8.0
22.0,103.0,169.0
29.0,106.0,200.0
21.0,108.0,129.0
22.0,97.0,110.0
11.0,89.0,34.0
18.0,101.0,110.0
8.0,81.0,29.0
10.0,88.0,44.0
27.0,108.0,210.0
9.0,80.0,29.0
25.0,106.0,156.0
5.0,84.0,16.0
10.0,87.0,43.0
20.0,111.0,137.0
25.0,103.0,144.0
16.0,86.0,39.0
12.0,88.0,48.0
10.0,89.0,33.0
10.0,91.0,49.0
13.0,88.0,41.0
12.0,104.0,79.0
20.0,91.0,92.0
16.0,94.0,90.0
20.0,101.0,111.0
6.0,79.0,23.0
2.0,85.0,5.0
2.0,85.0,5.0
5.0,87.0,26.0
9.0,86.0,45.0
16.0,97.0,68.0
24.0,104.0,138.0
20.0,94.0,114.0
4.0,84.0,20.0
5.0,81.0,21.0
3.0,81.0,12.0
16.0,97.0,95.0
5.0,85.0,20.0
29.0,103.0,177.0
19.0,91.0,91.0
5.0,85.0,21.0
6.0,83.0,24.0
5.0,82.0,19.0
5.0,96.0,27.0
25.0,99.0,133.0
8.0,91.0,48.0
10.0,96.0,51.0
13.0,91.0,70.0
8.0,84.0,35.0
12.0,90.0,41.0
14.0,91.0,50.0
16.0,87.0,38.0
21.0,101.0,137.0
19.0,96.0,107.0
22.0,96.0,125.0
8.0,93.0,33.0
5.0,87.0,21.0
3.0,84.0,11.0
13.0,91.0,74.0
26.0,115.0,198.0
28.0,113.0,198.0
26.0,102.0,168.0
28.0,109.0,183.0
11.0,88.0,45.0
28.0,106.0,186.0
18.0,96.0,90.0
18.0,98.0,107.0
22.0,93.0,111.0
10.0,91.0,36.0
14.0,109.0,96.0
18.0,103.0,110.0
11.0,84.0,46.0
12.0,91.0,57.0
6.0,87.0,27.0
16.0,103.0,86.0
2.0,77.0,6.0
14.0,86.0,55.0
12.0,102.0,64.0
21.0,108.0,140.0
13.0,90.0,71.0
23.0,104.0,140.0
3.0,89.0,15.0
19.0,96.0,113.0
6.0,87.0,26.0
29.0,105.0,181.0
7.0,86.0,26.0
26.0,105.0,157.0
21.0,107.0,130.0
26.0,106.0,159.0
4.0,93.0,20.0
23.0,99.0,107.0
28.0,106.0,171.0
28.0,103.0,160.0
25.0,105.0,145.0
1.0,82.0,3.0
5.0,74.0,16.0
4.0,80.0,13.0
7.0,83.0,30.0
5.0,78.0,8.0
3.0,84.0,11.0
30.0,112.0,223.0
5.0,91.0,32.0
5.0,77.0,15.0
15.0,95.0,78.0
30.0,115.0,210.0
24.0,102.0,146.0
13.0,96.0,65.0
12.0,96.0,68.0
22.0,93.0,80.0
4.0,87.0,23.0
8.0,92.0,39.0
28.0,110.0,221.0
14.0,98.0,78.0
9.0,99.0,46.0
28.0,107.0,163.0
30.0,107.0,235.0
9.0,94.0,58.0
25.0,103.0,158.0
11.0,81.0,25.0
7.0,84.0,30.0
17.0,94.0,81.0
24.0,96.0,116.0
23.0,98.0,119.0
5.0,76.0,18.0
11.0,85.0,43.0
7.0,92.0,28.0
27.0,113.0,217.0
17.0,104.0,99.0
11.0,86.0,42.0
4.0,86.0,10.0
9.0,92.0,35.0
18.0,93.0,88.0
14.0,87.0,57.0
20.0,92.0,92.0
22.0,96.0,126.0
2.0,72.0,5.0
10.0,88.0,27.0
27.0,114.0,221.0
27.0,108.0,178.0
21.0,104.0,120.0
21.0,108.0,171.0
8.0,89.0,44.0
28.0,109.0,163.0
21.0,89.0,93.0
12.0,88.0,56.0
13.0,94.0,53.0
8.0,87.0,35.0
4.0,79.0,12.0
19.0,95.0,111.0
5.0,83.0,15.0
25.0,108.0,157.0
23.0,109.0,151.0
28.0,115.0,205.0
30.0,105.0,192.0
6.0,82.0,23.0
3.0,82.0,13.0
11.0,98.0,58.0
13.0,93.0,65.0
22.0,98.0,104.0
2.0,79.0,5.0
24.0,103.0,154.0
13.0,93.0,68.0
7.0,88.0,29.0
5.0,84.0,18.0
23.0,106.0,151.0
8.0,90.0,36.0
16.0,94.0,82.0
3.0,80.0,10.0
22.0,93.0,126.0
15.0,91.0,67.0
1.0,67.0,2.0
5.0,90.0,22.0
14.0,97.0,62.0
29.0,96.0,147.0
12.0,90.0,59.0
26.0,99.0,120.0
2.0,89.0,7.0
27.0,103.0,154.0
11.0,90.0,50.0
20.0,98.0,98.0
13.0,95.0,60.0
27.0,109.0,231.0
5.0,88.0,22.0
26.0,116.0,210.0
13.0,83.0,32.0
13.0,92.0,63.0
16.0,97.0,83.0
25.0,111.0,169.0
20.0,96.0,87.0
26.0,100.0,164.0
26.0,102.0,149.0
21.0,99.0,103.0
9.0,87.0,36.0
7.0,83.0,30.0
22.0,98.0,124.0
19.0,101.0,110.0
17.0,103.0,89.0
22.0,104.0,140.0
30.0,114.0,244.0
20.0,103.0,106.0
15.0,100.0,67.0
19.0,102.0,122.0
15.0,90.0,50.0
27.0,106.0,161.0
27.0,107.0,164.0
10.0,83.0,37.0
8.0,84.0,34.0
14.0,92.0,73.0
24.0,108.0,160.0
30.0,113.0,196.0
19.0,100.0,93.0
28.0,112.0,194.0
7.0,88.0,29.0
4.0,87.0,16.0
14.0,91.0,63.0
15.0,97.0,71.0
3.0,82.0,11.0
24.0,107.0,167.0
3.0,78.0,10.0
24.0,105.0,145.0
18.0,101.0,111.0
24.0,94.0,154.0
22.0,95.0,110.0
6.0,83.0,19.0
19.0,100.0,107.0
26.0,109.0,172.0
11.0,98.0,62.0
4.0,89.0,11.0
10.0,97.0,51.0
29.0,115.0,219.0
2.0,77.0,6.0
26.0,98.0,152.0
12.0,100.0,75.0
26.0,108.0,162.0
26.0,110.0,174.0
26.0,109.0,212.0
28.0,108.0,180.0
22.0,109.0,139.0
27.0,100.0,167.0
20.0,101.0,113.0
5.0,74.0,14.0
19.0,111.0,135.0
14.0,101.0,106.0
18.0,105.0,111.0
16.0,94.0,80.0
13.0,92.0,65.0
18.0,89.0,60.0
27.0,113.0,193.0
26.0,99.0,186.0
16.0,95.0,70.0
27.0,99.0,177.0
11.0,88.0,52.0
2.0,77.0,7.0
30.0,116.0,212.0
12.0,96.0,62.0
28.0,111.0,233.0
13.0,91.0,58.0
15.0,93.0,63.0
19.0,93.0,103.0
27.0,103.0,178.0
19.0,100.0,142.0
19.0,104.0,101.0
25.0,101.0,143.0
13.0,94.0,66.0
25.0,103.0,153.0
18.0,91.0,55.0
2.0,81.0,7.0
5.0,93.0,27.0
13.0,89.0,44.0
26.0,106.0,167.0
9.0,79.0,27.0
29.0,109.0,196.0
8.0,82.0,24.0
13.0,96.0,83.0
12.0,95.0,62.0
20.0,99.0,86.0
9.0,77.0,10.0
28.0,110.0,182.0
8.0,98.0,39.0
8.0,84.0,31.0
4.0,80.0,13.0
28.0,114.0,192.0
7.0,86.0,33.0
26.0,108.0,165.0
21.0,100.0,120.0
22.0,86.0,106.0
25.0,100.0,138.0
21.0,102.0,125.0
16.0,96.0,105.0
13.0,93.0,62.0
4.0,72.0,6.0
7.0,88.0,28.0
5.0,94.0,22.0
30.0,110.0,225.0
6.0,87.0,28.0
9.0,91.0,42.0
24.0,99.0,145.0
29.0,115.0,238.0
1.0,84.0,3.0
1.0,85.0,5.0
26.0,105.0,175.0
4.0,81.0,15.0
19.0,101.0,121.0
21.0,102.0,119.0
14.0,88.0,68.0
11.0,89.0,53.0
20.0,106.0,137.0
27.0,104.0,191.0
19.0,100.0,113.0
14.0,89.0,83.0
14.0,96.0,68.0
12.0,96.0,63.0
16.0,94.0,81.0
3.0,91.0,16.0
15.0,91.0,55.0
25.0,105.0,170.0
8.0,84.0,26.0
19.0,102.0,101.0
26.0,101.0,159.0
26.0,109.0,165.0
13.0,90.0,80.0
16.0,89.0,72.0
13.0,101.0,81.0
22.0,107.0,157.0
29.0,112.0,193.0
8.0,86.0,23.0
18.0,97.0,96.0
5.0,82.0,15.0
16.0,101.0,104.0
14.0,102.0,108.0
6.0,87.0,24.0
15.0,95.0,71.0
17.0,99.0,92.0
9.0,88.0,52.0
18.0,98.0,95.0
28.0,107.0,173.0
30.0,117.0,229.0
29.0,114.0,204.0
17.0,95.0,88.0
28.0,113.0,186.0
12.0,95.0,61.0
27.0,107.0,181.0
2.0,79.0,8.0
26.0,109.0,167.0
29.0,104.0,194.0
24.0,101.0,134.0
6.0,93.0,32.0
17.0,100.0,89.0
27.0,116.0,197.0
18.0,94.0,90.0
14.0,95.0,74.0
21.0,88.0,92.0
13.0,89.0,55.0
3.0,86.0,11.0
11.0,96.0,59.0
10.0,94.0,44.0
3.0,80.0,11.0
28.0,107.0,182.0
2.0,86.0,9.0
19.0,108.0,158.0
4.0,86.0,16.0
12.0,91.0,56.0
7.0,84.0,27.0
26.0,101.0,144.0
8.0,88.0,38.0
5.0,84.0,23.0
1.0,77.0,1.0
28.0,122.0,231.0
24.0,110.0,157.0
1.0,87.0,4.0
24.0,102.0,131.0
25.0,102.0,137.0
12.0,88.0,50.0
3.0,79.0,8.0
22.0,105.0,129.0
16.0,96.0,74.0
11.0,85.0,35.0
3.0,86.0,16.0
30.0,101.0,192.0
19.0,103.0,111.0
29.0,110.0,198.0
27.0,110.0,178.0
7.0,98.0,35.0
18.0,86.0,75.0
24.0,111.0,164.0
14.0,100.0,78.0
6.0,83.0,21.0
13.0,89.0,64.0
25.0,99.0,174.0
19.0,99.0,116.0
17.0,109.0,99.0
27.0,110.0,233.0
10.0,94.0,67.0
2.0,72.0,1.0
19.0,92.0,91.0
8.0,86.0,34.0
4.0,83.0,16.0
5.0,89.0,17.0
14.0,90.0,74.0
15.0,90.0,65.0
26.0,102.0,172.0
21.0,103.0,122.0
22.0,110.0,146.0
5.0,81.0,20.0
14.0,99.0,69.0
30.0,101.0,219.0
16.0,108.0,101.0
17.0,92.0,87.0
13.0,93.0,57.0
22.0,103.0,127.0
29.0,105.0,180.0
15.0,93.0,78.0
5.0,90.0,25.0
3.0,83.0,15.0
18.0,101.0,103.0
26.0,105.0,187.0
2.0,85.0,10.0
18.0,99.0,89.0
6.0,89.0,24.0
22.0,107.0,133.0
25.0,98.0,141.0
20.0,99.0,102.0
5.0,84.0,26.0
4.0,86.0,10.0
1.0,80.0,3.0
2.0,76.0,7.0
24.0,105.0,150.0
5.0,78.0,22.0
7.0,85.0,27.0
10.0,94.0,52.0
12.0,97.0,77.0
12.0,97.0,63.0
8.0,89.0,35.0
14.0,90.0,65.0
20.0,100.0,110.0
15.0,97.0,83.0
16.0,92.0,77.0
3.0,83.0,11.0
22.0,104.0,181.0
25.0,108.0,156.0
1.0,73.0,3.0
11.0,84.0,47.0
21.0,103.0,167.0
27.0,103.0,164.0
28.0,114.0,219.0
27.0,107.0,193.0
18.0,94.0,100.0
7.0,90.0,38.0
5.0,83.0,15.0
5.0,89.0,20.0
9.0,85.0,30.0
17.0,97.0,104.0
26.0,100.0,176.0
20.0,98.0,104.0
5.0,89.0,27.0
12.0,93.0,52.0
7.0,89.0,30.0
9.0,89.0,24.0
24.0,108.0,153.0
22.0,111.0,151.0
4.0,90.0,16.0
16.0,96.0,80.0
21.0,103.0,160.0
8.0,95.0,43.0
25.0,104.0,180.0
16.0,101.0,120.0
21.0,94.0,99.0
27.0,107.0,230.0
20.0,103.0,108.0
27.0,116.0,191.0
24.0,117.0,197.0
10.0,92.0,46.0
17.0,101.0,92.0
4.0,72.0,4.0
29.0,111.0,198.0
27.0,111.0,217.0
2.0,87.0,9.0
9.0,83.0,31.0
8.0,88.0,38.0
23.0,109.0,145.0
15.0,92.0,80.0
29.0,106.0,202.0
25.0,110.0,168.0
6.0,87.0,19.0
19.0,111.0,124.0
22.0,96.0,103.0
19.0,100.0,94.0
15.0,98.0,77.0
21.0,103.0,125.0
6.0,86.0,22.0
26.0,94.0,135.0
12.0,90.0,56.0
27.0,99.0,163.0
25.0,110.0,162.0
26.0,93.0,104.0
20.0,108.0,132.0
13.0,86.0,62.0
1.0,83.0,4.0
13.0,99.0,74.0
20.0,92.0,95.0
11.0,94.0,61.0
25.0,109.0,155.0
15.0,101.0,85.0
3.0,84.0,12.0
12.0,90.0,50.0
12.0,94.0,55.0
30.0,104.0,184.0
19.0,104.0,113.0
17.0,88.0,70.0
27.0,109.0,244.0
1.0,87.0,4.0
24.0,97.0,133.0
17.0,101.0,130.0
5.0,86.0,16.0
12.0,89.0,51.0
30.0,118.0,230.0
8.0,92.0,39.0
7.0,88.0,30.0
24.0,104.0,140.0
16.0,99.0,83.0
21.0,108.0,137.0
9.0,96.0,48.0
16.0,97.0,111.0
14.0,97.0,75.0
3.0,76.0,9.0
3.0,67.0,5.0
3.0,81.0,10.0
21.0,110.0,177.0
11.0,91.0,39.0
3.0,78.0,9.0
27.0,101.0,167.0
29.0,115.0,227.0
18.0,97.0,72.0
28.0,112.0,199.0
4.0,80.0,11.0
10.0,91.0,40.0
15.0,87.0,63.0
22.0,90.0,93.0
23.0,100.0,133.0
27.0,107.0,161.0
16.0,99.0,95.0
22.0,102.0,131.0
26.0,105.0,173.0
6.0,80.0,24.0
5.0,77.0,20.0
26.0,107.0,158.0
24.0,105.0,140.0
11.0,87.0,49.0
23.0,110.0,195.0
19.0,98.0,77.0
23.0,107.0,173.0
4.0,77.0,11.0
12.0,98.0,78.0
19.0,100.0,104.0
27.0,102.0,151.0
14.0,87.0,53.0
15.0,96.0,102.0
8.0,82.0,24.0
5.0,80.0,20.0
19.0,97.0,101.0
22.0,108.0,141.0
14.0,98.0,77.0
19.0,104.0,118.0
21.0,100.0,103.0
29.0,100.0,139.0
4.0,87.0,16.0
9.0,83.0,38.0
28.0,104.0,228.0
21.0,102.0,162.0
2.0,83.0,7.0
22.0,101.0,134.0
20.0,98.0,85.0
14.0,99.0,78.0
10.0,85.0,41.0
29.0,106.0,179.0
17.0,98.0,84.0
18.0,103.0,128.0
12.0,97.0,65.0
10.0,90.0,42.0
23.0,96.0,117.0
20.0,105.0,137.0
29.0,110.0,189.0
7.0,92.0,36.0
22.0,99.0,130.0
14.0,98.0,68.0
13.0,90.0,55.0
28.0,105.0,164.0
8.0,87.0,33.0
28.0,111.0,183.0
9.0,83.0,39.0
18.0,94.0,77.0
13.0,94.0,56.0
9.0,80.0,18.0
16.0,98.0,73.0
25.0,104.0,138.0
19.0,105.0,117.0
24.0,104.0,156.0
15.0,96.0,77.0
22.0,101.0,124.0
23.0,101.0,151.0
12.0,101.0,58.0
16.0,91.0,54.0
23.0,108.0,133.0
4.0,80.0,7.0
20.0,109.0,136.0
16.0,94.0,58.0
24.0,106.0,159.0
25.0,106.0,156.0
13.0,97.0,73.0
28.0,99.0,155.0
21.0,99.0,111.0
6.0,87.0,23.0
4.0,76.0,10.0
9.0,100.0,63.0
5.0,85.0,13.0
8.0,84.0,30.0
11.0,98.0,60.0
23.0,98.0,125.0
26.0,111.0,188.0
11.0,88.0,50.0
29.0,105.0,176.0
12.0,96.0,58.0
21.0,94.0,90.0
18.0,86.0,85.0
7.0,80.0,15.0
10.0,99.0,54.0
8.0,90.0,34.0
24.0,99.0,115.0
9.0,90.0,39.0
19.0,99.0,98.0
17.0,97.0,72.0
27.0,109.0,196.0
24.0,94.0,116.0
12.0,96.0,60.0
28.0,105.0,158.0
29.0,107.0,223.0
13.0,87.0,60.0
15.0,103.0,91.0
2.0,86.0,8.0
24.0,109.0,169.0
30.0,104.0,181.0
13.0,101.0,78.0
27.0,114.0,193.0
4.0,88.0,17.0
21.0,102.0,105.0
29.0,103.0,169.0
27.0,105.0,148.0
5.0,83.0,18.0
16.0,90.0,73.0
4.0,86.0,19.0
28.0,103.0,192.0
12.0,85.0,60.0
15.0,98.0,86.0
27.0,101.0,161.0
23.0,107.0,155.0
15.0,88.0,43.0
19.0,102.0,109.0
16.0,87.0,47.0
24.0,112.0,164.0
11.0,100.0,62.0
24.0,102.0,141.0
10.0,85.0,49.0
10.0,89.0,44.0
10.0,89.0,53.0
8.0,90.0,47.0
7.0,87.0,28.0
25.0,102.0,177.0
2.0,82.0,4.0
13.0,91.0,57.0
15.0,96.0,71.0
20.0,102.0,157.0
21.0,103.0,135.0
26.0,111.0,183.0
17.0,98.0,91.0
16.0,94.0,100.0
6.0,83.0,22.0
20.0,101.0,108.0
6.0,83.0,23.0
15.0,95.0,98.0
4.0,84.0,13.0
19.0,98.0,135.0
7.0,95.0,37.0
14.0,82.0,58.0
11.0,99.0,70.0
26.0,111.0,178.0
9.0,90.0,39.0
3.0,77.0,5.0
9.0,90.0,29.0
26.0,103.0,158.0
18.0,104.0,107.0
22.0,99.0,121.0
20.0,101.0,106.0
18.0,107.0,112.0
11.0,84.0,41.0
25.0,109.0,171.0
8.0,91.0,28.0
11.0,89.0,38.0
17.0,96.0,91.0
13.0,100.0,75.0
2.0,84.0,8.0
26.0,107.0,166.0
16.0,110.0,118.0
14.0,92.0,54.0
22.0,106.0,142.0
4.0,79.0,13.0
10.0,91.0,43.0
13.0,84.0,53.0
3.0,81.0,11.0
28.0,112.0,246.0
26.0,109.0,171.0
24.0,109.0,152.0
30.0,117.0,238.0
2.0,81.0,7.0
27.0,103.0,171.0
13.0,93.0,62.0
22.0,101.0,150.0
1.0,86.0,3.0
14.0,93.0,66.0
26.0,102.0,164.0
30.0,115.0,208.0
16.0,102.0,88.0
23.0,112.0,152.0
8.0,91.0,37.0
22.0,102.0,128.0
12.0,79.0,23.0
14.0,92.0,80.0
10.0,93.0,42.0
4.0,85.0,14.0
23.0,108.0,184.0
20.0,90.0,98.0
9.0,92.0,48.0
26.0,104.0,159.0
20.0,98.0,99.0
21.0,109.0,140.0
22.0,105.0,137.0
21.0,101.0,129.0
28.0,108.0,186.0
19.0,99.0,108.0
13.0,86.0,61.0
16.0,97.0,93.0
10.0,85.0,35.0
15.0,95.0,82.0
18.0,96.0,74.0
4.0,88.0,16.0
11.0,92.0,43.0
4.0,83.0,13.0
29.0,107.0,188.0
18.0,100.0,95.0
3.0,92.0,16.0
2.0,81.0,7.0
17.0,101.0,115.0
18.0,102.0,102.0
3.0,83.0,7.0
11.0,87.0,51.0
8.0,94.0,42.0
15.0,88.0,61.0
19.0,95.0,97.0
1.0,76.0,3.0
23.0,100.0,114.0
2.0,83.0,7.0
21.0,100.0,100.0
8.0,88.0,28.0
14.0,98.0,73.0
4.0,93.0,17.0
8.0,94.0,44.0
26.0,104.0,152.0
21.0,105.0,125.0
27.0,102.0,175.0
29.0,108.0,168.0
20.0,100.0,122.0
13.0,95.0,53.0
15.0,91.0,70.0
8.0,79.0,28.0
12.0,83.0,47.0
5.0,87.0,24.0
26.0,103.0,195.0
24.0,109.0,187.0
25.0,113.0,181.0
24.0,100.0,156.0
18.0,98.0,126.0
6.0,86.0,28.0
3.0,84.0,11.0
1.0,80.0,3.0
22.0,102.0,124.0
26.0,101.0,153.0
2.0,76.0,7.0
29.0,110.0,186.0
14.0,89.0,61.0
22.0,104.0,133.0
27.0,107.0,182.0
19.0,94.0,83.0
11.0,95.0,54.0
24.0,105.0,147.0
24.0,104.0,142.0
15.0,102.0,76.0
14.0,95.0,73.0
23.0,100.0,146.0
23.0,106.0,141.0
29.0,109.0,257.0
12.0,92.0,53.0
5.0,86.0,17.0
13.0,94.0,70.0
27.0,100.0,165.0
17.0,102.0,116.0
10.0,88.0,42.0
9.0,91.0,38.0
23.0,110.0,156.0
7.0,93.0,33.0
23.0,93.0,125.0
3.0,82.0,12.0
28.0,106.0,172.0
28.0,96.0,140.0
13.0,101.0,74.0
16.0,99.0,86.0
22.0,106.0,140.0
8.0,88.0,34.0
14.0,91.0,64.0
16.0,94.0,74.0
23.0,108.0,146.0
16.0,100.0,77.0
23.0,106.0,155.0
16.0,100.0,91.0
24.0,100.0,127.0
3.0,93.0,14.0
19.0,95.0,94.0
11.0,98.0,58.0
6.0,91.0,26.0
6.0,80.0,23.0
21.0,107.0,130.0
21.0,96.0,106.0
18.0,105.0,112.0
10.0,93.0,57.0
6.0,86.0,20.0
22.0,90.0,96.0
22.0,107.0,136.0
6.0,89.0,26.0
3.0,92.0,14.0
25.0,102.0,149.0
5.0,85.0,23.0
18.0,99.0,112.0
17.0,103.0,121.0
3.0,86.0,13.0
13.0,91.0,72.0
22.0,98.0,122.0
13.0,98.0,53.0
25.0,108.0,182.0
17.0,102.0,93.0
10.0,89.0,31.0
14.0,94.0,65.0
9.0,88.0,37.0
20.0,100.0,125.0
28.0,106.0,171.0
15.0,93.0,96.0
22.0,103.0,147.0
4.0,86.0,18.0
21.0,104.0,136.0
11.0,87.0,47.0
25.0,103.0,157.0
10.0,94.0,54.0
28.0,111.0,186.0
19.0,97.0,136.0
4.0,88.0,17.0
5.0,79.0,13.0
6.0,86.0,17.0
3.0,83.0,12.0
3.0,78.0,5.0
18.0,98.0,125.0
11.0,97.0,56.0
27.0,100.0,147.0
24.0,99.0,141.0
19.0,100.0,95.0
21.0,88.0,88.0
11.0,86.0,41.0
19.0,96.0,112.0
21.0,98.0,110.0
24.0,111.0,174.0
29.0,110.0,175.0
15.0,92.0,79.0
18.0,93.0,101.0
25.0,99.0,140.0
3.0,84.0,12.0
8.0,89.0,36.0
24.0,101.0,161.0
23.0,106.0,184.0
26.0,114.0,181.0
25.0,114.0,183.0
23.0,99.0,127.0
12.0,96.0,53.0
3.0,82.0,10.0
23.0,104.0,150.0
6.0,92.0,28.0
3.0,81.0,9.0
23.0,92.0,105.0
2.0,86.0,9.0
13.0,98.0,62.0
18.0,90.0,57.0
21.0,97.0,106.0
16.0,92.0,100.0
22.0,95.0,82.0
7.0,82.0,21.0
29.0,110.0,229.0
20.0,100.0,90.0
2.0,77.0,3.0
20.0,101.0,106.0
17.0,95.0,85.0
16.0,99.0,92.0
28.0,104.0,171.0
6.0,87.0,29.0
29.0,108.0,191.0
19.0,97.0,102.0
4.0,94.0,24.0
9.0,90.0,50.0
21.0,107.0,146.0
3.0,81.0,11.0
5.0,82.0,19.0
11.0,90.0,37.0
5.0,89.0,28.0
13.0,82.0,45.0
19.0,99.0,99.0
25.0,98.0,130.0
4.0,71.0,11.0
19.0,96.0,91.0
6.0,85.0,22.0
16.0,91.0,65.0
19.0,105.0,114.0
1.0,90.0,5.0
9.0,101.0,56.0
20.0,109.0,127.0
3.0,89.0,13.0
28.0,113.0,260.0
2.0,81.0,6.0
15.0,93.0,66.0
17.0,101.0,95.0
25.0,105.0,139.0
13.0,96.0,66.0
28.0,108.0,191.0
13.0,98.0,69.0
26.0,109.0,217.0
14.0,99.0,78.0
27.0,108.0,180.0
19.0,105.0,153.0
6.0,84.0,24.0
14.0,94.0,65.0
6.0,90.0,30.0
25.0,103.0,134.0
17.0,100.0,95.0
16.0,87.0,73.0
6.0,82.0,21.0
21.0,111.0,183.0
22.0,96.0,117.0
19.0,98.0,131.0
13.0,82.0,56.0
8.0,97.0,42.0
22.0,101.0,166.0
5.0,79.0,19.0
14.0,89.0,63.0
7.0,90.0,30.0
3.0,83.0,10.0
14.0,91.0,72.0
27.0,99.0,141.0
21.0,101.0,126.0
17.0,91.0,74.0
16.0,100.0,91.0
29.0,114.0,199.0
15.0,92.0,78.0
7.0,87.0,28.0
11.0,90.0,52.0
11.0,88.0,51.0
1.0,77.0,3.0
25.0,94.0,157.0
25.0,109.0,174.0
1.0,77.0,2.0
21.0,101.0,120.0
4.0,76.0,10.0
14.0,93.0,66.0
19.0,97.0,111.0
19.0,98.0,106.0
24.0,104.0,153.0
17.0,95.0,94.0
14.0,81.0,60.0
8.0,86.0,32.0
20.0,105.0,132.0
13.0,91.0,57.0
7.0,84.0,26.0
8.0,90.0,37.0
21.0,97.0,97.0
16.0,100.0,88.0
24.0,105.0,128.0
26.0,112.0,172.0
12.0,95.0,64.0
21.0,106.0,146.0
19.0,99.0,109.0
16.0,94.0,76.0
27.0,106.0,183.0
25.0,105.0,149.0
30.0,105.0,176.0
29.0,112.0,200.0
8.0,81.0,27.0
4.0,98.0,22.0
17.0,95.0,86.0
9.0,91.0,44.0
8.0,81.0,25.0
11.0,92.0,56.0
13.0,94.0,73.0
22.0,107.0,133.0
5.0,91.0,23.0
14.0,87.0,70.0
26.0,97.0,117.0
4.0,94.0,20.0
29.0,110.0,192.0
26.0,104.0,191.0
18.0,96.0,99.0
28.0,102.0,206.0
26.0,89.0,110.0
26.0,106.0,155.0
17.0,92.0,80.0
21.0,105.0,140.0
7.0,87.0,19.0
27.0,125.0,295.0
14.0,95.0,60.0
16.0,100.0,98.0
29.0,112.0,215.0
27.0,103.0,147.0
20.0,100.0,120.0
16.0,93.0,63.0
15.0,98.0,62.0
26.0,101.0,143.0
26.0,110.0,173.0
27.0,111.0,227.0
3.0,82.0,11.0
1.0,76.0,4.0
14.0,96.0,79.0
14.0,93.0,55.0
11.0,90.0,54.0
5.0,85.0,16.0
13.0,95.0,72.0
3.0,85.0,13.0
26.0,100.0,139.0
10.0,83.0,37.0
19.0,95.0,88.0
4.0,78.0,7.0
28.0,101.0,156.0
24.0,108.0,175.0
22.0,105.0,140.0
11.0,95.0,55.0
1.0,85.0,3.0
20.0,94.0,93.0
6.0,89.0,26.0
9.0,87.0,37.0
22.0,97.0,99.0
20.0,103.0,142.0
29.0,106.0,177.0
8.0,89.0,40.0
7.0,85.0,26.0
8.0,83.0,31.0
20.0,101.0,120.0
5.0,90.0,22.0
20.0,100.0,130.0
20.0,100.0,146.0
18.0,95.0,87.0
14.0,88.0,60.0
2.0,84.0,4.0
12.0,87.0,50.0
13.0,91.0,62.0
27.0,108.0,161.0
12.0,93.0,57.0
12.0,92.0,66.0
16.0,92.0,62.0
12.0,89.0,45.0
25.0,103.0,144.0
20.0,104.0,110.0
16.0,86.0,44.0
4.0,84.0,15.0
24.0,103.0,134.0
27.0,109.0,165.0
8.0,101.0,45.0
20.0,101.0,145.0
5.0,79.0,17.0
16.0,92.0,72.0
26.0,110.0,218.0
25.0,99.0,179.0
15.0,83.0,55.0
28.0,108.0,182.0
8.0,92.0,32.0
13.0,93.0,62.0
18.0,106.0,107.0
15.0,93.0,69.0
2.0,84.0,8.0
14.0,101.0,101.0
9.0,91.0,46.0
29.0,108.0,243.0
29.0,114.0,200.0
28.0,96.0,162.0
2.0,74.0,6.0
25.0,102.0,135.0
12.0,90.0,51.0
2.0,77.0,3.0
27.0,103.0,164.0
19.0,98.0,81.0
11.0,87.0,53.0
20.0,96.0,108.0
25.0,108.0,155.0
7.0,75.0,13.0
23.0,100.0,122.0
23.0,101.0,127.0
21.0,105.0,132.0
17.0,96.0,81.0
26.0,103.0,178.0
25.0,106.0,135.0
24.0,100.0,134.0
27.0,106.0,183.0
30.0,119.0,280.0
22.0,94.0,107.0
20.0,103.0,121.0
13.0,95.0,72.0
24.0,98.0,124.0
25.0,105.0,192.0
26.0,108.0,167.0
19.0,100.0,103.0
13.0,93.0,60.0
11.0,97.0,59.0
17.0,94.0,92.0
9.0,89.0,38.0
28.0,117.0,209.0
30.0,106.0,198.0
21.0,97.0,108.0
27.0,103.0,162.0
6.0,91.0,21.0
6.0,90.0,26.0
10.0,90.0,53.0
26.0,101.0,145.0
26.0,107.0,157.0
26.0,112.0,185.0
19.0,103.0,106.0
1.0,83.0,4.0
22.0,94.0,115.0
10.0,92.0,46.0
23.0,103.0,121.0
19.0,101.0,108.0
18.0,103.0,131.0
13.0,90.0,55.0
4.0,83.0,15.0
11.0,94.0,62.0
25.0,106.0,183.0
22.0,104.0,158.0
13.0,95.0,73.0
15.0,94.0,67.0
8.0,83.0,28.0
3.0,78.0,9.0
18.0,98.0,104.0
27.0,113.0,228.0
5.0,80.0,21.0
16.0,97.0,69.0
15.0,104.0,104.0
24.0,111.0,162.0
15.0,96.0,78.0
6.0,84.0,26.0
20.0,107.0,115.0
26.0,97.0,147.0
10.0,90.0,36.0
17.0,91.0,85.0
13.0,83.0,61.0
19.0,101.0,95.0
23.0,104.0,137.0
28.0,107.0,179.0
4.0,83.0,11.0
5.0,87.0,19.0
25.0,104.0,150.0
23.0,98.0,128.0
29.0,107.0,248.0
6.0,90.0,34.0
24.0,104.0,161.0
10.0,89.0,36.0
11.0,102.0,65.0
27.0,109.0,168.0
17.0,92.0,89.0
22.0,96.0,116.0
11.0,86.0,28.0
6.0,88.0,25.0
16.0,97.0,79.0
14.0,93.0,72.0
25.0,93.0,129.0
8.0,87.0,37.0
9.0,98.0,55.0
12.0,98.0,64.0
6.0,88.0,33.0
19.0,103.0,117.0
2.0,81.0,7.0
25.0,101.0,146.0
20.0,100.0,114.0
11.0,96.0,48.0
19.0,99.0,112.0
2.0,84.0,6.0
20.0,94.0,105.0
6.0,89.0,28.0
28.0,112.0,203.0
27.0,99.0,149.0
9.0,92.0,47.0
24.0,106.0,164.0
25.0,106.0,157.0
29.0,104.0,168.0
2.0,77.0,4.0
2.0,79.0,7.0
24.0,101.0,133.0
11.0,98.0,61.0
25.0,99.0,142.0
15.0,92.0,52.0
6.0,82.0,22.0
25.0,108.0,160.0
27.0,105.0,162.0
13.0,96.0,81.0
28.0,104.0,152.0
24.0,113.0,224.0
18.0,100.0,112.0
24.0,108.0,152.0
23.0,106.0,140.0
29.0,116.0,214.0
24.0,108.0,183.0
9.0,89.0,46.0
3.0,84.0,8.0
22.0,109.0,144.0
3.0,84.0,11.0
22.0,102.0,131.0
16.0,104.0,91.0
5.0,87.0,22.0
12.0,100.0,52.0
19.0,103.0,131.0
14.0,99.0,81.0
6.0,98.0,36.0
27.0,105.0,178.0
13.0,95.0,67.0
6.0,92.0,31.0
18.0,97.0,82.0
26.0,105.0,164.0
6.0,96.0,35.0
11.0,84.0,43.0
4.0,76.0,14.0
29.0,106.0,180.0
20.0,97.0,85.0
5.0,92.0,23.0
11.0,96.0,56.0
19.0,104.0,121.0
14.0,98.0,88.0
26.0,99.0,146.0
19.0,106.0,119.0
26.0,110.0,172.0
10.0,92.0,53.0
7.0,88.0,31.0
18.0,102.0,96.0
19.0,103.0,109.0
13.0,102.0,79.0
19.0,108.0,123.0
4.0,90.0,14.0
8.0,89.0,37.0
1.0,85.0,4.0
16.0,96.0,81.0
27.0,105.0,168.0
10.0,88.0,47.0
20.0,93.0,91.0
11.0,88.0,47.0
3.0,82.0,11.0
13.0,103.0,76.0
11.0,99.0,62.0
14.0,103.0,81.0
5.0,87.0,21.0
5.0,102.0,25.0
11.0,81.0,42.0
28.0,108.0,168.0
11.0,89.0,45.0
14.0,89.0,82.0
1.0,80.0,3.0
3.0,78.0,7.0
26.0,104.0,169.0
3.0,75.0,11.0
15.0,92.0,61.0
10.0,90.0,55.0
23.0,99.0,117.0
20.0,106.0,143.0
5.0,81.0,17.0
20.0,102.0,113.0
1.0,84.0,3.0
21.0,101.0,120.0
1.0,86.0,4.0
30.0,116.0,227.0
26.0,108.0,186.0
13.0,99.0,65.0
16.0,97.0,80.0
16.0,102.0,75.0
23.0,106.0,156.0
15.0,92.0,68.0
13.0,101.0,105.0
8.0,78.0,28.0
2.0,89.0,9.0
22.0,107.0,137.0
20.0,101.0,144.0
9.0,82.0,26.0
18.0,100.0,97.0
2.0,81.0,9.0
17.0,99.0,92.0
26.0,113.0,175.0
3.0,85.0,8.0
10.0,93.0,44.0
9.0,90.0,25.0
18.0,101.0,122.0
9.0,85.0,33.0
15.0,92.0,87.0
29.0,111.0,204.0
16.0,98.0,97.0
4.0,75.0,11.0
29.0,108.0,175.0
27.0,102.0,194.0
16.0,97.0,84.0
8.0,76.0,30.0
20.0,96.0,110.0
15.0,101.0,91.0
15.0,90.0,52.0
28.0,102.0,155.0
27.0,98.0,160.0
17.0,100.0,105.0
30.0,108.0,197.0
29.0,112.0,252.0
20.0,96.0,134.0
8.0,87.0,31.0
19.0,94.0,104.0
7.0,86.0,21.0
17.0,94.0,83.0
18.0,98.0,106.0
15.0,96.0,67.0
24.0,106.0,153.0
17.0,97.0,95.0
14.0,90.0,48.0
16.0,93.0,80.0
13.0,89.0,58.0
28.0,113.0,211.0
12.0,97.0,72.0
5.0,90.0,21.0
20.0,100.0,110.0
6.0,82.0,22.0
1.0,78.0,3.0
25.0,111.0,171.0
9.0,95.0,45.0
12.0,99.0,75.0
26.0,101.0,140.0
23.0,97.0,118.0
13.0,97.0,66.0
22.0,101.0,126.0
28.0,113.0,218.0
15.0,100.0,86.0
6.0,91.0,31.0
22.0,97.0,107.0
16.0,96.0,103.0
14.0,91.0,46.0
24.0,104.0,196.0
8.0,87.0,45.0
16.0,102.0,109.0
7.0,86.0,30.0
30.0,109.0,256.0
21.0,103.0,113.0
6.0,85.0,15.0
11.0,88.0,31.0
12.0,89.0,76.0
26.0,103.0,162.0
24.0,99.0,146.0
22.0,95.0,116.0
9.0,87.0,39.0
14.0,87.0,68.0
27.0,104.0,176.0
6.0,82.0,14.0
25.0,105.0,175.0
30.0,104.0,174.0
9.0,85.0,34.0
7.0,85.0,27.0
2.0,83.0,7.0
12.0,93.0,52.0
21.0,98.0,124.0
20.0,100.0,109.0
7.0,93.0,32.0
23.0,107.0,163.0
15.0,90.0,63.0
10.0,88.0,30.0
28.0,106.0,167.0
7.0,87.0,28.0
14.0,89.0,66.0
26.0,101.0,165.0
5.0,87.0,22.0
9.0,94.0,46.0
6.0,90.0,28.0
18.0,104.0,113.0
4.0,79.0,15.0
17.0,95.0,82.0
26.0,108.0,211.0
19.0,100.0,118.0
22.0,105.0,183.0
3.0,76.0,9.0
14.0,93.0,67.0
10.0,101.0,69.0
12.0,89.0,61.0
21.0,111.0,138.0
4.0,84.0,17.0
13.0,91.0,39.0
3.0,81.0,6.0
15.0,94.0,96.0
12.0,97.0,71.0
20.0,104.0,154.0
26.0,98.0,153.0
14.0,86.0,44.0
3.0,77.0,6.0
17.0,92.0,60.0
6.0,87.0,30.0
10.0,91.0,46.0
27.0,110.0,178.0
10.0,88.0,41.0
25.0,106.0,159.0
5.0,82.0,19.0
16.0,95.0,72.0
10.0,89.0,48.0
27.0,105.0,169.0
21.0,97.0,110.0
18.0,100.0,111.0
25.0,111.0,161.0
2.0,82.0,6.0
4.0,86.0,18.0
18.0,101.0,110.0
26.0,102.0,150.0
25.0,110.0,165.0
22.0,93.0,93.0
7.0,82.0,29.0
2.0,84.0,8.0
26.0,113.0,190.0
21.0,105.0,146.0
8.0,85.0,37.0
6.0,83.0,24.0
6.0,84.0,24.0
3.0,83.0,13.0
21.0,112.0,163.0
11.0,89.0,39.0
1.0,77.0,2.0
20.0,105.0,161.0
13.0,94.0,67.0
3.0,85.0,7.0
15.0,89.0,84.0
17.0,103.0,100.0
10.0,88.0,44.0
20.0,105.0,111.0
1.0,87.0,4.0
23.0,100.0,155.0
28.0,98.0,166.0
27.0,111.0,177.0
19.0,91.0,81.0
18.0,92.0,81.0
5.0,73.0,12.0
11.0,87.0,47.0
28.0,110.0,186.0
20.0,99.0,110.0
3.0,87.0,12.0
9.0,88.0,48.0
27.0,114.0,205.0
9.0,87.0,42.0
28.0,106.0,170.0
27.0,106.0,179.0
10.0,94.0,36.0
27.0,104.0,175.0
28.0,113.0,192.0
21.0,103.0,136.0
20.0,95.0,82.0
4.0,81.0,15.0
21.0,103.0,121.0
18.0,107.0,114.0
10.0,92.0,51.0
13.0,85.0,56.0
8.0,89.0,26.0
19.0,103.0,120.0
21.0,96.0,112.0
25.0,110.0,162.0
26.0,100.0,137.0
16.0,93.0,83.0
9.0,87.0,37.0
12.0,97.0,57.0
20.0,99.0,131.0
7.0,84.0,25.0
5.0,92.0,25.0
21.0,93.0,143.0
12.0,94.0,58.0
20.0,106.0,135.0
17.0,92.0,80.0
28.0,107.0,176.0
9.0,97.0,45.0
26.0,100.0,153.0
14.0,92.0,76.0
11.0,93.0,42.0
4.0,87.0,17.0
13.0,100.0,72.0
18.0,91.0,82.0
23.0,109.0,160.0
12.0,102.0,72.0
16.0,101.0,97.0
14.0,88.0,57.0
5.0,78.0,17.0
4.0,91.0,16.0
6.0,83.0,25.0
2.0,82.0,7.0
28.0,111.0,217.0
24.0,109.0,220.0
2.0,83.0,8.0
9.0,78.0,17.0
21.0,103.0,152.0
11.0,93.0,51.0
29.0,114.0,202.0
7.0,84.0,20.0
5.0,77.0,8.0
9.0,91.0,42.0
27.0,112.0,190.0
27.0,100.0,121.0
3.0,86.0,7.0
21.0,110.0,150.0
17.0,107.0,104.0
6.0,92.0,31.0
15.0,93.0,73.0
20.0,96.0,109.0
30.0,107.0,200.0
28.0,108.0,198.0
20.0,103.0,110.0
18.0,95.0,106.0
21.0,110.0,130.0
17.0,91.0,76.0
18.0,98.0,93.0
22.0,100.0,153.0
21.0,103.0,123.0
6.0,94.0,29.0
4.0,87.0,20.0
21.0,99.0,111.0
13.0,92.0,65.0
30.0,112.0,202.0
18.0,89.0,84.0
1.0,72.0,1.0
19.0,98.0,99.0
3.0,92.0,13.0
5.0,87.0,24.0
25.0,104.0,177.0
16.0,89.0,66.0
2.0,81.0,7.0
11.0,96.0,60.0
6.0,75.0,19.0
16.0,96.0,84.0
2.0,76.0,3.0
28.0,113.0,198.0
16.0,106.0,101.0
28.0,103.0,157.0
15.0,92.0,69.0
5.0,93.0,23.0
15.0,98.0,76.0
3.0,86.0,10.0
6.0,85.0,23.0
28.0,115.0,220.0
25.0,88.0,110.0
10.0,90.0,34.0
6.0,83.0,23.0
28.0,105.0,168.0
22.0,106.0,131.0
14.0,100.0,79.0
8.0,92.0,30.0
30.0,111.0,211.0
6.0,97.0,26.0
9.0,85.0,23.0
3.0,74.0,10.0
12.0,97.0,63.0
16.0,91.0,75.0
25.0,103.0,156.0
5.0,95.0,29.0
5.0,82.0,18.0
11.0,91.0,48.0
15.0,98.0,65.0
26.0,114.0,180.0
18.0,98.0,111.0
26.0,102.0,132.0
17.0,106.0,100.0
23.0,103.0,142.0
13.0,87.0,53.0
12.0,94.0,62.0
28.0,107.0,184.0
15.0,95.0,73.0
28.0,105.0,178.0
20.0,91.0,90.0
10.0,91.0,54.0
15.0,94.0,72.0
13.0,91.0,67.0
26.0,111.0,239.0
17.0,96.0,85.0
20.0,103.0,129.0
25.0,118.0,242.0
4.0,86.0,12.0
19.0,97.0,96.0
23.0,109.0,150.0
17.0,100.0,89.0
5.0,80.0,16.0
4.0,78.0,9.0
10.0,96.0,52.0
8.0,91.0,40.0
4.0,79.0,9.0
20.0,100.0,113.0
15.0,96.0,103.0
28.0,102.0,161.0
15.0,105.0,117.0
25.0,111.0,185.0
26.0,104.0,174.0
6.0,85.0,21.0
21.0,99.0,118.0
18.0,105.0,125.0
4.0,85.0,16.0
15.0,97.0,72.0
14.0,99.0,73.0
21.0,107.0,140.0
19.0,94.0,93.0
19.0,101.0,110.0
14.0,101.0,79.0
28.0,102.0,170.0
16.0,88.0,76.0
30.0,109.0,188.0
12.0,90.0,59.0
14.0,89.0,60.0
8.0,90.0,37.0
16.0,95.0,80.0
10.0,92.0,45.0
6.0,89.0,25.0
4.0,89.0,17.0
16.0,95.0,83.0
16.0,98.0,91.0
6.0,85.0,25.0
18.0,101.0,128.0
2.0,85.0,10.0
25.0,99.0,141.0
19.0,101.0,143.0
27.0,107.0,221.0
10.0,93.0,43.0
29.0,111.0,211.0
6.0,83.0,21.0
14.0,101.0,105.0
19.0,104.0,113.0
16.0,98.0,108.0
15.0,93.0,85.0
14.0,92.0,64.0
6.0,91.0,32.0
11.0,80.0,39.0
3.0,76.0,9.0
14.0,87.0,75.0
9.0,91.0,48.0
16.0,90.0,90.0
26.0,119.0,265.0
9.0,87.0,49.0
8.0,87.0,38.0
25.0,99.0,149.0
23.0,104.0,125.0
19.0,97.0,133.0
13.0,97.0,89.0
19.0,99.0,102.0
4.0,91.0,19.0
9.0,90.0,48.0
26.0,107.0,223.0
27.0,108.0,167.0
6.0,85.0,25.0
7.0,91.0,31.0
15.0,98.0,80.0
9.0,96.0,47.0
26.0,105.0,160.0
10.0,98.0,57.0
5.0,79.0,17.0
10.0,86.0,29.0
18.0,96.0,96.0
12.0,91.0,58.0
22.0,113.0,150.0
20.0,99.0,114.0
6.0,96.0,39.0
19.0,96.0,98.0
19.0,103.0,149.0
22.0,97.0,135.0
16.0,97.0,89.0
11.0,95.0,56.0
15.0,104.0,103.0
8.0,80.0,29.0
10.0,91.0,46.0
19.0,92.0,96.0
8.0,90.0,40.0
2.0,85.0,7.0
5.0,84.0,23.0
12.0,94.0,69.0
20.0,94.0,90.0
15.0,99.0,86.0
7.0,89.0,24.0
24.0,104.0,130.0
15.0,99.0,83.0
23.0,105.0,135.0
11.0,91.0,53.0
25.0,107.0,156.0
12.0,85.0,54.0
5.0,78.0,6.0
26.0,111.0,193.0
6.0,82.0,21.0
30.0,111.0,215.0
9.0,89.0,43.0
10.0,90.0,43.0
7.0,83.0,31.0
4.0,94.0,20.0
9.0,95.0,43.0
5.0,82.0,16.0
3.0,87.0,14.0
24.0,97.0,130.0
3.0,87.0,13.0
15.0,87.0,74.0
1.0,87.0,5.0
16.0,94.0,76.0
19.0,104.0,119.0
17.0,97.0,88.0
10.0,92.0,61.0
16.0,95.0,111.0
29.0,108.0,179.0
25.0,104.0,164.0
26.0,104.0,168.0
8.0,91.0,38.0
21.0,96.0,115.0
18.0,97.0,91.0
21.0,96.0,105.0
9.0,91.0,38.0
21.0,103.0,118.0
14.0,95.0,64.0
24.0,108.0,160.0
12.0,95.0,62.0
6.0,92.0,25.0
30.0,107.0,211.0
14.0,94.0,88.0
16.0,100.0,93.0
28.0,108.0,196.0
29.0,98.0,147.0
17.0,96.0,112.0
26.0,106.0,151.0
9.0,94.0,48.0
19.0,95.0,91.0
27.0,104.0,161.0
25.0,111.0,182.0
25.0,91.0,122.0
20.0,105.0,117.0
22.0,96.0,106.0
4.0,86.0,18.0
24.0,104.0,140.0
11.0,94.0,64.0
28.0,113.0,190.0
25.0,104.0,179.0
17.0,90.0,74.0
7.0,82.0,25.0
26.0,98.0,137.0
3.0,74.0,3.0
19.0,100.0,115.0
24.0,104.0,131.0
27.0,110.0,197.0
23.0,98.0,126.0
11.0,91.0,56.0
6.0,79.0,19.0
30.0,112.0,259.0
2.0,75.0,6.0
15.0,92.0,62.0
23.0,104.0,152.0
24.0,108.0,190.0
18.0,95.0,95.0
2.0,83.0,4.0
16.0,91.0,78.0
28.0,113.0,211.0
11.0,98.0,63.0
14.0,98.0,67.0
22.0,103.0,114.0
9.0,89.0,56.0
13.0,86.0,59.0
27.0,111.0,215.0
18.0,99.0,94.0
25.0,110.0,152.0
9.0,84.0,36.0
1.0,83.0,4.0
9.0,100.0,44.0
11.0,91.0,50.0
6.0,92.0,26.0
21.0,99.0,116.0
17.0,80.0,66.0
24.0,104.0,145.0
4.0,74.0,12.0
21.0,108.0,150.0
14.0,89.0,60.0
13.0,98.0,76.0
4.0,84.0,15.0
5.0,80.0,14.0
27.0,117.0,200.0
16.0,96.0,87.0
27.0,112.0,189.0
26.0,104.0,151.0
7.0,86.0,26.0
30.0,98.0,153.0
14.0,88.0,78.0
15.0,101.0,103.0
6.0,85.0,18.0
24.0,111.0,194.0
7.0,83.0,18.0
29.0,107.0,191.0
13.0,99.0,62.0
7.0,82.0,29.0
14.0,94.0,68.0
22.0,110.0,142.0
26.0,105.0,177.0
14.0,95.0,76.0
9.0,92.0,33.0
6.0,75.0,20.0
14.0,92.0,54.0
16.0,99.0,95.0
9.0,87.0,46.0
7.0,87.0,33.0
22.0,97.0,117.0
29.0,113.0,200.0
27.0,114.0,205.0
25.0,108.0,159.0
14.0,97.0,73.0
3.0,91.0,12.0
23.0,107.0,139.0
13.0,106.0,79.0
25.0,110.0,212.0
2.0,82.0,7.0
25.0,99.0,175.0
6.0,84.0,23.0
2.0,83.0,7.0
7.0,98.0,51.0
7.0,86.0,32.0
14.0,98.0,81.0
1.0,84.0,4.0
16.0,96.0,86.0
26.0,110.0,178.0
12.0,94.0,67.0
28.0,96.0,158.0
28.0,107.0,183.0
20.0,99.0,92.0
28.0,104.0,165.0
18.0,100.0,107.0
13.0,100.0,73.0
7.0,85.0,28.0
24.0,98.0,126.0
12.0,92.0,64.0
5.0,86.0,20.0
18.0,105.0,103.0
7.0,87.0,21.0
13.0,93.0,58.0
14.0,96.0,73.0
5.0,79.0,17.0
17.0,94.0,67.0
21.0,109.0,137.0
23.0,100.0,143.0
13.0,96.0,54.0
3.0,88.0,12.0
25.0,102.0,158.0
1.0,83.0,4.0
12.0,94.0,62.0
25.0,109.0,192.0
12.0,95.0,60.0
28.0,113.0,192.0
24.0,109.0,157.0
10.0,92.0,47.0
4.0,88.0,17.0
26.0,104.0,196.0
9.0,97.0,55.0
22.0,99.0,120.0
20.0,107.0,157.0
5.0,87.0,21.0
10.0,88.0,39.0
9.0,93.0,41.0
18.0,97.0,90.0
3.0,85.0,13.0
5.0,85.0,26.0
10.0,89.0,34.0
8.0,90.0,28.0
8.0,97.0,35.0
3.0,79.0,6.0
12.0,86.0,50.0
13.0,91.0,60.0
6.0,75.0,18.0
12.0,91.0,54.0
14.0,86.0,40.0
4.0,87.0,10.0
18.0,98.0,117.0
26.0,111.0,171.0
24.0,112.0,176.0
17.0,101.0,132.0
12.0,98.0,87.0
12.0,90.0,63.0
9.0,94.0,40.0
13.0,95.0,64.0
13.0,94.0,52.0
9.0,86.0,36.0
6.0,86.0,30.0
24.0,110.0,158.0
25.0,111.0,182.0
29.0,112.0,195.0
7.0,90.0,32.0
29.0,102.0,164.0
15.0,97.0,80.0
11.0,86.0,28.0
8.0,80.0,31.0
5.0,82.0,21.0
19.0,99.0,106.0
14.0,102.0,94.0
18.0,94.0,72.0
27.0,103.0,153.0
28.0,102.0,157.0
21.0,98.0,93.0
11.0,99.0,57.0
3.0,93.0,14.0
17.0,107.0,112.0
5.0,89.0,24.0
14.0,84.0,36.0
26.0,104.0,187.0
15.0,103.0,84.0
29.0,102.0,230.0
29.0,108.0,195.0
8.0,84.0,27.0
8.0,94.0,34.0
8.0,91.0,29.0
11.0,98.0,63.0
24.0,104.0,154.0
4.0,94.0,19.0
9.0,85.0,48.0
25.0,97.0,130.0
29.0,111.0,194.0
20.0,96.0,110.0
19.0,102.0,109.0
9.0,97.0,42.0
6.0,83.0,23.0
2.0,88.0,10.0
9.0,86.0,28.0
25.0,103.0,158.0
24.0,103.0,192.0
20.0,104.0,108.0
12.0,95.0,60.0
3.0,81.0,12.0
14.0,89.0,54.0
24.0,106.0,146.0
6.0,92.0,28.0
22.0,97.0,87.0
25.0,109.0,157.0
21.0,99.0,111.0
16.0,90.0,76.0
16.0,103.0,107.0
19.0,107.0,110.0
27.0,103.0,163.0
16.0,104.0,106.0
17.0,95.0,90.0
20.0,105.0,119.0
21.0,102.0,129.0
9.0,89.0,38.0
24.0,105.0,151.0
20.0,101.0,115.0
26.0,106.0,167.0
22.0,104.0,122.0
10.0,90.0,34.0
14.0,91.0,70.0
2.0,87.0,9.0
7.0,85.0,31.0
7.0,88.0,30.0
26.0,104.0,166.0
23.0,97.0,126.0
12.0,102.0,70.0
14.0,85.0,65.0
12.0,94.0,55.0
16.0,89.0,69.0
15.0,94.0,77.0
24.0,106.0,142.0
22.0,105.0,128.0
26.0,107.0,168.0
30.0,115.0,225.0
8.0,91.0,35.0
8.0,80.0,31.0
2.0,82.0,7.0
14.0,92.0,73.0
25.0,110.0,169.0
3.0,77.0,9.0
12.0,87.0,51.0
26.0,102.0,152.0
20.0,104.0,109.0
16.0,100.0,88.0
26.0,100.0,154.0
3.0,88.0,12.0
30.0,111.0,192.0
18.0,91.0,104.0
4.0,83.0,15.0
20.0,101.0,132.0
17.0,94.0,81.0
4.0,84.0,10.0
23.0,97.0,113.0
9.0,91.0,29.0
5.0,79.0,21.0
19.0,97.0,104.0
17.0,103.0,112.0
11.0,90.0,51.0
23.0,104.0,133.0
26.0,116.0,214.0
27.0,107.0,172.0
21.0,92.0,100.0
10.0,91.0,52.0
11.0,88.0,45.0
23.0,106.0,149.0
22.0,96.0,119.0
18.0,98.0,119.0
11.0,96.0,66.0
26.0,96.0,149.0
15.0,95.0,81.0
4.0,87.0,17.0
4.0,87.0,16.0
16.0,97.0,91.0
16.0,98.0,82.0
29.0,104.0,167.0
30.0,113.0,228.0
13.0,87.0,54.0
27.0,101.0,188.0
18.0,111.0,121.0
1.0,83.0,4.0
30.0,111.0,209.0
4.0,90.0,18.0
14.0,93.0,74.0
20.0,105.0,128.0
7.0,84.0,23.0
14.0,92.0,63.0
16.0,92.0,59.0
25.0,105.0,183.0
24.0,104.0,159.0
24.0,105.0,169.0
4.0,83.0,15.0
10.0,84.0,45.0
13.0,93.0,59.0
15.0,98.0,88.0
4.0,86.0,10.0
2.0,86.0,9.0
24.0,105.0,139.0
27.0,104.0,176.0
13.0,101.0,73.0
7.0,87.0,36.0
4.0,85.0,23.0
29.0,111.0,206.0
23.0,102.0,143.0
1.0,79.0,4.0
8.0,86.0,32.0
5.0,87.0,23.0
4.0,93.0,25.0
20.0,110.0,127.0
23.0,107.0,142.0
28.0,107.0,170.0
29.0,102.0,187.0
28.0,111.0,179.0
10.0,92.0,47.0
10.0,85.0,37.0
16.0,105.0,90.0
26.0,110.0,183.0
8.0,84.0,32.0
23.0,106.0,156.0
4.0,86.0,16.0
17.0,96.0,108.0
23.0,110.0,157.0
22.0,108.0,139.0
7.0,91.0,24.0
8.0,82.0,31.0
15.0,105.0,92.0
1.0,67.0,2.0
12.0,88.0,64.0
8.0,89.0,41.0
29.0,107.0,188.0
5.0,85.0,20.0
18.0,93.0,64.0
8.0,95.0,38.0
3.0,86.0,15.0
27.0,103.0,169.0
26.0,107.0,165.0
15.0,93.0,53.0
5.0,75.0,14.0
1.0,76.0,2.0
12.0,91.0,58.0
8.0,99.0,49.0
19.0,98.0,117.0
14.0,82.0,49.0
22.0,97.0,154.0
19.0,92.0,89.0
22.0,102.0,124.0
5.0,81.0,19.0
8.0,95.0,39.0
3.0,81.0,10.0
15.0,86.0,56.0
24.0,97.0,121.0
20.0,97.0,102.0
1.0,81.0,3.0
17.0,95.0,87.0
8.0,96.0,41.0
29.0,106.0,196.0
23.0,108.0,158.0
7.0,89.0,34.0
22.0,99.0,120.0
28.0,102.0,141.0
6.0,97.0,30.0
14.0,94.0,67.0
26.0,105.0,208.0
23.0,106.0,151.0
13.0,102.0,78.0
17.0,92.0,113.0
2.0,85.0,8.0
14.0,86.0,56.0
9.0,95.0,46.0
8.0,90.0,34.0
8.0,90.0,31.0
16.0,89.0,62.0
8.0,84.0,34.0
11.0,91.0,52.0
21.0,100.0,125.0
10.0,95.0,50.0
17.0,101.0,99.0
13.0,93.0,64.0
19.0,89.0,83.0
3.0,82.0,9.0
17.0,95.0,84.0
8.0,88.0,41.0
27.0,98.0,160.0
1.0,86.0,4.0
9.0,88.0,51.0
12.0,92.0,55.0
29.0,113.0,185.0
8.0,82.0,26.0
24.0,102.0,138.0
22.0,106.0,154.0
30.0,104.0,206.0
24.0,104.0,156.0
12.0,100.0,70.0
15.0,98.0,88.0
13.0,101.0,74.0
17.0,105.0,104.0
11.0,84.0,41.0
8.0,93.0,42.0
21.0,100.0,155.0
26.0,108.0,166.0
15.0,88.0,41.0
30.0,112.0,203.0
16.0,98.0,90.0
1.0,73.0,2.0
14.0,101.0,90.0
14.0,94.0,58.0
21.0,99.0,116.0
7.0,92.0,34.0
14.0,98.0,65.0
24.0,105.0,161.0
25.0,105.0,150.0
2.0,87.0,8.0
27.0,102.0,155.0
28.0,104.0,230.0
28.0,106.0,195.0
25.0,106.0,150.0
21.0,100.0,141.0
19.0,104.0,136.0
14.0,94.0,66.0
6.0,90.0,30.0
10.0,91.0,47.0
23.0,100.0,125.0
14.0,97.0,67.0
24.0,104.0,153.0
25.0,106.0,161.0
20.0,104.0,129.0
11.0,92.0,38.0
10.0,83.0,22.0
27.0,113.0,183.0
24.0,88.0,105.0
2.0,77.0,7.0
6.0,88.0,29.0
18.0,95.0,89.0
15.0,97.0,69.0
5.0,89.0,22.0
24.0,102.0,183.0
11.0,96.0,56.0
29.0,112.0,201.0
4.0,79.0,8.0
15.0,94.0,91.0
23.0,111.0,149.0
5.0,82.0,17.0
6.0,89.0,27.0
8.0,87.0,34.0
29.0,117.0,214.0
9.0,90.0,42.0
24.0,97.0,148.0
16.0,94.0,92.0
22.0,97.0,146.0
25.0,105.0,162.0
15.0,108.0,112.0
15.0,100.0,106.0
23.0,101.0,120.0
19.0,99.0,99.0
21.0,105.0,111.0
6.0,90.0,27.0
9.0,84.0,34.0
21.0,94.0,96.0
21.0,102.0,139.0
24.0,101.0,166.0
1.0,79.0,5.0
4.0,84.0,16.0
12.0,93.0,66.0
27.0,107.0,167.0
8.0,83.0,33.0
14.0,98.0,73.0
27.0,110.0,180.0
1.0,84.0,3.0
16.0,98.0,77.0
3.0,73.0,9.0
9.0,97.0,53.0
15.0,101.0,102.0
23.0,104.0,134.0
21.0,103.0,103.0
26.0,108.0,181.0
24.0,103.0,166.0
24.0,102.0,174.0
2.0,78.0,6.0
18.0,95.0,95.0
19.0,98.0,101.0
18.0,96.0,93.0
30.0,106.0,184.0
23.0,105.0,131.0
10.0,87.0,56.0
21.0,107.0,133.0
15.0,94.0,69.0
16.0,92.0,89.0
17.0,91.0,82.0
25.0,94.0,108.0
26.0,104.0,154.0
12.0,96.0,57.0
25.0,94.0,123.0
16.0,94.0,76.0
15.0,87.0,63.0
24.0,109.0,154.0
8.0,87.0,25.0
15.0,93.0,57.0
16.0,97.0,93.0
18.0,102.0,130.0
21.0,100.0,116.0
13.0,86.0,54.0
13.0,95.0,69.0
19.0,104.0,122.0
19.0,101.0,109.0
14.0,94.0,81.0
19.0,107.0,134.0
11.0,101.0,62.0
4.0,78.0,5.0
23.0,100.0,124.0
17.0,97.0,104.0
5.0,86.0,12.0
29.0,116.0,247.0
7.0,90.0,30.0
14.0,101.0,76.0
15.0,99.0,93.0
4.0,80.0,13.0
15.0,93.0,91.0
25.0,107.0,160.0
2.0,79.0,6.0
7.0,87.0,33.0
17.0,101.0,130.0
8.0,91.0,31.0
12.0,93.0,57.0
15.0,101.0,88.0
27.0,112.0,180.0
4.0,76.0,14.0
7.0,86.0,23.0
5.0,88.0,21.0
6.0,90.0,27.0
17.0,93.0,77.0
20.0,92.0,91.0
7.0,88.0,30.0
24.0,107.0,158.0
11.0,94.0,53.0
28.0,102.0,140.0
5.0,80.0,18.0
12.0,92.0,66.0
25.0,94.0,98.0
13.0,101.0,70.0
27.0,111.0,205.0
5.0,93.0,23.0
24.0,107.0,148.0
28.0,105.0,187.0
24.0,103.0,138.0
26.0,116.0,180.0
19.0,99.0,113.0
4.0,86.0,13.0
23.0,106.0,147.0
16.0,101.0,91.0
5.0,87.0,19.0
13.0,88.0,79.0
18.0,100.0,123.0
7.0,85.0,36.0
26.0,101.0,146.0
19.0,104.0,118.0
3.0,86.0,13.0
21.0,91.0,87.0
18.0,95.0,82.0
18.0,94.0,90.0
12.0,85.0,36.0
8.0,87.0,42.0
2.0,88.0,8.0
23.0,97.0,129.0
25.0,108.0,167.0
2.0,81.0,8.0
5.0,83.0,18.0
16.0,94.0,76.0
25.0,112.0,179.0
3.0,79.0,11.0
11.0,95.0,56.0
11.0,95.0,66.0
13.0,91.0,47.0
9.0,85.0,43.0
6.0,89.0,28.0
1.0,77.0,3.0
25.0,109.0,193.0
13.0,99.0,71.0
12.0,93.0,57.0
12.0,99.0,65.0
15.0,91.0,81.0
7.0,88.0,31.0
15.0,93.0,75.0
29.0,114.0,217.0
17.0,101.0,92.0
26.0,110.0,217.0
20.0,97.0,102.0
10.0,90.0,59.0
16.0,98.0,90.0
20.0,107.0,138.0
11.0,96.0,72.0
22.0,104.0,126.0
11.0,87.0,36.0
25.0,101.0,144.0
28.0,101.0,163.0
26.0,98.0,134.0
17.0,105.0,104.0
24.0,110.0,156.0
14.0,98.0,83.0
10.0,96.0,54.0
18.0,91.0,64.0
4.0,87.0,17.0
12.0,86.0,54.0
6.0,81.0,24.0
29.0,104.0,189.0
10.0,95.0,53.0
2.0,77.0,6.0
26.0,109.0,181.0
18.0,103.0,104.0
5.0,79.0,12.0
24.0,105.0,142.0
6.0,92.0,29.0
28.0,111.0,211.0
30.0,116.0,231.0
9.0,88.0,44.0
17.0,96.0,85.0
15.0,96.0,84.0
16.0,85.0,42.0
14.0,95.0,68.0
9.0,87.0,39.0
11.0,94.0,73.0
23.0,100.0,121.0
6.0,85.0,15.0
2.0,82.0,7.0
1.0,82.0,4.0
16.0,93.0,83.0
8.0,84.0,30.0
7.0,89.0,31.0
28.0,106.0,181.0
26.0,95.0,155.0
1.0,73.0,3.0
4.0,87.0,19.0
2.0,84.0,7.0
22.0,100.0,129.0
23.0,102.0,136.0
22.0,104.0,135.0
8.0,91.0,39.0
18.0,91.0,68.0
6.0,88.0,19.0
14.0,94.0,75.0
16.0,100.0,98.0
19.0,108.0,156.0
13.0,97.0,86.0
20.0,100.0,134.0
8.0,77.0,12.0
19.0,95.0,90.0
29.0,111.0,186.0
18.0,100.0,102.0
16.0,94.0,78.0
20.0,96.0,107.0
9.0,88.0,43.0
19.0,99.0,101.0
26.0,112.0,175.0
25.0,101.0,128.0
14.0,87.0,64.0
8.0,82.0,24.0
7.0,98.0,37.0
21.0,106.0,177.0
9.0,98.0,50.0
21.0,107.0,162.0
4.0,81.0,14.0
2.0,80.0,8.0
13.0,89.0,49.0
29.0,116.0,238.0
21.0,110.0,136.0
10.0,86.0,45.0
17.0,90.0,75.0
25.0,107.0,147.0
9.0,85.0,32.0
22.0,106.0,134.0
15.0,99.0,79.0
15.0,89.0,44.0
19.0,97.0,123.0
3.0,88.0,14.0
25.0,100.0,144.0
4.0,90.0,17.0
21.0,112.0,136.0
16.0,98.0,86.0
24.0,102.0,122.0
14.0,95.0,68.0
22.0,99.0,166.0
10.0,88.0,33.0
29.0,115.0,206.0
25.0,104.0,161.0
30.0,106.0,191.0
12.0,93.0,59.0
8.0,91.0,45.0
12.0,96.0,60.0
28.0,111.0,188.0
15.0,89.0,63.0
15.0,97.0,86.0
5.0,86.0,22.0
21.0,111.0,190.0
14.0,88.0,55.0
11.0,85.0,44.0
5.0,81.0,19.0
6.0,84.0,24.0
25.0,101.0,153.0
11.0,97.0,61.0
27.0,102.0,185.0
9.0,96.0,43.0
27.0,109.0,192.0
22.0,104.0,179.0
18.0,104.0,110.0
4.0,83.0,14.0
30.0,111.0,207.0
19.0,96.0,84.0
20.0,104.0,129.0
4.0,76.0,5.0
5.0,95.0,29.0
23.0,108.0,171.0
17.0,99.0,88.0
19.0,92.0,89.0
30.0,113.0,236.0
17.0,93.0,75.0
17.0,95.0,80.0
8.0,87.0,32.0
26.0,101.0,146.0
4.0,85.0,17.0
25.0,107.0,148.0
22.0,99.0,99.0
18.0,104.0,124.0
28.0,112.0,249.0
2.0,89.0,6.0
6.0,85.0,27.0
2.0,83.0,5.0
14.0,93.0,60.0
29.0,104.0,184.0
23.0,106.0,176.0
23.0,109.0,157.0
1.0,75.0,3.0
28.0,109.0,179.0
13.0,90.0,65.0
18.0,97.0,105.0
22.0,103.0,125.0
20.0,99.0,110.0
16.0,91.0,70.0
19.0,96.0,91.0
23.0,105.0,141.0
5.0,87.0,13.0
14.0,90.0,60.0
27.0,101.0,187.0
4.0,78.0,6.0
27.0,106.0,152.0
2.0,85.0,9.0
14.0,99.0,72.0
14.0,95.0,76.0
6.0,89.0,25.0
10.0,97.0,53.0
11.0,94.0,54.0
22.0,101.0,146.0
18.0,98.0,90.0
29.0,111.0,194.0
19.0,98.0,128.0
17.0,91.0,70.0
13.0,91.0,46.0
14.0,92.0,94.0
10.0,85.0,40.0
2.0,78.0,2.0
6.0,89.0,31.0
16.0,103.0,86.0
5.0,82.0,17.0
21.0,95.0,100.0
23.0,103.0,135.0
2.0,79.0,8.0
3.0,75.0,3.0
28.0,106.0,170.0
8.0,85.0,34.0
22.0,102.0,165.0
20.0,95.0,110.0
13.0,91.0,59.0
17.0,95.0,80.0
2.0,79.0,5.0
5.0,85.0,22.0
3.0,81.0,13.0
19.0,93.0,82.0
7.0,87.0,33.0
12.0,101.0,69.0
20.0,91.0,63.0
4.0,80.0,10.0
20.0,100.0,133.0
29.0,111.0,222.0
10.0,92.0,55.0
5.0,90.0,27.0
21.0,105.0,124.0
19.0,97.0,101.0
30.0,109.0,193.0
22.0,102.0,106.0
21.0,105.0,130.0
6.0,87.0,18.0
25.0,107.0,199.0
23.0,105.0,153.0
3.0,85.0,13.0
17.0,98.0,118.0
21.0,109.0,136.0
28.0,96.0,126.0
3.0,84.0,9.0
24.0,104.0,172.0
27.0,112.0,179.0
7.0,90.0,22.0
6.0,80.0,22.0
22.0,101.0,138.0
16.0,97.0,92.0
23.0,97.0,94.0
19.0,100.0,112.0
25.0,103.0,147.0
28.0,114.0,196.0
16.0,100.0,94.0
9.0,86.0,24.0
21.0,102.0,153.0
24.0,95.0,105.0
17.0,109.0,110.0
3.0,85.0,13.0
2.0,76.0,7.0
16.0,90.0,70.0
21.0,105.0,142.0
3.0,83.0,11.0
6.0,82.0,11.0
26.0,98.0,155.0
17.0,93.0,85.0
14.0,94.0,68.0
24.0,102.0,176.0
26.0,104.0,155.0
13.0,86.0,52.0
3.0,91.0,12.0
16.0,101.0,87.0
30.0,112.0,195.0
29.0,110.0,212.0
15.0,98.0,80.0
24.0,104.0,137.0
22.0,103.0,148.0
11.0,102.0,84.0
28.0,102.0,166.0
12.0,95.0,52.0
27.0,108.0,153.0
9.0,94.0,42.0
6.0,86.0,22.0
8.0,87.0,34.0
18.0,99.0,99.0
21.0,102.0,160.0
13.0,88.0,74.0
16.0,92.0,98.0
1.0,81.0,3.0
21.0,102.0,107.0
21.0,97.0,97.0
16.0,86.0,55.0
19.0,100.0,101.0
10.0,83.0,30.0
5.0,87.0,20.0
25.0,112.0,168.0
1.0,76.0,1.0
23.0,110.0,163.0
22.0,99.0,118.0
19.0,99.0,123.0
15.0,96.0,74.0
21.0,103.0,106.0
3.0,92.0,14.0
11.0,93.0,47.0
10.0,90.0,52.0
27.0,106.0,234.0
11.0,94.0,60.0
21.0,101.0,105.0
25.0,106.0,196.0
23.0,109.0,214.0
12.0,94.0,68.0
25.0,105.0,147.0
14.0,100.0,88.0
30.0,106.0,181.0
15.0,89.0,58.0
17.0,105.0,105.0
15.0,92.0,78.0
15.0,97.0,76.0
17.0,100.0,90.0
15.0,91.0,64.0
4.0,86.0,12.0
22.0,114.0,174.0
2.0,81.0,7.0
3.0,84.0,13.0
4.0,86.0,17.0
12.0,94.0,60.0
14.0,95.0,78.0
17.0,94.0,89.0
23.0,97.0,131.0
4.0,73.0,10.0
24.0,107.0,204.0
14.0,95.0,65.0
8.0,85.0,31.0
20.0,109.0,132.0
22.0,94.0,105.0
25.0,106.0,157.0
5.0,91.0,23.0
25.0,113.0,174.0
10.0,86.0,48.0
21.0,95.0,105.0
14.0,90.0,60.0
19.0,101.0,105.0
30.0,106.0,202.0
16.0,91.0,73.0
19.0,100.0,109.0
18.0,96.0,101.0
4.0,83.0,14.0
21.0,100.0,120.0
27.0,115.0,204.0
2.0,82.0,8.0
15.0,85.0,52.0
27.0,111.0,179.0
27.0,108.0,167.0
4.0,76.0,7.0
18.0,99.0,87.0
4.0,72.0,8.0
14.0,97.0,94.0
5.0,82.0,22.0
28.0,102.0,176.0
24.0,100.0,135.0
12.0,94.0,57.0
16.0,92.0,88.0
26.0,102.0,175.0
3.0,79.0,9.0
13.0,96.0,90.0
29.0,99.0,128.0
28.0,105.0,177.0
2.0,81.0,9.0
24.0,109.0,174.0
14.0,96.0,56.0
27.0,109.0,218.0
8.0,93.0,52.0
25.0,102.0,156.0
30.0,108.0,205.0
25.0,104.0,180.0
15.0,101.0,81.0
8.0,89.0,34.0
12.0,93.0,69.0
23.0,98.0,115.0
5.0,86.0,13.0
18.0,94.0,93.0
17.0,95.0,81.0
8.0,89.0,26.0
9.0,93.0,43.0
5.0,89.0,24.0
11.0,97.0,49.0
8.0,90.0,36.0
6.0,83.0,25.0
11.0,91.0,37.0
27.0,104.0,144.0
25.0,114.0,168.0
17.0,90.0,77.0
9.0,95.0,41.0
4.0,85.0,19.0
13.0,97.0,61.0
18.0,93.0,99.0
15.0,87.0,66.0
27.0,106.0,216.0
23.0,99.0,118.0
4.0,83.0,14.0
16.0,97.0,80.0
21.0,93.0,100.0
20.0,107.0,124.0
21.0,105.0,136.0
25.0,99.0,160.0
23.0,101.0,132.0
10.0,85.0,33.0
17.0,98.0,99.0
28.0,107.0,191.0
6.0,76.0,19.0
23.0,106.0,183.0
8.0,92.0,42.0
14.0,105.0,75.0
17.0,110.0,112.0
21.0,107.0,147.0
3.0,74.0,8.0
25.0,114.0,214.0
12.0,95.0,66.0
8.0,85.0,31.0
15.0,94.0,70.0
5.0,84.0,19.0
12.0,93.0,64.0
23.0,106.0,151.0
3.0,79.0,9.0
26.0,105.0,192.0
2.0,72.0,5.0
6.0,91.0,28.0
14.0,97.0,93.0
18.0,105.0,103.0
11.0,94.0,72.0
16.0,94.0,77.0
25.0,102.0,121.0
25.0,109.0,167.0
15.0,91.0,53.0
7.0,94.0,50.0
11.0,94.0,67.0
13.0,92.0,61.0
9.0,83.0,29.0
17.0,102.0,110.0
22.0,90.0,97.0
5.0,84.0,23.0
25.0,105.0,170.0
5.0,82.0,16.0
25.0,107.0,158.0
19.0,101.0,100.0
30.0,104.0,174.0
6.0,84.0,27.0
4.0,80.0,16.0
17.0,98.0,86.0
7.0,94.0,35.0
7.0,82.0,25.0
17.0,83.0,47.0
17.0,93.0,90.0
2.0,72.0,2.0
3.0,83.0,7.0
29.0,119.0,250.0
30.0,108.0,186.0
2.0,79.0,6.0
16.0,96.0,97.0
19.0,93.0,89.0
6.0,89.0,26.0
14.0,93.0,65.0
5.0,91.0,23.0
3.0,82.0,12.0
28.0,105.0,150.0
17.0,99.0,96.0
14.0,88.0,58.0
3.0,79.0,11.0
29.0,107.0,185.0
24.0,98.0,123.0
27.0,125.0,237.0
21.0,98.0,122.0
24.0,106.0,145.0
21.0,102.0,118.0
19.0,95.0,99.0
17.0,88.0,67.0
3.0,90.0,15.0
28.0,109.0,182.0
10.0,90.0,48.0
28.0,106.0,165.0
26.0,108.0,174.0
25.0,105.0,165.0
8.0,87.0,26.0
28.0,112.0,251.0
28.0,111.0,202.0
9.0,94.0,34.0
13.0,97.0,68.0
16.0,100.0,94.0
7.0,94.0,39.0
23.0,100.0,146.0
19.0,98.0,102.0
21.0,92.0,94.0
6.0,82.0,23.0
12.0,103.0,68.0
22.0,104.0,130.0
13.0,92.0,60.0
11.0,87.0,45.0
7.0,89.0,38.0
7.0,88.0,33.0
10.0,89.0,44.0
29.0,116.0,266.0
2.0,87.0,8.0
6.0,87.0,29.0
13.0,94.0,59.0
22.0,105.0,134.0
3.0,94.0,15.0
8.0,92.0,38.0
1.0,80.0,3.0
2.0,89.0,6.0
25.0,105.0,147.0
28.0,105.0,166.0
12.0,91.0,60.0
25.0,107.0,173.0
14.0,95.0,76.0
2.0,81.0,6.0
18.0,107.0,111.0
16.0,96.0,67.0
4.0,92.0,21.0
9.0,91.0,41.0
1.0,79.0,2.0
1.0,72.0,3.0
22.0,105.0,148.0
15.0,87.0,67.0
4.0,83.0,17.0
24.0,101.0,133.0
22.0,101.0,137.0
12.0,88.0,53.0
13.0,98.0,79.0
4.0,82.0,14.0
28.0,111.0,201.0
11.0,95.0,62.0
8.0,89.0,35.0
25.0,103.0,146.0
17.0,92.0,95.0
29.0,108.0,230.0
24.0,105.0,148.0
26.0,109.0,227.0
4.0,81.0,16.0
23.0,100.0,178.0
12.0,98.0,62.0
25.0,103.0,131.0
6.0,96.0,30.0
25.0,110.0,168.0
17.0,98.0,91.0
21.0,99.0,121.0
16.0,95.0,86.0
4.0,82.0,8.0
6.0,79.0,19.0
21.0,100.0,112.0
10.0,93.0,70.0
6.0,77.0,18.0
26.0,116.0,237.0
18.0,95.0,67.0
3.0,74.0,9.0
17.0,101.0,113.0
21.0,95.0,82.0
20.0,105.0,120.0
18.0,104.0,121.0
6.0,90.0,25.0
5.0,87.0,20.0
5.0,79.0,17.0
17.0,90.0,82.0
4.0,91.0,17.0
3.0,82.0,7.0
22.0,104.0,151.0
6.0,84.0,16.0
24.0,106.0,150.0
11.0,103.0,62.0
11.0,82.0,42.0
11.0,87.0,37.0
2.0,82.0,7.0
11.0,89.0,56.0
6.0,89.0,29.0
25.0,110.0,161.0
22.0,100.0,104.0
4.0,84.0,12.0
22.0,104.0,124.0
30.0,109.0,189.0
8.0,89.0,41.0
2.0,81.0,3.0
2.0,82.0,7.0
24.0,97.0,128.0
4.0,86.0,18.0
4.0,79.0,12.0
15.0,100.0,88.0
13.0,95.0,86.0
16.0,84.0,68.0
9.0,89.0,38.0
17.0,102.0,98.0
23.0,108.0,150.0
8.0,93.0,46.0
27.0,106.0,171.0
20.0,105.0,124.0
29.0,114.0,202.0
11.0,94.0,51.0
26.0,116.0,189.0
17.0,110.0,106.0
23.0,92.0,121.0
3.0,76.0,11.0
19.0,97.0,109.0
4.0,69.0,8.0
6.0,83.0,23.0
22.0,93.0,83.0
18.0,102.0,101.0
12.0,99.0,71.0
23.0,101.0,151.0
15.0,98.0,78.0
10.0,92.0,39.0
13.0,95.0,67.0
14.0,99.0,81.0
4.0,81.0,9.0
7.0,87.0,32.0
10.0,92.0,34.0
17.0,95.0,80.0
9.0,92.0,34.0
28.0,109.0,202.0
5.0,81.0,12.0
10.0,86.0,43.0
10.0,89.0,45.0
2.0,91.0,10.0
10.0,83.0,23.0
13.0,96.0,69.0
2.0,84.0,7.0
15.0,87.0,73.0
1.0,78.0,4.0
9.0,93.0,47.0
23.0,101.0,130.0
26.0,110.0,197.0
20.0,105.0,116.0
26.0,112.0,187.0
1.0,87.0,4.0
9.0,90.0,45.0
23.0,94.0,97.0
24.0,99.0,112.0
28.0,113.0,196.0
12.0,93.0,53.0
6.0,85.0,25.0
25.0,108.0,151.0
23.0,100.0,143.0
25.0,103.0,147.0
12.0,91.0,44.0
16.0,102.0,91.0
9.0,89.0,42.0
26.0,110.0,172.0
6.0,86.0,23.0
16.0,80.0,61.0
22.0,105.0,150.0
6.0,90.0,26.0
12.0,93.0,53.0
11.0,93.0,52.0
4.0,91.0,15.0
11.0,88.0,48.0
29.0,105.0,191.0
3.0,91.0,18.0
16.0,100.0,87.0
18.0,102.0,103.0
30.0,106.0,188.0
30.0,102.0,152.0
27.0,115.0,193.0
12.0,93.0,63.0
7.0,78.0,24.0
4.0,81.0,13.0
28.0,108.0,195.0
16.0,99.0,95.0
12.0,94.0,62.0
6.0,90.0,34.0
6.0,92.0,26.0
15.0,99.0,83.0
5.0,86.0,15.0
13.0,94.0,52.0
3.0,84.0,13.0
13.0,81.0,60.0
12.0,92.0,54.0
3.0,87.0,13.0
7.0,83.0,27.0
1.0,78.0,2.0
3.0,89.0,11.0
3.0,81.0,7.0
27.0,107.0,203.0
22.0,106.0,158.0
18.0,101.0,100.0
21.0,100.0,121.0
22.0,98.0,146.0
17.0,103.0,108.0
12.0,89.0,49.0
8.0,86.0,25.0
23.0,97.0,120.0
12.0,93.0,73.0
8.0,85.0,31.0
3.0,81.0,10.0
21.0,101.0,127.0
8.0,96.0,44.0
22.0,108.0,184.0
1.0,80.0,2.0
19.0,97.0,101.0
11.0,89.0,47.0
10.0,89.0,43.0
8.0,92.0,35.0
12.0,94.0,66.0
7.0,81.0,26.0
14.0,103.0,96.0
4.0,77.0,11.0
10.0,84.0,45.0
15.0,99.0,74.0
23.0,103.0,150.0
10.0,83.0,39.0
29.0,98.0,152.0
14.0,98.0,86.0
12.0,97.0,52.0
11.0,105.0,73.0
17.0,101.0,96.0
21.0,99.0,124.0
29.0,114.0,201.0
2.0,85.0,8.0
22.0,104.0,126.0
13.0,96.0,71.0
24.0,102.0,138.0
26.0,100.0,156.0
15.0,89.0,69.0
22.0,100.0,117.0
14.0,91.0,55.0
2.0,70.0,4.0
16.0,94.0,83.0
15.0,103.0,89.0
25.0,99.0,149.0
17.0,95.0,88.0
16.0,98.0,73.0
18.0,97.0,115.0
15.0,94.0,62.0
23.0,99.0,164.0
23.0,98.0,119.0
11.0,91.0,40.0
13.0,92.0,76.0
20.0,96.0,92.0
10.0,82.0,20.0
20.0,99.0,91.0
8.0,88.0,35.0
25.0,103.0,149.0
28.0,107.0,163.0
9.0,79.0,28.0
14.0,101.0,65.0
18.0,104.0,99.0
27.0,110.0,197.0
11.0,84.0,42.0
3.0,86.0,12.0
12.0,89.0,48.0
5.0,93.0,21.0
21.0,99.0,130.0
7.0,94.0,29.0
26.0,106.0,171.0
21.0,101.0,114.0
29.0,104.0,177.0
7.0,89.0,23.0
28.0,113.0,194.0
22.0,105.0,126.0
19.0,97.0,108.0
13.0,99.0,68.0
15.0,90.0,63.0
4.0,82.0,14.0
16.0,99.0,107.0
5.0,82.0,22.0
9.0,93.0,55.0
22.0,99.0,116.0
8.0,90.0,41.0
18.0,91.0,68.0
16.0,95.0,91.0
16.0,102.0,91.0
2.0,89.0,10.0
25.0,109.0,161.0
20.0,92.0,104.0
3.0,79.0,5.0
14.0,92.0,79.0
8.0,84.0,31.0
4.0,75.0,11.0
13.0,88.0,55.0
1.0,76.0,2.0
1.0,85.0,4.0
9.0,92.0,43.0
2.0,83.0,5.0
9.0,94.0,33.0
9.0,93.0,36.0
10.0,99.0,57.0
30.0,112.0,256.0
19.0,91.0,92.0
5.0,82.0,20.0
13.0,94.0,66.0
19.0,101.0,117.0
15.0,92.0,77.0
12.0,85.0,45.0
27.0,111.0,196.0
14.0,91.0,48.0
9.0,85.0,41.0
11.0,98.0,61.0
30.0,104.0,184.0
13.0,92.0,58.0
16.0,95.0,91.0
17.0,92.0,75.0
26.0,102.0,170.0
2.0,68.0,5.0
21.0,102.0,130.0
23.0,105.0,141.0
28.0,112.0,197.0
18.0,105.0,107.0
30.0,105.0,250.0
15.0,96.0,62.0
3.0,79.0,12.0
19.0,106.0,134.0
11.0,83.0,26.0
11.0,97.0,50.0
18.0,94.0,84.0
8.0,97.0,44.0
27.0,107.0,162.0
9.0,85.0,43.0
28.0,104.0,230.0
12.0,104.0,99.0
26.0,108.0,165.0
10.0,93.0,48.0
4.0,89.0,25.0
22.0,101.0,123.0
22.0,101.0,165.0
21.0,95.0,103.0
23.0,109.0,156.0
21.0,98.0,115.0
11.0,90.0,47.0
10.0,94.0,49.0
3.0,87.0,13.0
11.0,94.0,48.0
17.0,92.0,86.0
7.0,84.0,28.0
19.0,107.0,124.0
5.0,89.0,22.0
21.0,92.0,85.0
19.0,112.0,123.0
14.0,93.0,64.0
28.0,102.0,162.0
2.0,81.0,7.0
12.0,89.0,44.0
27.0,106.0,200.0
23.0,103.0,151.0
14.0,101.0,72.0
18.0,88.0,86.0
29.0,108.0,230.0
1.0,74.0,3.0
9.0,91.0,43.0
5.0,87.0,21.0
22.0,109.0,181.0
8.0,84.0,35.0
28.0,107.0,165.0
22.0,92.0,108.0
22.0,110.0,148.0
21.0,95.0,104.0
18.0,99.0,114.0
25.0,99.0,132.0
17.0,90.0,74.0
21.0,109.0,136.0
1.0,91.0,5.0
14.0,88.0,59.0
23.0,104.0,177.0
24.0,101.0,167.0
13.0,99.0,70.0
7.0,83.0,29.0
12.0,91.0,71.0
17.0,103.0,111.0
8.0,85.0,27.0
10.0,98.0,54.0
17.0,101.0,104.0
21.0,99.0,100.0
8.0,84.0,30.0
10.0,93.0,51.0
29.0,101.0,154.0
14.0,92.0,72.0
13.0,91.0,58.0
21.0,108.0,131.0
3.0,74.0,8.0
23.0,102.0,132.0
29.0,111.0,219.0
13.0,93.0,67.0
9.0,88.0,44.0
27.0,103.0,164.0
28.0,115.0,206.0
17.0,98.0,99.0
2.0,87.0,9.0
13.0,95.0,63.0
9.0,101.0,52.0
26.0,107.0,166.0
20.0,105.0,121.0
7.0,91.0,32.0
7.0,86.0,34.0
9.0,97.0,43.0
5.0,82.0,21.0
25.0,107.0,166.0
22.0,101.0,126.0
8.0,81.0,27.0
6.0,88.0,37.0
13.0,99.0,94.0
10.0,100.0,55.0
10.0,97.0,52.0
11.0,94.0,53.0
18.0,94.0,70.0
24.0,102.0,120.0
29.0,114.0,201.0
25.0,99.0,147.0
8.0,89.0,35.0
12.0,83.0,27.0
9.0,93.0,35.0
28.0,101.0,158.0
3.0,91.0,16.0
23.0,103.0,121.0
17.0,96.0,92.0
28.0,106.0,189.0
28.0,108.0,188.0
24.0,109.0,177.0
9.0,92.0,41.0
18.0,92.0,70.0
11.0,91.0,54.0
16.0,94.0,104.0
9.0,98.0,43.0
12.0,86.0,54.0
10.0,90.0,45.0
24.0,96.0,145.0
2.0,73.0,7.0
9.0,92.0,50.0
24.0,106.0,149.0
15.0,90.0,66.0
8.0,85.0,33.0
29.0,106.0,216.0
13.0,100.0,72.0
6.0,80.0,20.0
16.0,99.0,76.0
7.0,87.0,30.0
26.0,104.0,164.0
8.0,95.0,40.0
29.0,113.0,196.0
19.0,103.0,114.0
25.0,106.0,168.0
8.0,89.0,33.0
27.0,105.0,159.0
22.0,112.0,173.0
18.0,98.0,93.0
1.0,74.0,3.0
27.0,108.0,161.0
9.0,86.0,23.0
14.0,94.0,68.0
13.0,95.0,71.0
13.0,98.0,77.0
6.0,83.0,23.0
3.0,86.0,16.0
23.0,97.0,138.0
11.0,90.0,49.0
21.0,107.0,133.0
14.0,102.0,95.0
28.0,107.0,177.0
22.0,109.0,153.0
2.0,75.0,6.0
29.0,113.0,218.0
4.0,82.0,14.0
14.0,96.0,59.0
9.0,98.0,45.0
8.0,79.0,34.0
28.0,115.0,251.0
25.0,100.0,144.0
22.0,99.0,106.0
6.0,85.0,28.0
8.0,93.0,44.0
27.0,105.0,221.0
14.0,92.0,64.0
4.0,88.0,16.0
16.0,105.0,103.0
2.0,70.0,3.0
15.0,87.0,70.0
20.0,100.0,136.0
15.0,93.0,79.0
22.0,104.0,127.0
20.0,99.0,108.0
15.0,103.0,87.0
28.0,104.0,172.0
17.0,103.0,115.0
18.0,107.0,119.0
24.0,93.0,120.0
17.0,101.0,124.0
29.0,120.0,219.0
26.0,95.0,124.0
14.0,94.0,70.0
25.0,114.0,223.0
21.0,97.0,88.0
16.0,95.0,61.0
15.0,107.0,122.0
6.0,86.0,26.0
19.0,96.0,81.0
8.0,86.0,48.0
6.0,83.0,21.0
14.0,89.0,47.0
17.0,94.0,88.0
26.0,111.0,193.0
17.0,98.0,90.0
20.0,88.0,65.0
6.0,84.0,25.0
25.0,100.0,144.0
13.0,98.0,78.0
9.0,89.0,31.0
19.0,105.0,112.0
4.0,83.0,15.0
21.0,97.0,110.0
23.0,106.0,143.0
9.0,89.0,29.0
20.0,96.0,143.0
4.0,85.0,14.0
28.0,108.0,189.0
15.0,99.0,81.0
8.0,91.0,41.0
17.0,98.0,92.0
4.0,83.0,17.0
23.0,108.0,157.0
10.0,90.0,44.0
5.0,89.0,16.0
11.0,101.0,60.0
3.0,77.0,6.0
5.0,91.0,32.0
3.0,87.0,8.0
29.0,108.0,166.0
17.0,97.0,80.0
11.0,84.0,49.0
24.0,111.0,156.0
2.0,73.0,6.0
11.0,100.0,61.0
14.0,95.0,68.0
15.0,101.0,95.0
18.0,89.0,85.0
28.0,105.0,170.0
18.0,97.0,88.0
4.0,85.0,16.0
17.0,91.0,57.0
22.0,107.0,150.0
6.0,89.0,25.0
13.0,88.0,55.0
27.0,112.0,266.0
25.0,102.0,191.0
21.0,98.0,126.0
11.0,83.0,39.0
2.0,80.0,10.0
23.0,102.0,128.0
22.0,112.0,152.0
5.0,87.0,21.0
24.0,104.0,129.0
25.0,114.0,186.0
10.0,86.0,42.0
17.0,97.0,73.0
25.0,111.0,180.0
25.0,118.0,193.0
6.0,86.0,25.0
6.0,84.0,22.0
29.0,101.0,167.0
29.0,110.0,207.0
21.0,108.0,139.0
21.0,98.0,109.0
12.0,89.0,53.0
20.0,102.0,112.0
22.0,101.0,102.0
28.0,106.0,170.0
28.0,108.0,172.0
3.0,84.0,11.0
19.0,104.0,130.0
24.0,107.0,171.0
27.0,109.0,173.0
23.0,97.0,136.0
29.0,108.0,199.0
23.0,103.0,141.0
28.0,104.0,177.0
3.0,75.0,9.0
17.0,99.0,96.0
3.0,75.0,5.0
22.0,99.0,118.0
18.0,101.0,112.0
9.0,79.0,27.0
17.0,90.0,85.0
27.0,110.0,191.0
9.0,90.0,40.0
1.0,84.0,3.0
9.0,85.0,35.0
2.0,87.0,9.0
20.0,97.0,92.0
16.0,90.0,80.0
8.0,86.0,33.0
1.0,79.0,3.0
17.0,103.0,102.0
15.0,96.0,99.0
28.0,101.0,151.0
11.0,94.0,52.0
6.0,81.0,21.0
19.0,94.0,93.0
18.0,103.0,120.0
3.0,85.0,13.0
5.0,90.0,22.0
16.0,101.0,92.0
24.0,100.0,147.0
21.0,95.0,105.0
20.0,103.0,115.0
15.0,95.0,76.0
8.0,90.0,35.0
28.0,115.0,251.0
19.0,102.0,105.0
19.0,99.0,109.0
14.0,95.0,58.0
9.0,90.0,43.0
17.0,94.0,88.0
14.0,85.0,54.0
21.0,98.0,110.0
11.0,95.0,54.0
22.0,103.0,126.0
21.0,95.0,86.0
25.0,101.0,152.0
13.0,95.0,53.0
22.0,102.0,140.0
17.0,89.0,56.0
21.0,99.0,123.0
3.0,84.0,7.0
24.0,107.0,152.0
6.0,83.0,21.0
14.0,102.0,94.0
13.0,99.0,68.0
19.0,97.0,105.0
25.0,101.0,142.0
17.0,94.0,68.0
13.0,99.0,64.0
17.0,98.0,105.0
23.0,106.0,152.0
26.0,109.0,193.0
17.0,95.0,75.0
26.0,109.0,174.0
15.0,92.0,79.0
29.0,114.0,210.0
4.0,79.0,13.0
9.0,91.0,40.0
20.0,94.0,101.0
22.0,98.0,131.0
14.0,100.0,90.0
12.0,97.0,72.0
7.0,91.0,33.0
28.0,110.0,252.0
18.0,104.0,135.0
26.0,99.0,146.0
22.0,98.0,138.0
18.0,96.0,97.0
17.0,99.0,99.0
16.0,99.0,102.0
3.0,79.0,10.0
13.0,102.0,78.0
23.0,102.0,144.0
30.0,109.0,206.0
9.0,87.0,37.0
7.0,89.0,34.0
29.0,109.0,189.0
24.0,100.0,130.0
18.0,96.0,82.0
14.0,106.0,82.0
6.0,90.0,29.0
13.0,93.0,58.0
21.0,101.0,129.0
19.0,101.0,103.0
1.0,86.0,4.0
15.0,86.0,63.0
27.0,100.0,155.0
8.0,96.0,43.0
3.0,74.0,7.0
10.0,85.0,26.0
29.0,112.0,193.0
15.0,100.0,70.0
26.0,113.0,191.0
16.0,89.0,83.0
23.0,108.0,160.0
13.0,89.0,52.0
24.0,98.0,120.0
12.0,86.0,44.0
7.0,73.0,19.0
10.0,89.0,50.0
7.0,90.0,32.0
24.0,112.0,167.0
21.0,108.0,133.0
2.0,83.0,10.0
19.0,101.0,138.0
30.0,106.0,171.0
24.0,94.0,162.0
12.0,88.0,50.0
18.0,98.0,113.0
29.0,105.0,198.0
12.0,104.0,84.0
10.0,91.0,35.0
14.0,93.0,77.0
21.0,108.0,147.0
17.0,96.0,72.0
6.0,84.0,13.0
19.0,102.0,110.0
7.0,76.0,17.0
10.0,87.0,48.0
21.0,99.0,114.0
4.0,83.0,9.0
12.0,90.0,48.0
15.0,91.0,65.0
9.0,88.0,32.0
22.0,99.0,113.0
3.0,85.0,10.0
23.0,101.0,138.0
12.0,89.0,47.0
2.0,78.0,7.0
15.0,96.0,71.0
6.0,81.0,12.0
28.0,100.0,201.0
26.0,104.0,162.0
16.0,101.0,97.0
8.0,81.0,26.0
16.0,90.0,53.0
3.0,83.0,9.0
3.0,88.0,13.0
26.0,102.0,193.0
27.0,110.0,239.0
17.0,104.0,106.0
21.0,106.0,134.0
5.0,83.0,15.0
24.0,102.0,135.0
23.0,104.0,134.0
23.0,98.0,142.0
6.0,93.0,33.0
25.0,103.0,158.0
12.0,101.0,85.0
15.0,98.0,79.0
7.0,96.0,40.0
9.0,92.0,39.0
5.0,86.0,23.0
12.0,96.0,66.0
14.0,92.0,65.0
26.0,94.0,124.0
15.0,99.0,89.0
16.0,102.0,80.0
8.0,91.0,36.0
17.0,103.0,99.0
28.0,112.0,252.0
17.0,95.0,88.0
13.0,89.0,45.0
30.0,112.0,199.0
26.0,108.0,171.0
6.0,81.0,11.0
14.0,94.0,74.0
12.0,88.0,51.0
20.0,99.0,104.0
27.0,105.0,171.0
22.0,104.0,129.0
10.0,88.0,29.0
28.0,107.0,162.0
7.0,88.0,29.0
20.0,95.0,108.0
17.0,101.0,101.0
21.0,102.0,120.0
17.0,95.0,87.0
25.0,107.0,188.0
9.0,93.0,47.0
25.0,101.0,150.0
23.0,107.0,164.0
6.0,78.0,21.0
20.0,99.0,132.0
18.0,99.0,90.0
7.0,87.0,28.0
18.0,104.0,137.0
4.0,80.0,13.0
24.0,101.0,138.0
8.0,88.0,22.0
9.0,92.0,54.0
22.0,106.0,132.0
8.0,85.0,24.0
4.0,93.0,21.0
13.0,106.0,83.0
27.0,102.0,140.0
5.0,88.0,20.0
20.0,98.0,120.0
24.0,106.0,148.0
21.0,96.0,120.0
4.0,82.0,12.0
11.0,89.0,47.0
13.0,89.0,65.0
11.0,88.0,49.0
19.0,112.0,123.0
18.0,97.0,103.0
15.0,98.0,86.0
27.0,94.0,118.0
16.0,102.0,80.0
27.0,115.0,191.0
10.0,86.0,42.0
2.0,89.0,7.0
29.0,110.0,180.0
6.0,82.0,21.0
22.0,90.0,104.0
7.0,88.0,36.0
18.0,102.0,121.0
22.0,101.0,120.0
26.0,108.0,209.0
23.0,105.0,178.0
25.0,98.0,111.0
23.0,107.0,158.0
9.0,94.0,44.0
19.0,88.0,77.0
2.0,85.0,8.0
22.0,98.0,121.0
18.0,96.0,97.0
26.0,108.0,208.0
30.0,103.0,215.0
3.0,91.0,13.0
15.0,89.0,68.0
14.0,96.0,67.0
11.0,94.0,55.0
10.0,95.0,54.0
29.0,107.0,169.0
15.0,86.0,65.0
16.0,103.0,104.0
18.0,97.0,104.0
2.0,78.0,4.0
24.0,103.0,143.0
17.0,101.0,100.0
22.0,96.0,99.0
16.0,97.0,87.0
13.0,93.0,50.0
9.0,88.0,41.0
29.0,105.0,174.0
15.0,86.0,66.0
30.0,113.0,231.0
11.0,95.0,58.0
17.0,101.0,100.0
13.0,100.0,74.0
3.0,85.0,12.0
9.0,85.0,41.0
10.0,92.0,56.0
26.0,105.0,169.0
16.0,99.0,86.0
14.0,96.0,87.0
12.0,93.0,58.0
23.0,109.0,141.0
5.0,93.0,26.0
4.0,74.0,11.0
17.0,91.0,74.0
24.0,109.0,144.0
24.0,105.0,138.0
9.0,91.0,42.0
21.0,92.0,126.0
24.0,108.0,185.0
5.0,89.0,26.0
29.0,116.0,226.0
29.0,112.0,200.0
8.0,75.0,29.0
1.0,75.0,2.0
11.0,98.0,51.0
27.0,109.0,182.0
25.0,106.0,155.0
15.0,91.0,52.0
18.0,105.0,118.0
27.0,105.0,186.0
19.0,96.0,95.0
10.0,86.0,43.0
16.0,93.0,56.0
20.0,99.0,110.0
18.0,95.0,119.0
4.0,89.0,15.0
26.0,101.0,189.0
29.0,112.0,210.0
18.0,92.0,95.0
16.0,87.0,74.0
28.0,103.0,170.0
24.0,111.0,197.0
10.0,93.0,57.0
13.0,85.0,36.0
22.0,105.0,124.0
8.0,87.0,26.0
12.0,91.0,63.0
14.0,93.0,64.0
24.0,113.0,164.0
20.0,102.0,129.0
7.0,88.0,24.0
6.0,91.0,35.0
26.0,106.0,170.0
12.0,91.0,54.0
18.0,91.0,76.0
4.0,82.0,14.0
16.0,98.0,86.0
5.0,88.0,15.0
16.0,95.0,90.0
15.0,86.0,61.0
25.0,105.0,139.0
10.0,90.0,54.0
4.0,84.0,14.0
3.0,79.0,5.0
27.0,102.0,151.0
21.0,92.0,114.0
7.0,89.0,34.0
3.0,75.0,2.0
24.0,94.0,111.0
11.0,95.0,66.0
9.0,95.0,41.0
2.0,71.0,5.0
11.0,97.0,61.0
20.0,94.0,87.0
6.0,79.0,13.0
8.0,86.0,21.0
21.0,99.0,110.0
29.0,105.0,211.0
4.0,91.0,18.0
5.0,87.0,14.0
19.0,103.0,137.0
7.0,90.0,32.0
10.0,86.0,44.0
12.0,94.0,61.0
22.0,94.0,104.0
10.0,94.0,48.0
9.0,92.0,44.0
16.0,98.0,78.0
19.0,106.0,134.0
18.0,102.0,104.0
28.0,101.0,143.0
8.0,76.0,25.0
21.0,109.0,141.0
8.0,84.0,21.0
12.0,95.0,51.0
10.0,85.0,40.0
16.0,96.0,87.0
13.0,96.0,62.0
8.0,88.0,28.0
13.0,99.0,74.0
22.0,104.0,130.0
23.0,94.0,135.0
24.0,105.0,143.0
21.0,104.0,140.0
28.0,107.0,187.0
9.0,93.0,47.0
30.0,111.0,212.0
18.0,89.0,52.0
29.0,111.0,180.0
5.0,79.0,17.0
2.0,73.0,5.0
12.0,91.0,74.0
22.0,101.0,113.0
2.0,82.0,7.0
28.0,115.0,194.0
10.0,84.0,40.0
3.0,80.0,12.0
19.0,86.0,51.0
23.0,99.0,145.0
15.0,88.0,66.0
24.0,104.0,165.0
14.0,95.0,79.0
28.0,104.0,206.0
11.0,94.0,58.0
22.0,102.0,143.0
18.0,99.0,93.0
5.0,87.0,26.0
5.0,94.0,23.0
28.0,105.0,229.0
24.0,107.0,137.0
20.0,100.0,143.0
8.0,78.0,24.0
18.0,97.0,131.0
30.0,112.0,211.0
26.0,104.0,170.0
29.0,104.0,170.0
22.0,98.0,112.0
25.0,103.0,172.0
10.0,97.0,46.0
28.0,105.0,172.0
2.0,87.0,9.0
11.0,96.0,54.0
28.0,107.0,171.0
2.0,87.0,7.0
20.0,103.0,123.0
28.0,113.0,205.0
3.0,81.0,11.0
7.0,95.0,30.0
5.0,83.0,16.0
8.0,88.0,34.0
23.0,107.0,193.0
18.0,96.0,89.0
5.0,92.0,22.0
3.0,85.0,12.0
28.0,104.0,166.0
27.0,103.0,166.0
6.0,91.0,31.0
23.0,100.0,126.0
11.0,89.0,51.0
27.0,101.0,155.0
26.0,106.0,177.0
8.0,98.0,43.0
23.0,99.0,135.0
20.0,103.0,114.0
7.0,92.0,32.0
28.0,102.0,135.0
18.0,102.0,95.0
17.0,90.0,80.0
8.0,82.0,30.0
20.0,103.0,121.0
5.0,81.0,19.0
3.0,85.0,13.0
23.0,105.0,137.0
29.0,101.0,172.0
26.0,112.0,181.0
21.0,100.0,111.0
29.0,114.0,239.0
21.0,100.0,103.0
25.0,107.0,170.0
3.0,92.0,10.0
9.0,88.0,39.0
3.0,89.0,16.0
5.0,79.0,16.0
10.0,87.0,47.0
7.0,80.0,10.0
7.0,91.0,34.0
7.0,82.0,24.0
2.0,84.0,10.0
28.0,101.0,153.0
24.0,105.0,167.0
16.0,102.0,116.0
15.0,89.0,63.0
22.0,91.0,89.0
1.0,76.0,3.0
10.0,85.0,38.0
12.0,91.0,48.0
21.0,101.0,140.0
13.0,86.0,62.0
11.0,96.0,47.0
2.0,80.0,7.0
27.0,98.0,124.0
5.0,88.0,17.0
11.0,93.0,45.0
7.0,88.0,35.0
15.0,88.0,54.0
7.0,89.0,31.0
14.0,89.0,49.0
17.0,98.0,91.0
4.0,80.0,13.0
29.0,111.0,193.0
10.0,92.0,37.0
14.0,87.0,62.0
14.0,96.0,65.0
22.0,103.0,140.0
13.0,95.0,69.0
13.0,89.0,48.0
23.0,97.0,133.0
14.0,85.0,66.0
21.0,107.0,128.0
26.0,103.0,167.0
4.0,85.0,12.0
10.0,90.0,53.0
11.0,90.0,42.0
23.0,104.0,138.0
11.0,98.0,61.0
6.0,82.0,10.0
9.0,91.0,49.0
4.0,85.0,15.0
13.0,94.0,66.0
23.0,97.0,127.0
6.0,91.0,25.0
18.0,92.0,82.0
9.0,85.0,30.0
26.0,98.0,179.0
1.0,80.0,4.0
13.0,83.0,28.0
15.0,100.0,69.0
15.0,95.0,86.0
29.0,96.0,151.0
17.0,96.0,97.0
15.0,96.0,63.0
16.0,99.0,86.0
27.0,109.0,159.0
15.0,95.0,79.0
16.0,101.0,92.0
28.0,107.0,193.0
21.0,103.0,109.0
13.0,87.0,63.0
10.0,94.0,47.0
10.0,87.0,49.0
19.0,102.0,110.0
20.0,92.0,97.0
11.0,89.0,52.0
3.0,89.0,10.0
7.0,87.0,23.0
9.0,97.0,47.0
6.0,90.0,27.0
8.0,87.0,44.0
24.0,95.0,136.0
29.0,112.0,228.0
13.0,96.0,74.0
29.0,109.0,184.0
12.0,86.0,38.0
5.0,80.0,19.0
28.0,110.0,184.0
28.0,111.0,200.0
28.0,106.0,186.0
24.0,103.0,147.0
13.0,96.0,65.0
17.0,96.0,114.0
20.0,101.0,123.0
20.0,101.0,100.0
7.0,96.0,36.0
14.0,106.0,112.0
26.0,109.0,165.0
28.0,108.0,203.0
29.0,102.0,189.0
2.0,73.0,2.0
10.0,87.0,45.0
8.0,81.0,21.0
30.0,114.0,223.0
25.0,107.0,156.0
19.0,100.0,106.0
4.0,92.0,21.0
10.0,95.0,41.0
23.0,99.0,121.0
13.0,89.0,60.0
25.0,99.0,153.0
14.0,95.0,63.0
12.0,88.0,41.0
29.0,121.0,300.0
5.0,92.0,24.0
12.0,91.0,66.0
30.0,99.0,175.0
15.0,100.0,92.0
25.0,110.0,165.0
10.0,88.0,41.0
15.0,92.0,80.0
5.0,91.0,20.0
5.0,84.0,23.0
5.0,82.0,23.0
16.0,94.0,81.0
4.0,94.0,17.0
8.0,93.0,51.0
4.0,83.0,17.0
29.0,105.0,210.0
7.0,88.0,30.0
2.0,82.0,5.0
8.0,92.0,44.0
24.0,102.0,142.0
4.0,81.0,13.0
21.0,99.0,109.0
12.0,95.0,63.0
7.0,81.0,23.0
11.0,102.0,72.0
3.0,94.0,14.0
27.0,105.0,168.0
25.0,105.0,182.0
19.0,100.0,103.0
9.0,88.0,48.0
17.0,92.0,84.0
8.0,88.0,34.0
20.0,101.0,119.0
3.0,85.0,13.0
27.0,106.0,162.0
9.0,91.0,39.0
12.0,92.0,53.0
24.0,106.0,155.0
21.0,107.0,142.0
17.0,101.0,114.0
21.0,98.0,106.0
20.0,100.0,96.0
3.0,92.0,11.0
8.0,79.0,25.0
12.0,92.0,51.0
10.0,86.0,42.0
7.0,86.0,31.0
14.0,88.0,61.0
7.0,88.0,26.0
2.0,84.0,8.0
21.0,102.0,132.0
11.0,89.0,55.0
25.0,107.0,152.0
30.0,110.0,190.0
8.0,82.0,32.0
4.0,91.0,21.0
24.0,102.0,160.0
9.0,91.0,38.0
6.0,91.0,27.0
25.0,114.0,175.0
11.0,88.0,45.0
2.0,72.0,5.0
4.0,88.0,19.0
27.0,118.0,203.0
24.0,101.0,135.0
21.0,95.0,115.0
21.0,103.0,125.0
18.0,105.0,111.0
11.0,90.0,32.0
22.0,104.0,144.0
2.0,79.0,7.0
15.0,91.0,59.0
15.0,97.0,91.0
29.0,94.0,145.0
4.0,89.0,18.0
18.0,95.0,98.0
24.0,96.0,144.0
2.0,83.0,8.0
20.0,97.0,92.0
11.0,82.0,55.0
17.0,102.0,92.0
24.0,108.0,171.0
29.0,108.0,183.0
10.0,97.0,62.0
26.0,96.0,155.0
3.0,79.0,11.0
17.0,95.0,81.0
3.0,86.0,13.0
10.0,99.0,52.0
25.0,110.0,165.0
27.0,109.0,223.0
19.0,92.0,92.0
19.0,104.0,117.0
11.0,85.0,32.0
28.0,102.0,168.0
5.0,85.0,19.0
8.0,82.0,29.0
16.0,96.0,69.0
25.0,100.0,114.0
22.0,101.0,156.0
22.0,103.0,143.0
7.0,82.0,27.0
27.0,111.0,201.0
8.0,87.0,23.0
26.0,113.0,236.0
25.0,106.0,137.0
15.0,101.0,107.0
17.0,100.0,104.0
20.0,102.0,134.0
23.0,94.0,87.0
27.0,111.0,179.0
30.0,114.0,216.0
30.0,114.0,227.0
18.0,107.0,132.0
19.0,103.0,110.0
18.0,89.0,91.0
22.0,108.0,147.0
22.0,110.0,183.0
20.0,102.0,113.0
23.0,96.0,135.0
21.0,96.0,110.0
1.0,88.0,4.0
19.0,100.0,110.0
9.0,90.0,42.0
23.0,101.0,153.0
10.0,99.0,54.0
8.0,83.0,29.0
8.0,75.0,22.0
4.0,90.0,18.0
18.0,103.0,134.0
10.0,93.0,40.0
30.0,116.0,223.0
16.0,102.0,101.0
16.0,96.0,75.0
2.0,77.0,6.0
28.0,111.0,198.0
6.0,85.0,23.0
8.0,82.0,24.0
18.0,106.0,107.0
7.0,80.0,16.0
25.0,103.0,144.0
18.0,96.0,93.0
25.0,102.0,142.0
16.0,90.0,77.0
10.0,91.0,35.0
17.0,104.0,98.0
18.0,96.0,106.0
25.0,105.0,151.0
18.0,94.0,72.0
6.0,87.0,29.0
17.0,98.0,88.0
11.0,91.0,56.0
14.0,91.0,60.0
14.0,96.0,59.0
16.0,101.0,103.0
27.0,109.0,198.0
30.0,115.0,209.0
9.0,85.0,47.0
13.0,91.0,51.0
17.0,97.0,90.0
14.0,94.0,76.0
8.0,87.0,25.0
19.0,105.0,124.0
5.0,82.0,13.0
28.0,113.0,194.0
8.0,90.0,43.0
15.0,93.0,69.0
25.0,108.0,144.0
13.0,98.0,75.0
14.0,99.0,106.0
13.0,93.0,78.0
26.0,110.0,190.0
7.0,87.0,24.0
18.0,108.0,114.0
25.0,106.0,137.0
1.0,83.0,4.0
28.0,110.0,249.0
10.0,87.0,45.0
8.0,94.0,38.0
23.0,101.0,131.0
5.0,85.0,14.0
30.0,107.0,213.0
16.0,91.0,78.0
6.0,84.0,24.0
20.0,102.0,114.0
12.0,91.0,56.0
27.0,100.0,160.0
18.0,107.0,142.0
25.0,107.0,160.0
26.0,108.0,173.0
26.0,106.0,174.0
5.0,94.0,20.0
23.0,107.0,138.0
30.0,110.0,254.0
26.0,107.0,195.0
1.0,86.0,3.0
7.0,89.0,27.0
25.0,110.0,207.0
11.0,85.0,37.0
27.0,103.0,167.0
5.0,82.0,15.0
16.0,96.0,81.0
26.0,103.0,131.0
2.0,76.0,5.0
27.0,109.0,179.0
22.0,100.0,118.0
11.0,90.0,38.0
23.0,100.0,130.0
9.0,88.0,38.0
5.0,94.0,30.0
16.0,93.0,76.0
12.0,90.0,42.0
13.0,87.0,48.0
28.0,108.0,173.0
5.0,90.0,17.0
25.0,98.0,147.0
8.0,83.0,28.0
19.0,98.0,101.0
17.0,94.0,78.0
12.0,92.0,54.0
7.0,92.0,33.0
21.0,97.0,104.0
4.0,84.0,18.0
25.0,104.0,149.0
24.0,100.0,115.0
5.0,81.0,21.0
15.0,90.0,61.0
11.0,90.0,56.0
27.0,107.0,154.0
9.0,92.0,49.0
5.0,88.0,22.0
6.0,89.0,26.0
29.0,109.0,232.0
26.0,113.0,223.0
12.0,104.0,70.0
29.0,111.0,189.0
10.0,91.0,45.0
17.0,97.0,66.0
9.0,90.0,38.0
30.0,106.0,181.0
20.0,95.0,95.0
13.0,95.0,81.0
8.0,88.0,35.0
17.0,102.0,99.0
27.0,99.0,134.0
3.0,81.0,10.0
23.0,96.0,126.0
28.0,102.0,162.0
18.0,96.0,104.0
2.0,95.0,10.0
10.0,99.0,46.0
24.0,104.0,135.0
12.0,99.0,67.0
4.0,90.0,15.0
28.0,104.0,178.0
4.0,85.0,17.0
3.0,80.0,10.0
14.0,105.0,99.0
15.0,94.0,78.0
15.0,93.0,84.0
19.0,94.0,109.0
28.0,103.0,176.0
11.0,89.0,56.0
10.0,96.0,73.0
21.0,107.0,115.0
5.0,86.0,23.0
17.0,100.0,96.0
27.0,107.0,164.0
4.0,75.0,9.0
24.0,107.0,150.0
3.0,80.0,11.0
12.0,93.0,54.0
6.0,96.0,23.0
21.0,106.0,160.0
23.0,94.0,149.0
9.0,86.0,25.0
4.0,79.0,12.0
26.0,114.0,211.0
3.0,85.0,12.0
18.0,93.0,89.0
6.0,93.0,23.0
10.0,89.0,31.0
13.0,104.0,82.0
7.0,86.0,29.0
15.0,89.0,73.0
29.0,105.0,224.0
9.0,85.0,37.0
18.0,96.0,107.0
14.0,92.0,88.0
16.0,96.0,72.0
27.0,101.0,173.0
18.0,107.0,118.0
4.0,88.0,18.0
6.0,94.0,33.0
24.0,103.0,150.0
13.0,92.0,60.0
6.0,79.0,20.0
9.0,81.0,31.0
21.0,101.0,108.0
10.0,98.0,44.0
22.0,103.0,157.0
12.0,90.0,56.0
5.0,82.0,19.0
8.0,90.0,35.0
9.0,90.0,45.0
5.0,86.0,22.0
9.0,89.0,39.0
2.0,81.0,5.0
10.0,95.0,56.0
26.0,109.0,182.0
22.0,100.0,128.0
10.0,98.0,59.0
6.0,90.0,29.0
15.0,90.0,65.0
7.0,94.0,34.0
14.0,93.0,54.0
3.0,77.0,9.0
12.0,89.0,49.0
12.0,100.0,65.0
8.0,88.0,27.0
13.0,93.0,60.0
4.0,80.0,9.0
12.0,97.0,60.0
18.0,92.0,82.0
3.0,84.0,13.0
27.0,114.0,208.0
12.0,94.0,48.0
3.0,78.0,9.0
17.0,101.0,101.0
11.0,88.0,52.0
3.0,84.0,8.0
27.0,108.0,172.0
28.0,99.0,168.0
22.0,107.0,160.0
6.0,84.0,27.0
13.0,92.0,54.0
13.0,95.0,67.0
25.0,105.0,173.0
27.0,108.0,248.0
2.0,84.0,8.0
13.0,92.0,67.0
27.0,112.0,192.0
22.0,104.0,134.0
20.0,95.0,106.0
19.0,105.0,116.0
3.0,73.0,9.0
2.0,82.0,5.0
11.0,85.0,41.0
15.0,89.0,72.0
9.0,95.0,43.0
4.0,79.0,16.0
25.0,115.0,178.0
11.0,91.0,46.0
20.0,100.0,101.0
14.0,95.0,82.0
7.0,83.0,20.0
7.0,84.0,19.0
4.0,86.0,13.0
13.0,99.0,68.0
4.0,87.0,13.0
7.0,96.0,38.0
8.0,85.0,18.0
3.0,82.0,8.0
11.0,95.0,59.0
10.0,90.0,46.0
9.0,93.0,42.0
29.0,109.0,217.0
15.0,90.0,75.0
12.0,86.0,52.0
11.0,91.0,36.0
19.0,99.0,94.0
11.0,94.0,60.0
29.0,107.0,183.0
2.0,76.0,7.0
30.0,117.0,222.0
30.0,111.0,224.0
26.0,100.0,165.0
5.0,87.0,16.0
22.0,100.0,132.0
20.0,104.0,135.0
24.0,112.0,193.0
16.0,96.0,87.0
18.0,97.0,96.0
11.0,93.0,52.0
21.0,106.0,140.0
8.0,85.0,31.0
21.0,95.0,84.0
5.0,83.0,19.0
16.0,97.0,80.0
10.0,98.0,61.0
8.0,95.0,41.0
20.0,109.0,177.0
25.0,112.0,186.0
19.0,105.0,113.0
26.0,105.0,158.0
12.0,91.0,45.0
14.0,93.0,75.0
20.0,100.0,108.0
26.0,105.0,159.0
27.0,102.0,201.0
8.0,97.0,47.0
16.0,97.0,90.0
18.0,100.0,104.0
2.0,84.0,7.0
13.0,96.0,65.0
26.0,104.0,170.0
13.0,93.0,60.0
6.0,90.0,33.0
1.0,87.0,5.0
15.0,91.0,51.0
26.0,106.0,165.0
7.0,86.0,29.0
16.0,89.0,82.0
16.0,94.0,81.0
26.0,106.0,167.0
24.0,111.0,173.0
23.0,97.0,117.0
12.0,92.0,57.0
26.0,100.0,154.0
9.0,79.0,28.0
6.0,87.0,28.0
8.0,93.0,37.0
5.0,85.0,13.0
23.0,112.0,155.0
5.0,86.0,19.0
22.0,109.0,189.0
30.0,103.0,192.0
7.0,87.0,27.0
5.0,80.0,19.0
17.0,107.0,124.0
2.0,84.0,9.0
5.0,84.0,22.0
7.0,90.0,31.0
12.0,93.0,60.0
30.0,114.0,207.0
24.0,107.0,155.0
15.0,100.0,87.0
9.0,85.0,35.0
28.0,114.0,198.0
10.0,83.0,37.0
24.0,110.0,139.0
10.0,93.0,45.0
12.0,90.0,61.0
4.0,82.0,17.0
7.0,86.0,28.0
5.0,91.0,21.0
30.0,111.0,200.0
20.0,100.0,104.0
12.0,92.0,59.0
25.0,97.0,127.0
21.0,103.0,111.0
20.0,103.0,115.0
14.0,86.0,37.0
25.0,109.0,153.0
6.0,91.0,28.0
4.0,77.0,14.0
25.0,112.0,176.0
19.0,97.0,105.0
13.0,96.0,71.0
14.0,90.0,61.0
16.0,98.0,84.0
19.0,100.0,105.0
19.0,96.0,94.0
20.0,92.0,83.0
16.0,99.0,77.0
30.0,105.0,230.0
29.0,100.0,179.0
18.0,101.0,101.0
7.0,86.0,27.0
26.0,107.0,161.0
13.0,91.0,57.0
1.0,88.0,5.0
26.0,113.0,172.0
27.0,107.0,169.0
26.0,114.0,193.0
8.0,88.0,27.0
4.0,85.0,18.0
8.0,91.0,40.0
22.0,113.0,202.0
16.0,95.0,74.0
16.0,101.0,85.0
8.0,88.0,35.0
16.0,100.0,96.0
27.0,111.0,203.0
24.0,91.0,126.0
17.0,94.0,91.0
2.0,89.0,9.0
22.0,98.0,109.0
2.0,84.0,7.0
26.0,108.0,152.0
6.0,78.0,9.0
5.0,90.0,23.0
4.0,78.0,6.0
8.0,85.0,32.0
16.0,87.0,67.0
16.0,96.0,84.0
11.0,79.0,37.0
28.0,107.0,174.0
12.0,85.0,49.0
12.0,101.0,76.0
13.0,93.0,59.0
17.0,93.0,83.0
12.0,93.0,64.0
2.0,77.0,7.0
1.0,85.0,4.0
7.0,86.0,20.0
13.0,93.0,55.0
24.0,96.0,133.0
26.0,107.0,184.0
15.0,101.0,84.0
15.0,95.0,76.0
5.0,85.0,27.0
20.0,100.0,118.0
7.0,85.0,19.0
28.0,106.0,173.0
10.0,88.0,46.0
27.0,112.0,187.0
17.0,104.0,110.0
6.0,91.0,30.0
24.0,109.0,166.0
4.0,78.0,11.0
10.0,91.0,42.0
16.0,92.0,94.0
26.0,110.0,212.0
10.0,89.0,45.0
29.0,102.0,164.0
19.0,105.0,113.0
24.0,100.0,146.0
9.0,87.0,44.0
21.0,105.0,132.0
6.0,87.0,21.0
20.0,93.0,97.0
3.0,79.0,11.0
29.0,114.0,230.0
29.0,116.0,220.0
4.0,83.0,11.0
28.0,114.0,190.0
20.0,100.0,108.0
27.0,110.0,167.0
22.0,107.0,128.0
11.0,90.0,49.0
21.0,104.0,136.0
26.0,115.0,200.0
1.0,86.0,5.0
6.0,79.0,20.0
27.0,113.0,198.0
10.0,90.0,45.0
7.0,93.0,35.0
24.0,99.0,141.0
23.0,103.0,133.0
14.0,90.0,79.0
17.0,101.0,102.0
18.0,93.0,79.0
23.0,106.0,150.0
2.0,78.0,3.0
6.0,91.0,26.0
10.0,85.0,30.0
25.0,100.0,138.0
29.0,113.0,219.0
14.0,86.0,65.0
15.0,100.0,96.0
28.0,109.0,184.0
20.0,96.0,102.0
9.0,81.0,36.0
19.0,105.0,116.0
26.0,103.0,165.0
8.0,92.0,39.0
1.0,80.0,3.0
7.0,98.0,40.0
13.0,82.0,55.0
27.0,110.0,175.0
21.0,100.0,102.0
19.0,93.0,67.0
4.0,90.0,18.0
30.0,110.0,217.0
28.0,116.0,215.0
4.0,93.0,20.0
6.0,84.0,18.0
29.0,107.0,261.0
21.0,98.0,108.0
28.0,111.0,189.0
29.0,112.0,188.0
19.0,98.0,82.0
12.0,86.0,55.0
27.0,107.0,161.0
11.0,83.0,36.0
14.0,95.0,79.0
19.0,101.0,116.0
2.0,75.0,7.0
29.0,115.0,231.0
3.0,82.0,12.0
29.0,109.0,202.0
10.0,92.0,46.0
13.0,93.0,72.0
8.0,80.0,29.0
22.0,100.0,142.0
21.0,102.0,121.0
17.0,102.0,88.0
27.0,106.0,228.0
28.0,112.0,186.0
21.0,108.0,138.0
29.0,111.0,188.0
12.0,82.0,42.0
28.0,106.0,184.0
11.0,95.0,44.0
2.0,81.0,4.0
2.0,74.0,4.0
25.0,111.0,175.0
2.0,77.0,6.0
12.0,86.0,28.0
17.0,97.0,100.0
16.0,106.0,97.0
15.0,96.0,80.0
30.0,113.0,200.0
26.0,110.0,203.0
12.0,90.0,38.0
7.0,95.0,33.0
14.0,83.0,54.0
26.0,102.0,127.0
26.0,114.0,190.0
30.0,99.0,155.0
16.0,97.0,85.0
13.0,94.0,79.0
2.0,79.0,4.0
18.0,95.0,88.0
9.0,83.0,36.0
23.0,105.0,152.0
14.0,99.0,69.0
23.0,104.0,149.0
19.0,96.0,84.0
16.0,94.0,80.0
9.0,89.0,46.0
24.0,97.0,135.0
4.0,83.0,17.0
10.0,91.0,46.0
29.0,111.0,202.0
3.0,81.0,12.0
19.0,100.0,116.0
21.0,108.0,150.0
4.0,80.0,13.0
2.0,81.0,6.0
4.0,85.0,15.0
22.0,99.0,114.0
12.0,93.0,68.0
3.0,80.0,12.0
13.0,101.0,82.0
11.0,87.0,45.0
27.0,105.0,174.0
11.0,93.0,52.0
5.0,87.0,16.0
5.0,85.0,23.0
19.0,99.0,100.0
21.0,103.0,142.0
5.0,89.0,21.0
11.0,90.0,57.0
11.0,79.0,35.0
24.0,105.0,129.0
23.0,103.0,134.0
18.0,91.0,59.0
25.0,103.0,131.0
2.0,79.0,7.0
12.0,87.0,35.0
27.0,102.0,198.0
17.0,102.0,125.0
3.0,80.0,9.0
6.0,90.0,19.0
12.0,100.0,67.0
19.0,94.0,105.0
20.0,98.0,104.0
7.0,83.0,24.0
26.0,103.0,161.0
20.0,109.0,146.0
19.0,98.0,109.0
27.0,112.0,200.0
23.0,103.0,139.0
26.0,109.0,188.0
28.0,108.0,182.0
20.0,103.0,126.0
7.0,91.0,34.0
21.0,94.0,101.0
28.0,101.0,152.0
2.0,82.0,9.0
15.0,96.0,83.0
27.0,105.0,157.0
11.0,92.0,39.0
8.0,84.0,22.0
25.0,110.0,173.0
4.0,79.0,10.0
2.0,84.0,8.0
23.0,107.0,180.0
10.0,84.0,43.0
10.0,85.0,28.0
15.0,100.0,73.0
27.0,105.0,159.0
6.0,86.0,25.0
12.0,93.0,60.0
25.0,102.0,149.0
4.0,88.0,20.0
4.0,91.0,15.0
29.0,105.0,184.0
28.0,109.0,178.0
14.0,93.0,56.0
16.0,100.0,98.0
19.0,98.0,92.0
19.0,105.0,129.0
7.0,88.0,32.0
21.0,105.0,132.0
25.0,114.0,195.0
8.0,89.0,29.0
25.0,104.0,149.0
16.0,90.0,85.0
6.0,84.0,20.0
5.0,79.0,9.0
25.0,109.0,162.0
10.0,92.0,50.0
24.0,105.0,144.0
18.0,95.0,89.0
8.0,86.0,37.0
20.0,99.0,123.0
17.0,105.0,115.0
29.0,116.0,252.0
6.0,88.0,26.0
25.0,101.0,137.0
6.0,83.0,23.0
6.0,79.0,24.0
14.0,97.0,69.0
5.0,88.0,22.0
6.0,89.0,30.0
27.0,100.0,155.0
6.0,87.0,27.0
7.0,95.0,41.0
13.0,86.0,58.0
23.0,114.0,176.0
21.0,99.0,116.0
17.0,101.0,92.0
24.0,106.0,147.0
18.0,96.0,92.0
24.0,98.0,166.0
3.0,88.0,14.0
30.0,117.0,272.0
1.0,81.0,4.0
25.0,102.0,143.0
9.0,82.0,40.0
11.0,86.0,44.0
9.0,80.0,24.0
25.0,107.0,190.0
24.0,96.0,132.0
19.0,95.0,79.0
16.0,93.0,69.0
1.0,85.0,4.0
21.0,99.0,117.0
7.0,92.0,43.0
10.0,88.0,52.0
28.0,109.0,186.0
26.0,97.0,148.0
22.0,106.0,148.0
15.0,100.0,111.0
9.0,87.0,48.0
8.0,82.0,36.0
3.0,85.0,12.0
15.0,99.0,92.0
22.0,96.0,140.0
6.0,79.0,26.0
19.0,103.0,126.0
14.0,97.0,83.0
6.0,92.0,27.0
7.0,93.0,33.0
24.0,108.0,181.0
18.0,94.0,79.0
9.0,93.0,39.0
7.0,95.0,41.0
4.0,87.0,15.0
15.0,93.0,71.0
18.0,101.0,112.0
23.0,104.0,131.0
27.0,111.0,207.0
2.0,91.0,9.0
6.0,78.0,8.0
29.0,114.0,198.0
11.0,92.0,67.0
20.0,100.0,141.0
12.0,96.0,64.0
22.0,96.0,91.0
6.0,89.0,22.0
23.0,107.0,159.0
7.0,86.0,39.0
14.0,107.0,87.0
26.0,100.0,142.0
9.0,89.0,41.0
21.0,87.0,96.0
1.0,86.0,4.0
19.0,93.0,102.0
24.0,105.0,144.0
27.0,110.0,186.0
18.0,91.0,85.0
5.0,83.0,15.0
24.0,102.0,129.0
23.0,100.0,129.0
14.0,90.0,67.0
2.0,87.0,8.0
18.0,98.0,90.0
6.0,86.0,19.0
11.0,89.0,44.0
13.0,93.0,57.0
20.0,107.0,119.0
12.0,89.0,43.0
27.0,95.0,151.0
6.0,81.0,21.0
7.0,82.0,25.0
7.0,93.0,38.0
29.0,113.0,212.0
5.0,91.0,21.0
3.0,83.0,8.0
24.0,106.0,151.0
25.0,107.0,159.0
20.0,93.0,95.0
18.0,102.0,118.0
12.0,93.0,57.0
16.0,96.0,90.0
6.0,80.0,19.0
2.0,77.0,7.0
27.0,107.0,169.0
4.0,85.0,15.0
23.0,107.0,164.0
13.0,94.0,70.0
4.0,93.0,20.0
17.0,94.0,83.0
28.0,107.0,205.0
3.0,83.0,12.0
15.0,102.0,95.0
10.0,100.0,54.0
13.0,87.0,54.0
9.0,98.0,42.0
27.0,107.0,164.0
8.0,79.0,26.0
4.0,86.0,13.0
23.0,105.0,160.0
21.0,101.0,119.0
15.0,89.0,63.0
29.0,101.0,167.0
15.0,91.0,76.0
3.0,75.0,5.0
25.0,107.0,158.0
16.0,103.0,88.0
28.0,119.0,235.0
16.0,96.0,76.0
10.0,87.0,33.0
16.0,102.0,82.0
15.0,103.0,81.0
18.0,101.0,102.0
13.0,91.0,47.0
4.0,92.0,20.0
11.0,90.0,34.0
12.0,88.0,40.0
28.0,100.0,191.0
11.0,94.0,58.0
8.0,84.0,28.0
27.0,116.0,207.0
20.0,92.0,111.0
6.0,80.0,19.0
1.0,84.0,4.0
16.0,98.0,76.0
8.0,87.0,35.0
12.0,99.0,71.0
8.0,83.0,36.0
26.0,98.0,144.0
4.0,82.0,17.0
25.0,105.0,151.0
5.0,77.0,9.0
16.0,87.0,55.0
20.0,95.0,124.0
13.0,94.0,71.0
11.0,89.0,36.0
20.0,96.0,119.0
4.0,86.0,16.0
27.0,100.0,147.0
18.0,100.0,104.0
16.0,90.0,63.0
14.0,94.0,57.0
6.0,92.0,28.0
22.0,111.0,203.0
28.0,109.0,181.0
21.0,99.0,117.0
12.0,93.0,49.0
15.0,96.0,67.0
18.0,100.0,124.0
6.0,84.0,15.0
1.0,86.0,5.0
4.0,87.0,13.0
23.0,100.0,140.0
5.0,92.0,20.0
3.0,89.0,13.0
21.0,99.0,114.0
2.0,77.0,8.0
28.0,116.0,221.0
16.0,105.0,87.0
3.0,86.0,14.0
2.0,86.0,9.0
4.0,80.0,14.0
20.0,97.0,84.0
2.0,81.0,5.0
14.0,93.0,71.0
3.0,84.0,12.0
1.0,81.0,2.0
16.0,101.0,89.0
27.0,107.0,166.0
22.0,102.0,137.0
8.0,83.0,37.0
6.0,81.0,19.0
28.0,110.0,201.0
12.0,94.0,54.0
7.0,93.0,46.0
6.0,88.0,20.0
9.0,85.0,32.0
7.0,83.0,26.0
16.0,95.0,89.0
20.0,97.0,118.0
29.0,102.0,162.0
30.0,101.0,191.0
6.0,89.0,25.0
25.0,109.0,160.0
2.0,90.0,7.0
1.0,82.0,4.0
25.0,99.0,126.0
28.0,102.0,172.0
21.0,89.0,87.0
18.0,94.0,75.0
3.0,84.0,12.0
26.0,108.0,160.0
15.0,87.0,61.0
26.0,97.0,151.0
12.0,98.0,66.0
16.0,95.0,91.0
23.0,98.0,106.0
12.0,98.0,60.0
26.0,97.0,140.0
6.0,92.0,30.0
21.0,105.0,119.0
13.0,92.0,65.0
29.0,110.0,192.0
20.0,96.0,102.0
15.0,101.0,85.0
26.0,102.0,134.0
28.0,105.0,191.0
26.0,112.0,230.0
26.0,109.0,168.0
14.0,90.0,51.0
27.0,98.0,122.0
12.0,88.0,51.0
10.0,94.0,56.0
7.0,83.0,20.0
5.0,77.0,16.0
17.0,86.0,68.0
26.0,103.0,155.0
6.0,93.0,27.0
7.0,92.0,36.0
30.0,105.0,187.0
14.0,90.0,75.0
20.0,104.0,141.0
5.0,88.0,22.0
26.0,107.0,173.0
8.0,93.0,40.0
16.0,91.0,74.0
9.0,101.0,51.0
4.0,90.0,18.0
22.0,105.0,166.0
3.0,81.0,10.0
28.0,105.0,225.0
20.0,91.0,95.0
4.0,80.0,14.0
30.0,115.0,226.0
13.0,91.0,60.0
14.0,96.0,59.0
20.0,94.0,110.0
15.0,99.0,103.0
3.0,80.0,11.0
20.0,97.0,106.0
26.0,111.0,231.0
20.0,96.0,116.0
20.0,109.0,139.0
10.0,81.0,24.0
27.0,107.0,181.0
22.0,92.0,110.0
29.0,98.0,149.0
18.0,96.0,103.0
11.0,86.0,30.0
17.0,96.0,85.0
8.0,94.0,38.0
27.0,118.0,209.0
29.0,111.0,238.0
19.0,101.0,142.0
21.0,100.0,126.0
25.0,99.0,142.0
4.0,80.0,8.0
6.0,89.0,17.0
20.0,101.0,126.0
15.0,90.0,74.0
20.0,95.0,81.0
23.0,102.0,128.0
23.0,109.0,141.0
13.0,95.0,57.0
13.0,93.0,63.0
19.0,100.0,116.0
25.0,106.0,164.0
9.0,91.0,42.0
9.0,89.0,46.0
24.0,93.0,97.0
2.0,72.0,6.0
18.0,105.0,124.0
27.0,106.0,191.0
28.0,107.0,176.0
26.0,105.0,157.0
5.0,80.0,16.0
27.0,95.0,131.0
9.0,87.0,37.0
9.0,91.0,39.0
20.0,107.0,136.0
27.0,98.0,170.0
18.0,97.0,109.0
3.0,85.0,14.0
14.0,95.0,76.0
21.0,104.0,126.0
11.0,87.0,47.0
12.0,94.0,74.0
20.0,99.0,132.0
14.0,91.0,57.0
11.0,98.0,55.0
10.0,86.0,31.0
13.0,102.0,79.0
3.0,95.0,16.0
16.0,91.0,59.0
18.0,96.0,102.0
19.0,108.0,152.0
9.0,84.0,34.0
8.0,86.0,34.0
21.0,103.0,103.0
5.0,75.0,13.0
19.0,101.0,107.0
22.0,97.0,115.0
13.0,93.0,59.0
6.0,91.0,32.0
18.0,98.0,97.0
16.0,97.0,99.0
26.0,107.0,170.0
14.0,91.0,46.0
21.0,103.0,125.0
19.0,97.0,86.0
6.0,86.0,29.0
8.0,93.0,37.0
20.0,96.0,107.0
25.0,105.0,199.0
16.0,106.0,94.0
14.0,94.0,85.0
2.0,78.0,6.0
5.0,89.0,21.0
16.0,99.0,94.0
27.0,109.0,184.0
17.0,94.0,81.0
25.0,112.0,210.0
15.0,89.0,66.0
22.0,95.0,147.0
13.0,90.0,77.0
10.0,94.0,47.0
29.0,108.0,223.0
14.0,95.0,67.0
16.0,101.0,94.0
8.0,81.0,31.0
14.0,87.0,57.0
2.0,76.0,6.0
26.0,102.0,162.0
10.0,86.0,46.0
14.0,89.0,42.0
23.0,107.0,150.0
13.0,88.0,56.0
22.0,106.0,147.0
17.0,89.0,71.0
21.0,97.0,112.0
30.0,109.0,212.0
2.0,80.0,6.0
4.0,78.0,14.0
18.0,94.0,64.0
6.0,84.0,20.0
11.0,93.0,41.0
25.0,112.0,171.0
7.0,89.0,24.0
11.0,97.0,69.0
26.0,104.0,167.0
14.0,93.0,66.0
17.0,97.0,77.0
18.0,93.0,88.0
27.0,102.0,155.0
18.0,97.0,94.0
16.0,94.0,84.0
24.0,113.0,189.0
2.0,84.0,8.0
18.0,102.0,104.0
10.0,94.0,44.0
29.0,108.0,235.0
1.0,69.0,2.0
7.0,87.0,28.0
8.0,87.0,31.0
7.0,90.0,41.0
13.0,103.0,74.0
18.0,92.0,79.0
18.0,94.0,88.0
17.0,98.0,106.0
5.0,89.0,22.0
4.0,87.0,18.0
3.0,87.0,16.0
24.0,104.0,136.0
10.0,90.0,49.0
10.0,91.0,47.0
14.0,98.0,81.0
5.0,87.0,21.0
5.0,85.0,23.0
7.0,88.0,38.0
26.0,101.0,136.0
25.0,109.0,166.0
27.0,104.0,158.0
28.0,106.0,196.0
1.0,90.0,4.0
20.0,99.0,111.0
9.0,86.0,34.0
29.0,115.0,211.0
17.0,93.0,86.0
25.0,107.0,153.0
17.0,99.0,94.0
4.0,85.0,19.0
10.0,81.0,37.0
4.0,81.0,8.0
3.0,85.0,11.0
12.0,90.0,61.0
5.0,82.0,25.0
14.0,97.0,71.0
21.0,99.0,131.0
27.0,100.0,154.0
20.0,95.0,105.0
22.0,109.0,136.0
23.0,96.0,132.0
3.0,89.0,13.0
14.0,99.0,77.0
6.0,86.0,28.0
27.0,105.0,165.0
9.0,88.0,38.0
6.0,86.0,17.0
15.0,93.0,60.0
12.0,90.0,45.0
22.0,110.0,143.0
24.0,96.0,117.0
16.0,93.0,76.0
11.0,92.0,54.0
24.0,106.0,148.0
28.0,107.0,177.0
23.0,96.0,114.0
4.0,80.0,7.0
3.0,90.0,13.0
14.0,90.0,71.0
16.0,96.0,77.0
21.0,107.0,139.0
18.0,101.0,98.0
12.0,94.0,68.0
24.0,102.0,148.0
18.0,101.0,100.0
24.0,108.0,181.0
12.0,95.0,56.0
20.0,97.0,92.0
29.0,106.0,204.0
27.0,106.0,174.0
6.0,87.0,26.0
19.0,108.0,126.0
25.0,109.0,182.0
24.0,107.0,141.0
4.0,86.0,18.0
11.0,88.0,42.0
28.0,114.0,203.0
29.0,108.0,243.0
13.0,91.0,64.0
8.0,91.0,26.0
6.0,98.0,31.0
9.0,95.0,42.0
2.0,90.0,10.0
12.0,95.0,65.0
17.0,101.0,101.0
7.0,84.0,26.0
18.0,104.0,145.0
4.0,88.0,15.0
21.0,113.0,161.0
7.0,84.0,28.0
20.0,95.0,109.0
2.0,92.0,14.0
18.0,95.0,108.0
4.0,90.0,14.0
27.0,94.0,106.0
9.0,87.0,44.0
18.0,99.0,98.0
2.0,91.0,9.0
16.0,91.0,70.0
20.0,100.0,150.0
6.0,80.0,21.0
23.0,100.0,134.0
15.0,92.0,54.0
4.0,83.0,10.0
11.0,100.0,51.0
30.0,110.0,218.0
17.0,107.0,112.0
20.0,97.0,101.0
18.0,95.0,98.0
17.0,89.0,76.0
24.0,114.0,215.0
2.0,76.0,7.0
14.0,103.0,84.0
11.0,82.0,48.0
7.0,94.0,38.0
11.0,90.0,49.0
13.0,91.0,60.0
13.0,92.0,65.0
11.0,86.0,48.0
14.0,99.0,76.0
15.0,93.0,74.0
5.0,91.0,23.0
19.0,99.0,102.0
11.0,80.0,28.0
13.0,98.0,69.0
2.0,75.0,5.0
7.0,78.0,24.0
25.0,107.0,136.0
26.0,96.0,131.0
9.0,93.0,44.0
1.0,79.0,4.0
10.0,97.0,52.0
16.0,98.0,88.0
27.0,101.0,190.0
23.0,107.0,136.0
20.0,98.0,106.0
3.0,91.0,13.0
26.0,103.0,172.0
19.0,110.0,133.0
18.0,93.0,73.0
3.0,81.0,10.0
28.0,108.0,172.0
23.0,101.0,122.0
17.0,99.0,125.0
6.0,83.0,12.0
18.0,105.0,126.0
12.0,95.0,62.0
28.0,107.0,167.0
1.0,77.0,3.0
19.0,101.0,107.0
10.0,96.0,62.0
7.0,91.0,34.0
8.0,77.0,14.0
1.0,78.0,4.0
3.0,89.0,15.0
25.0,109.0,210.0
4.0,79.0,12.0
16.0,93.0,75.0
20.0,97.0,99.0
2.0,79.0,7.0
24.0,107.0,142.0
22.0,93.0,87.0
10.0,101.0,59.0
5.0,88.0,20.0
29.0,107.0,188.0
12.0,87.0,64.0
23.0,97.0,121.0
4.0,73.0,9.0
15.0,90.0,62.0
28.0,114.0,199.0
7.0,89.0,30.0
7.0,88.0,29.0
10.0,93.0,40.0
7.0,82.0,31.0
3.0,76.0,11.0
6.0,91.0,34.0
22.0,96.0,114.0
23.0,104.0,142.0
24.0,106.0,168.0
21.0,100.0,105.0
19.0,101.0,104.0
3.0,86.0,11.0
11.0,89.0,55.0
20.0,96.0,76.0
10.0,90.0,48.0
22.0,101.0,108.0
9.0,91.0,38.0
21.0,102.0,128.0
1.0,89.0,4.0
21.0,102.0,107.0
11.0,90.0,45.0
6.0,82.0,22.0
12.0,86.0,54.0
14.0,91.0,61.0
10.0,95.0,52.0
4.0,86.0,15.0
2.0,84.0,5.0
27.0,104.0,203.0
12.0,90.0,55.0
11.0,87.0,47.0
16.0,91.0,73.0
14.0,97.0,60.0
5.0,85.0,19.0
28.0,105.0,163.0
25.0,107.0,176.0
10.0,84.0,22.0
17.0,95.0,71.0
12.0,87.0,60.0
16.0,91.0,100.0
9.0,89.0,41.0
13.0,97.0,55.0
26.0,106.0,166.0
7.0,86.0,28.0
17.0,98.0,93.0
18.0,99.0,106.0
22.0,99.0,94.0
14.0,87.0,63.0
8.0,84.0,34.0
10.0,83.0,38.0
8.0,83.0,37.0
20.0,94.0,100.0
11.0,90.0,56.0
19.0,106.0,113.0
6.0,88.0,32.0
21.0,104.0,126.0
9.0,98.0,43.0
10.0,93.0,50.0
8.0,97.0,44.0
9.0,86.0,36.0
17.0,106.0,115.0
13.0,96.0,65.0
2.0,82.0,5.0
13.0,91.0,51.0
15.0,93.0,56.0
3.0,87.0,13.0
2.0,85.0,8.0
28.0,108.0,182.0
7.0,87.0,27.0
29.0,106.0,198.0
15.0,100.0,82.0
4.0,78.0,15.0
2.0,81.0,7.0
10.0,92.0,45.0
14.0,98.0,70.0
6.0,90.0,36.0
29.0,106.0,194.0
17.0,109.0,120.0
4.0,83.0,17.0
27.0,105.0,160.0
3.0,92.0,14.0
18.0,91.0,84.0
18.0,97.0,113.0
17.0,91.0,75.0
8.0,92.0,33.0
24.0,98.0,127.0
14.0,96.0,71.0
19.0,104.0,124.0
21.0,103.0,125.0
21.0,107.0,132.0
20.0,100.0,123.0
6.0,92.0,31.0
25.0,100.0,112.0
19.0,99.0,102.0
23.0,98.0,147.0
21.0,106.0,177.0
11.0,92.0,50.0
18.0,94.0,94.0
10.0,89.0,49.0
12.0,97.0,59.0
6.0,87.0,26.0
21.0,105.0,125.0
25.0,111.0,165.0
15.0,99.0,105.0
18.0,93.0,113.0
23.0,99.0,167.0
22.0,99.0,105.0
8.0,85.0,30.0
5.0,96.0,26.0
18.0,91.0,79.0
24.0,107.0,163.0
21.0,97.0,113.0
11.0,79.0,20.0
12.0,97.0,62.0
25.0,109.0,184.0
6.0,84.0,22.0
3.0,90.0,15.0
16.0,97.0,69.0
7.0,83.0,26.0
30.0,97.0,141.0
8.0,89.0,47.0
1.0,83.0,2.0
6.0,84.0,16.0
22.0,107.0,168.0
19.0,112.0,144.0
16.0,95.0,79.0
22.0,92.0,103.0
10.0,89.0,47.0
13.0,89.0,61.0
29.0,110.0,198.0
26.0,109.0,169.0
17.0,106.0,102.0
4.0,85.0,16.0
22.0,96.0,108.0
18.0,108.0,131.0
3.0,89.0,13.0
27.0,107.0,166.0
22.0,97.0,93.0
22.0,95.0,106.0
5.0,85.0,20.0
8.0,86.0,33.0
21.0,104.0,150.0
26.0,110.0,182.0
10.0,89.0,49.0
23.0,95.0,119.0
5.0,82.0,22.0
26.0,99.0,146.0
14.0,88.0,58.0
30.0,108.0,195.0
3.0,75.0,7.0
22.0,108.0,156.0
15.0,101.0,93.0
18.0,106.0,115.0
10.0,97.0,49.0
3.0,83.0,10.0
15.0,103.0,84.0
12.0,97.0,65.0
22.0,99.0,123.0
4.0,81.0,10.0
5.0,90.0,19.0
5.0,83.0,21.0
8.0,96.0,41.0
16.0,91.0,71.0
4.0,89.0,15.0
8.0,94.0,37.0
11.0,94.0,61.0
12.0,93.0,60.0
26.0,102.0,185.0
16.0,98.0,89.0
26.0,102.0,152.0
20.0,108.0,129.0
5.0,86.0,15.0
17.0,100.0,82.0
28.0,112.0,242.0
18.0,94.0,100.0
24.0,104.0,144.0
2.0,79.0,6.0
4.0,87.0,13.0
29.0,100.0,201.0
12.0,95.0,61.0
26.0,113.0,179.0
17.0,94.0,64.0
26.0,112.0,205.0
2.0,76.0,6.0
28.0,105.0,172.0
2.0,84.0,6.0
7.0,79.0,11.0
3.0,83.0,11.0
9.0,92.0,44.0
5.0,86.0,19.0
15.0,93.0,75.0
29.0,117.0,259.0
27.0,108.0,212.0
17.0,95.0,91.0
25.0,107.0,148.0
29.0,108.0,238.0
7.0,87.0,22.0
11.0,84.0,45.0
8.0,79.0,14.0
12.0,93.0,49.0
9.0,89.0,37.0
28.0,107.0,167.0
15.0,93.0,73.0
13.0,103.0,103.0
2.0,89.0,12.0
18.0,96.0,91.0
23.0,103.0,130.0
18.0,99.0,95.0
12.0,96.0,70.0
26.0,108.0,178.0
27.0,102.0,159.0
8.0,91.0,43.0
25.0,106.0,154.0
22.0,105.0,130.0
18.0,106.0,108.0
19.0,102.0,126.0
22.0,95.0,113.0
1.0,75.0,2.0
30.0,107.0,183.0
2.0,91.0,9.0
8.0,86.0,33.0
2.0,76.0,7.0
24.0,107.0,156.0
29.0,112.0,206.0
29.0,109.0,177.0
16.0,96.0,92.0
12.0,95.0,60.0
8.0,86.0,39.0
15.0,99.0,92.0
10.0,90.0,47.0
15.0,97.0,74.0
24.0,101.0,144.0
27.0,108.0,192.0
7.0,90.0,29.0
28.0,109.0,217.0
21.0,108.0,130.0
30.0,109.0,245.0
17.0,88.0,70.0
18.0,109.0,134.0
29.0,110.0,190.0
9.0,93.0,41.0
16.0,105.0,96.0
21.0,101.0,127.0
4.0,94.0,17.0
5.0,92.0,34.0
29.0,107.0,184.0
25.0,98.0,124.0
30.0,105.0,194.0
27.0,115.0,268.0
20.0,97.0,103.0
30.0,112.0,204.0
18.0,91.0,83.0
1.0,76.0,3.0
18.0,104.0,101.0
6.0,87.0,28.0
22.0,104.0,127.0
18.0,99.0,111.0
8.0,85.0,24.0
24.0,107.0,151.0
14.0,92.0,56.0
3.0,90.0,13.0
20.0,98.0,98.0
3.0,83.0,15.0
12.0,78.0,18.0
25.0,107.0,154.0
10.0,84.0,25.0
20.0,101.0,147.0
25.0,104.0,156.0
20.0,97.0,112.0
1.0,80.0,3.0
29.0,113.0,238.0
11.0,91.0,40.0
20.0,98.0,150.0
4.0,82.0,14.0
18.0,100.0,131.0
30.0,113.0,216.0
27.0,105.0,158.0
11.0,96.0,64.0
2.0,86.0,8.0
3.0,90.0,14.0
29.0,109.0,192.0
12.0,85.0,52.0
13.0,88.0,69.0
12.0,93.0,43.0
16.0,85.0,71.0
26.0,109.0,175.0
3.0,81.0,12.0
19.0,91.0,97.0
15.0,97.0,83.0
14.0,100.0,71.0
27.0,104.0,148.0
16.0,105.0,96.0
13.0,96.0,66.0
13.0,90.0,70.0
28.0,105.0,178.0
21.0,103.0,127.0
13.0,94.0,75.0
4.0,91.0,15.0
22.0,108.0,190.0
15.0,95.0,77.0
9.0,99.0,51.0
9.0,94.0,39.0
6.0,87.0,26.0
14.0,95.0,94.0
10.0,90.0,50.0
3.0,82.0,12.0
23.0,101.0,122.0
15.0,92.0,69.0
12.0,101.0,63.0
3.0,90.0,15.0
2.0,86.0,7.0
28.0,104.0,222.0
2.0,82.0,5.0
21.0,96.0,114.0
1.0,78.0,3.0
14.0,90.0,77.0
8.0,79.0,20.0
15.0,103.0,98.0
11.0,97.0,63.0
19.0,105.0,121.0
26.0,104.0,154.0
11.0,87.0,54.0
23.0,105.0,146.0
28.0,106.0,157.0
4.0,90.0,17.0
22.0,98.0,113.0
14.0,93.0,55.0
27.0,111.0,242.0
15.0,92.0,60.0
16.0,97.0,88.0
27.0,107.0,168.0
3.0,84.0,12.0
5.0,80.0,18.0
3.0,81.0,7.0
16.0,90.0,72.0
2.0,86.0,8.0
15.0,90.0,81.0
17.0,90.0,78.0
22.0,93.0,80.0
9.0,92.0,42.0
26.0,104.0,156.0
8.0,85.0,32.0
24.0,97.0,144.0
9.0,85.0,37.0
13.0,101.0,85.0
16.0,99.0,96.0
21.0,92.0,98.0
7.0,87.0,22.0
10.0,88.0,41.0
14.0,84.0,53.0
29.0,105.0,178.0
28.0,100.0,152.0
28.0,111.0,233.0
28.0,117.0,216.0
11.0,88.0,55.0
10.0,90.0,42.0
14.0,101.0,78.0
17.0,94.0,111.0
21.0,103.0,123.0
25.0,98.0,162.0
28.0,114.0,190.0
18.0,94.0,85.0
29.0,104.0,235.0
20.0,95.0,129.0
26.0,114.0,227.0
18.0,98.0,95.0
29.0,113.0,215.0
6.0,80.0,11.0
2.0,81.0,8.0
16.0,105.0,117.0
18.0,82.0,61.0
4.0,75.0,6.0
27.0,110.0,205.0
19.0,105.0,137.0
9.0,85.0,32.0
16.0,99.0,88.0
4.0,90.0,18.0
14.0,102.0,83.0
13.0,95.0,66.0
21.0,92.0,79.0
14.0,95.0,75.0
14.0,96.0,60.0
7.0,83.0,26.0
10.0,96.0,41.0
22.0,97.0,155.0
23.0,94.0,128.0
23.0,100.0,121.0
17.0,103.0,103.0
8.0,85.0,33.0
13.0,102.0,75.0
25.0,110.0,165.0
27.0,106.0,171.0
9.0,88.0,50.0
12.0,86.0,47.0
25.0,98.0,143.0
22.0,114.0,153.0
26.0,104.0,169.0
5.0,80.0,8.0
26.0,104.0,170.0
11.0,77.0,36.0
28.0,112.0,185.0
22.0,100.0,127.0
13.0,96.0,66.0
24.0,102.0,156.0
22.0,99.0,109.0
27.0,107.0,181.0
17.0,96.0,84.0
18.0,98.0,92.0
17.0,96.0,110.0
14.0,94.0,62.0
9.0,93.0,43.0
26.0,99.0,139.0
7.0,84.0,31.0
11.0,90.0,64.0
19.0,96.0,90.0
23.0,98.0,113.0
28.0,106.0,212.0
4.0,91.0,22.0
21.0,102.0,126.0
7.0,77.0,16.0
21.0,103.0,120.0
7.0,89.0,32.0
23.0,109.0,186.0
17.0,92.0,90.0
27.0,103.0,143.0
8.0,85.0,33.0
13.0,91.0,46.0
23.0,97.0,117.0
9.0,88.0,39.0
11.0,85.0,32.0
16.0,104.0,104.0
8.0,95.0,50.0
17.0,86.0,48.0
12.0,97.0,80.0
20.0,109.0,129.0
14.0,105.0,85.0
21.0,93.0,100.0
26.0,112.0,177.0
4.0,89.0,14.0
27.0,113.0,191.0
18.0,98.0,132.0
19.0,102.0,105.0
17.0,91.0,80.0
8.0,92.0,32.0
13.0,91.0,63.0
25.0,100.0,155.0
7.0,87.0,24.0
4.0,87.0,17.0
22.0,105.0,116.0
4.0,74.0,14.0
26.0,106.0,165.0
18.0,105.0,115.0
11.0,91.0,56.0
16.0,101.0,103.0
26.0,110.0,176.0
6.0,96.0,40.0
6.0,84.0,12.0
10.0,90.0,40.0
6.0,86.0,27.0
11.0,89.0,44.0
24.0,103.0,137.0
4.0,77.0,7.0
27.0,101.0,160.0
17.0,95.0,90.0
10.0,87.0,31.0
18.0,105.0,99.0
5.0,85.0,20.0
28.0,104.0,193.0
6.0,89.0,26.0
30.0,109.0,212.0
1.0,79.0,4.0
28.0,110.0,191.0
20.0,95.0,108.0
2.0,80.0,7.0
17.0,96.0,119.0
4.0,86.0,11.0
4.0,88.0,21.0
24.0,112.0,182.0
13.0,86.0,49.0
18.0,95.0,93.0
22.0,96.0,118.0
11.0,95.0,54.0
13.0,98.0,70.0
24.0,108.0,206.0
15.0,105.0,90.0
23.0,106.0,145.0
17.0,92.0,83.0
2.0,81.0,8.0
20.0,97.0,113.0
8.0,87.0,38.0
23.0,115.0,175.0
16.0,99.0,76.0
10.0,88.0,43.0
15.0,94.0,74.0
10.0,90.0,49.0
18.0,94.0,87.0
22.0,97.0,122.0
2.0,90.0,10.0
1.0,83.0,4.0
2.0,80.0,7.0
4.0,80.0,13.0
18.0,95.0,98.0
25.0,109.0,154.0
25.0,104.0,160.0
10.0,95.0,51.0
4.0,88.0,14.0
21.0,105.0,120.0
28.0,113.0,207.0
9.0,93.0,43.0
20.0,94.0,95.0
14.0,96.0,70.0
16.0,110.0,112.0
23.0,99.0,130.0
4.0,77.0,5.0
17.0,100.0,78.0
28.0,110.0,200.0
21.0,102.0,117.0
27.0,114.0,196.0
14.0,94.0,71.0
19.0,100.0,96.0
8.0,92.0,41.0
10.0,86.0,45.0
19.0,104.0,121.0
29.0,113.0,197.0
9.0,85.0,36.0
5.0,85.0,24.0
2.0,85.0,8.0
8.0,85.0,27.0
29.0,112.0,206.0
28.0,106.0,188.0
4.0,80.0,17.0
23.0,105.0,154.0
7.0,86.0,28.0
15.0,92.0,68.0
16.0,99.0,92.0
11.0,99.0,59.0
16.0,90.0,57.0
26.0,104.0,133.0
12.0,86.0,54.0
8.0,82.0,29.0
17.0,100.0,91.0
3.0,82.0,9.0
27.0,108.0,173.0
5.0,86.0,21.0
27.0,112.0,198.0
24.0,98.0,137.0
1.0,85.0,4.0
12.0,90.0,62.0
7.0,91.0,32.0
13.0,90.0,68.0
21.0,106.0,140.0
22.0,109.0,155.0
13.0,94.0,62.0
16.0,102.0,76.0
9.0,89.0,38.0
13.0,92.0,68.0
23.0,113.0,167.0
17.0,97.0,87.0
18.0,89.0,78.0
3.0,78.0,10.0
6.0,90.0,29.0
23.0,111.0,206.0
15.0,101.0,67.0
15.0,102.0,74.0
20.0,97.0,99.0
10.0,93.0,54.0
5.0,83.0,11.0
6.0,88.0,28.0
8.0,83.0,28.0
9.0,85.0,44.0
14.0,90.0,66.0
28.0,110.0,186.0
3.0,80.0,10.0
26.0,94.0,152.0
6.0,95.0,33.0
25.0,108.0,162.0
1.0,68.0,2.0
11.0,96.0,60.0
29.0,109.0,194.0
19.0,98.0,112.0
8.0,95.0,55.0
5.0,89.0,21.0
9.0,92.0,46.0
22.0,99.0,149.0
17.0,100.0,98.0
26.0,100.0,144.0
17.0,101.0,103.0
18.0,98.0,95.0
11.0,86.0,29.0
11.0,93.0,51.0
18.0,102.0,109.0
28.0,103.0,172.0
12.0,88.0,51.0
9.0,83.0,24.0
6.0,85.0,24.0
29.0,115.0,221.0
25.0,100.0,117.0
11.0,100.0,66.0
30.0,106.0,194.0
5.0,89.0,22.0
17.0,97.0,88.0
17.0,96.0,75.0
13.0,96.0,73.0
23.0,111.0,181.0
12.0,85.0,30.0
27.0,117.0,206.0
28.0,111.0,180.0
11.0,102.0,84.0
8.0,93.0,32.0
27.0,110.0,185.0
29.0,105.0,225.0
23.0,102.0,158.0
17.0,102.0,109.0
13.0,90.0,49.0
20.0,101.0,117.0
7.0,90.0,34.0
16.0,90.0,77.0
14.0,95.0,80.0
9.0,96.0,42.0
12.0,91.0,59.0
8.0,94.0,53.0
20.0,99.0,114.0
7.0,83.0,24.0
4.0,86.0,17.0
26.0,117.0,216.0
25.0,102.0,118.0
7.0,85.0,28.0
7.0,87.0,30.0
14.0,88.0,53.0
21.0,107.0,127.0
17.0,96.0,74.0
6.0,81.0,21.0
20.0,94.0,112.0
2.0,82.0,6.0
30.0,106.0,171.0
24.0,105.0,150.0
23.0,107.0,142.0
22.0,107.0,182.0
6.0,81.0,22.0
26.0,97.0,123.0
14.0,96.0,75.0
15.0,93.0,79.0
3.0,85.0,11.0
14.0,100.0,82.0
14.0,92.0,48.0
5.0,88.0,25.0
28.0,107.0,193.0
5.0,83.0,19.0
17.0,97.0,100.0
18.0,93.0,91.0
27.0,104.0,181.0
20.0,103.0,107.0
4.0,83.0,17.0
21.0,101.0,124.0
16.0,91.0,82.0
15.0,90.0,71.0
19.0,99.0,140.0
9.0,91.0,46.0
19.0,105.0,139.0
22.0,107.0,182.0
30.0,100.0,175.0
11.0,89.0,45.0
20.0,96.0,98.0
6.0,89.0,27.0
21.0,102.0,144.0
19.0,100.0,112.0
10.0,89.0,32.0
19.0,102.0,113.0
6.0,89.0,27.0
14.0,95.0,73.0
7.0,87.0,29.0
21.0,105.0,137.0
4.0,91.0,21.0
21.0,98.0,113.0
26.0,115.0,185.0
1.0,80.0,3.0
25.0,97.0,112.0
19.0,100.0,109.0
11.0,91.0,52.0
12.0,86.0,42.0
12.0,94.0,62.0
6.0,94.0,28.0
4.0,86.0,17.0
10.0,87.0,40.0
20.0,92.0,82.0
14.0,93.0,79.0
26.0,98.0,137.0
1.0,84.0,4.0
12.0,88.0,40.0
14.0,87.0,47.0
11.0,94.0,62.0
5.0,87.0,24.0
5.0,90.0,25.0
29.0,105.0,197.0
7.0,85.0,27.0
12.0,92.0,49.0
2.0,78.0,6.0
18.0,99.0,90.0
15.0,99.0,90.0
1.0,84.0,4.0
27.0,105.0,179.0
22.0,102.0,134.0
22.0,103.0,137.0
14.0,103.0,87.0
6.0,83.0,21.0
25.0,112.0,196.0
23.0,99.0,136.0
21.0,100.0,122.0
29.0,115.0,218.0
10.0,93.0,64.0
20.0,95.0,106.0
15.0,96.0,86.0
1.0,80.0,3.0
3.0,78.0,10.0
18.0,99.0,104.0
16.0,94.0,77.0
29.0,106.0,201.0
24.0,105.0,156.0
15.0,96.0,68.0
27.0,110.0,245.0
3.0,90.0,13.0
17.0,92.0,84.0
19.0,107.0,143.0
25.0,105.0,161.0
3.0,80.0,12.0
13.0,82.0,49.0
26.0,111.0,192.0
21.0,94.0,108.0
11.0,90.0,56.0
13.0,91.0,58.0
19.0,102.0,123.0
4.0,88.0,18.0
20.0,103.0,114.0
21.0,107.0,148.0
13.0,92.0,61.0
7.0,84.0,31.0
22.0,94.0,111.0
6.0,89.0,26.0
14.0,91.0,66.0
26.0,103.0,160.0
15.0,86.0,59.0
8.0,90.0,41.0
16.0,96.0,95.0
8.0,87.0,32.0
9.0,89.0,40.0
19.0,95.0,82.0
24.0,102.0,133.0
17.0,101.0,99.0
8.0,80.0,20.0
30.0,115.0,221.0
24.0,104.0,137.0
25.0,107.0,175.0
2.0,84.0,4.0
9.0,84.0,40.0
19.0,98.0,90.0
20.0,103.0,110.0
1.0,79.0,3.0
4.0,86.0,15.0
21.0,107.0,132.0
9.0,90.0,40.0
6.0,84.0,15.0
15.0,99.0,94.0
6.0,79.0,15.0
23.0,101.0,131.0
27.0,106.0,168.0
11.0,95.0,54.0
12.0,95.0,55.0
24.0,107.0,166.0
6.0,86.0,20.0
16.0,98.0,110.0
16.0,92.0,78.0
11.0,92.0,45.0
24.0,105.0,146.0
6.0,87.0,24.0
28.0,113.0,188.0
9.0,86.0,26.0
13.0,88.0,55.0
9.0,84.0,42.0
17.0,99.0,123.0
6.0,89.0,28.0
8.0,86.0,23.0
6.0,91.0,25.0
17.0,107.0,110.0
10.0,93.0,53.0
10.0,95.0,48.0
9.0,92.0,55.0
8.0,86.0,37.0
10.0,91.0,48.0
1.0,80.0,3.0
26.0,94.0,133.0
23.0,110.0,169.0
20.0,107.0,141.0
28.0,103.0,216.0
17.0,93.0,92.0
20.0,98.0,96.0
13.0,96.0,73.0
11.0,97.0,61.0
7.0,76.0,14.0
5.0,88.0,18.0
14.0,94.0,72.0
24.0,104.0,137.0
13.0,89.0,50.0
3.0,73.0,2.0
6.0,92.0,27.0
24.0,104.0,197.0
3.0,89.0,9.0
15.0,98.0,83.0
18.0,89.0,98.0
11.0,92.0,57.0
14.0,98.0,72.0
25.0,119.0,214.0
3.0,79.0,7.0
17.0,92.0,87.0
29.0,111.0,200.0
6.0,86.0,28.0
13.0,97.0,67.0
24.0,105.0,147.0
21.0,92.0,104.0
26.0,109.0,164.0
12.0,91.0,59.0
16.0,90.0,72.0
23.0,95.0,138.0
12.0,85.0,52.0
19.0,97.0,99.0
24.0,103.0,134.0
24.0,116.0,180.0
9.0,88.0,37.0
3.0,91.0,12.0
14.0,96.0,78.0
26.0,106.0,207.0
3.0,89.0,13.0
26.0,113.0,180.0
17.0,93.0,83.0
8.0,95.0,40.0
1.0,79.0,3.0
10.0,97.0,56.0
14.0,101.0,83.0
18.0,103.0,114.0
8.0,90.0,36.0
22.0,98.0,137.0
8.0,90.0,40.0
7.0,91.0,37.0
3.0,79.0,10.0
25.0,112.0,181.0
9.0,90.0,48.0
4.0,79.0,13.0
3.0,85.0,12.0
16.0,92.0,70.0
10.0,85.0,29.0
17.0,93.0,88.0
13.0,84.0,31.0
26.0,101.0,144.0
7.0,80.0,27.0
15.0,89.0,65.0
4.0,84.0,13.0
27.0,109.0,170.0
11.0,86.0,41.0
22.0,105.0,145.0
3.0,79.0,5.0
8.0,95.0,39.0
25.0,108.0,147.0
17.0,99.0,102.0
6.0,83.0,13.0
27.0,100.0,181.0
28.0,104.0,173.0
13.0,88.0,53.0
10.0,89.0,45.0
15.0,90.0,63.0
22.0,98.0,108.0
9.0,86.0,43.0
6.0,80.0,27.0
23.0,102.0,149.0
16.0,97.0,81.0
3.0,82.0,11.0
17.0,95.0,90.0
29.0,111.0,203.0
19.0,100.0,110.0
8.0,87.0,32.0
18.0,96.0,98.0
5.0,86.0,13.0
24.0,103.0,192.0
1.0,84.0,4.0
15.0,101.0,92.0
30.0,103.0,173.0
22.0,97.0,129.0
6.0,86.0,24.0
10.0,91.0,55.0
28.0,107.0,158.0
28.0,101.0,152.0
16.0,94.0,81.0
9.0,83.0,28.0
2.0,77.0,3.0
15.0,96.0,76.0
2.0,79.0,7.0
25.0,98.0,131.0
28.0,105.0,165.0
27.0,106.0,189.0
5.0,79.0,11.0
22.0,106.0,135.0
27.0,94.0,134.0
5.0,81.0,21.0
30.0,105.0,198.0
20.0,102.0,102.0
20.0,102.0,118.0
15.0,93.0,70.0
10.0,81.0,42.0
17.0,99.0,91.0
20.0,99.0,131.0
25.0,109.0,170.0
3.0,80.0,11.0
4.0,84.0,20.0
7.0,82.0,31.0
17.0,102.0,87.0
21.0,97.0,112.0
3.0,86.0,12.0
14.0,87.0,65.0
18.0,97.0,93.0
12.0,93.0,62.0
26.0,109.0,196.0
5.0,83.0,21.0
8.0,91.0,36.0
10.0,84.0,37.0
7.0,89.0,35.0
25.0,117.0,193.0
5.0,82.0,21.0
8.0,88.0,33.0
7.0,93.0,36.0
27.0,108.0,172.0
24.0,114.0,189.0
26.0,106.0,183.0
5.0,79.0,20.0
10.0,91.0,43.0
12.0,94.0,61.0
18.0,97.0,96.0
12.0,94.0,68.0
4.0,92.0,18.0
16.0,96.0,91.0
17.0,87.0,48.0
2.0,74.0,7.0
19.0,95.0,108.0
23.0,96.0,130.0
2.0,87.0,8.0
11.0,87.0,46.0
28.0,102.0,158.0
6.0,82.0,12.0
11.0,98.0,66.0
5.0,88.0,19.0
26.0,101.0,161.0
21.0,95.0,112.0
19.0,103.0,109.0
14.0,102.0,87.0
15.0,100.0,77.0
27.0,98.0,161.0
3.0,89.0,9.0
14.0,94.0,78.0
12.0,94.0,47.0
9.0,90.0,41.0
21.0,104.0,123.0
10.0,95.0,51.0
4.0,77.0,11.0
20.0,94.0,100.0
6.0,95.0,28.0
23.0,108.0,145.0
28.0,112.0,253.0
25.0,99.0,147.0
6.0,93.0,30.0
23.0,106.0,158.0
24.0,96.0,139.0
5.0,89.0,22.0
19.0,98.0,101.0
5.0,86.0,19.0
2.0,78.0,6.0
19.0,93.0,89.0
12.0,92.0,61.0
14.0,94.0,63.0
4.0,77.0,12.0
23.0,108.0,189.0
13.0,87.0,61.0
13.0,98.0,71.0
9.0,86.0,35.0
30.0,108.0,194.0
23.0,113.0,180.0
2.0,84.0,8.0
28.0,104.0,151.0
20.0,98.0,110.0
8.0,88.0,33.0
7.0,81.0,31.0
3.0,84.0,14.0
27.0,106.0,210.0
4.0,85.0,9.0
28.0,112.0,241.0
4.0,83.0,17.0
17.0,91.0,81.0
5.0,77.0,15.0
14.0,93.0,67.0
19.0,101.0,100.0
7.0,87.0,31.0
17.0,97.0,123.0
29.0,114.0,207.0
3.0,82.0,12.0
25.0,112.0,165.0
25.0,105.0,143.0
6.0,84.0,25.0
18.0,96.0,91.0
29.0,111.0,228.0
14.0,91.0,68.0
15.0,108.0,102.0
24.0,103.0,152.0
19.0,101.0,110.0
20.0,93.0,88.0
18.0,102.0,132.0
11.0,93.0,56.0
21.0,105.0,121.0
26.0,107.0,214.0
24.0,93.0,85.0
3.0,88.0,11.0
9.0,84.0,35.0
17.0,98.0,95.0
14.0,93.0,75.0
15.0,98.0,88.0
25.0,111.0,240.0
14.0,95.0,69.0
14.0,93.0,67.0
3.0,84.0,13.0
29.0,108.0,184.0
12.0,89.0,47.0
10.0,84.0,29.0
10.0,102.0,60.0
13.0,99.0,71.0
25.0,110.0,240.0
3.0,84.0,10.0
18.0,99.0,88.0
13.0,89.0,47.0
28.0,120.0,223.0
3.0,85.0,12.0
14.0,93.0,60.0
4.0,85.0,10.0
21.0,104.0,125.0
29.0,99.0,157.0
10.0,89.0,31.0
16.0,103.0,98.0
20.0,110.0,127.0
26.0,106.0,149.0
24.0,109.0,152.0
16.0,95.0,61.0
29.0,111.0,206.0
18.0,96.0,79.0
8.0,84.0,24.0
15.0,91.0,76.0
8.0,86.0,33.0
29.0,110.0,192.0
29.0,113.0,269.0
2.0,79.0,3.0
16.0,103.0,104.0
7.0,84.0,17.0
29.0,102.0,198.0
27.0,112.0,241.0
28.0,110.0,188.0
3.0,80.0,11.0
28.0,115.0,220.0
3.0,83.0,11.0
6.0,88.0,32.0
17.0,100.0,94.0
25.0,103.0,151.0
29.0,97.0,147.0
13.0,95.0,65.0
29.0,106.0,179.0
28.0,113.0,198.0
26.0,102.0,156.0
6.0,82.0,21.0
15.0,97.0,102.0
26.0,110.0,183.0
7.0,86.0,24.0
21.0,94.0,103.0
25.0,92.0,135.0
29.0,112.0,189.0
22.0,103.0,124.0
16.0,97.0,85.0
4.0,86.0,17.0
21.0,97.0,100.0
7.0,94.0,27.0
15.0,95.0,78.0
6.0,83.0,25.0
30.0,108.0,189.0
4.0,88.0,17.0
26.0,115.0,185.0
9.0,96.0,48.0
25.0,107.0,194.0
10.0,85.0,36.0
16.0,84.0,65.0
21.0,99.0,125.0
12.0,95.0,52.0
12.0,88.0,62.0
17.0,90.0,92.0
10.0,87.0,42.0
22.0,103.0,133.0
13.0,101.0,76.0
21.0,103.0,118.0
3.0,85.0,9.0
15.0,105.0,92.0
18.0,96.0,132.0
20.0,106.0,116.0
17.0,100.0,124.0
27.0,106.0,174.0
13.0,87.0,73.0
10.0,96.0,53.0
10.0,96.0,49.0
25.0,105.0,148.0
30.0,105.0,193.0
13.0,94.0,59.0
9.0,87.0,37.0
21.0,99.0,102.0
25.0,97.0,117.0
11.0,94.0,56.0
14.0,88.0,53.0
18.0,92.0,80.0
6.0,87.0,23.0
27.0,109.0,180.0
27.0,102.0,152.0
21.0,103.0,129.0
10.0,96.0,54.0
26.0,110.0,182.0
15.0,93.0,59.0
2.0,84.0,9.0
8.0,95.0,39.0
15.0,85.0,80.0
25.0,107.0,165.0
24.0,99.0,127.0
23.0,111.0,148.0
25.0,105.0,158.0
1.0,81.0,4.0
18.0,101.0,91.0
18.0,89.0,80.0
6.0,82.0,23.0
27.0,103.0,149.0
6.0,85.0,17.0
24.0,110.0,229.0
20.0,101.0,125.0
25.0,102.0,150.0
6.0,87.0,23.0
13.0,95.0,71.0
17.0,92.0,72.0
22.0,93.0,107.0
15.0,90.0,71.0
18.0,96.0,85.0
28.0,113.0,201.0
2.0,79.0,8.0
25.0,97.0,133.0
17.0,99.0,105.0
19.0,107.0,133.0
23.0,90.0,96.0
8.0,80.0,26.0
11.0,88.0,52.0
6.0,86.0,24.0
23.0,100.0,116.0
12.0,83.0,49.0
27.0,109.0,171.0
13.0,95.0,65.0
18.0,99.0,106.0
14.0,87.0,57.0
13.0,91.0,45.0
28.0,112.0,189.0
17.0,104.0,141.0
23.0,98.0,148.0
1.0,75.0,1.0
15.0,83.0,48.0
9.0,94.0,41.0
1.0,77.0,2.0
14.0,95.0,78.0
12.0,87.0,46.0
23.0,103.0,171.0
19.0,104.0,104.0
21.0,98.0,120.0
14.0,91.0,64.0
24.0,107.0,213.0
22.0,103.0,150.0
29.0,110.0,205.0
11.0,90.0,52.0
9.0,93.0,46.0
24.0,109.0,161.0
25.0,108.0,165.0
13.0,85.0,60.0
2.0,89.0,10.0
7.0,84.0,19.0
14.0,97.0,78.0
5.0,95.0,26.0
19.0,105.0,119.0
6.0,95.0,31.0
9.0,82.0,35.0
13.0,92.0,58.0
21.0,107.0,136.0
16.0,85.0,51.0
14.0,94.0,80.0
9.0,88.0,42.0
5.0,89.0,25.0
19.0,91.0,96.0
8.0,79.0,17.0
14.0,91.0,61.0
15.0,94.0,75.0
15.0,99.0,105.0
16.0,96.0,79.0
3.0,77.0,9.0
10.0,89.0,31.0
8.0,87.0,38.0
11.0,93.0,53.0
30.0,110.0,234.0
3.0,84.0,10.0
7.0,88.0,29.0
5.0,88.0,18.0
14.0,94.0,72.0
2.0,85.0,8.0
29.0,116.0,237.0
5.0,86.0,19.0
27.0,106.0,165.0
12.0,87.0,56.0
25.0,105.0,156.0
29.0,114.0,203.0
2.0,90.0,10.0
20.0,99.0,109.0
13.0,93.0,62.0
18.0,97.0,121.0
29.0,102.0,154.0
29.0,112.0,202.0
25.0,109.0,169.0
13.0,105.0,81.0
15.0,96.0,72.0
8.0,84.0,31.0
15.0,105.0,82.0
2.0,71.0,6.0
26.0,106.0,162.0
22.0,101.0,121.0
24.0,108.0,180.0
12.0,93.0,58.0
5.0,89.0,20.0
24.0,98.0,124.0
27.0,104.0,186.0
30.0,107.0,202.0
13.0,97.0,55.0
15.0,86.0,56.0
8.0,100.0,55.0
4.0,84.0,15.0
19.0,96.0,93.0
26.0,112.0,193.0
28.0,104.0,176.0
27.0,104.0,210.0
26.0,108.0,168.0
5.0,86.0,16.0
27.0,101.0,212.0
19.0,92.0,73.0
21.0,102.0,117.0
5.0,89.0,22.0
20.0,97.0,100.0
19.0,104.0,128.0
16.0,101.0,83.0
19.0,105.0,124.0
6.0,90.0,26.0
5.0,94.0,23.0
27.0,106.0,178.0
18.0,99.0,119.0
14.0,93.0,86.0
10.0,92.0,47.0
16.0,95.0,80.0
19.0,102.0,108.0
21.0,99.0,105.0
2.0,84.0,9.0
28.0,103.0,152.0
8.0,87.0,43.0
11.0,88.0,57.0
10.0,91.0,45.0
9.0,91.0,44.0
9.0,92.0,35.0
28.0,110.0,200.0
14.0,98.0,85.0
24.0,111.0,197.0
11.0,98.0,68.0
26.0,107.0,207.0
14.0,95.0,68.0
4.0,85.0,18.0
2.0,89.0,11.0
7.0,79.0,26.0
27.0,100.0,146.0
3.0,98.0,17.0
29.0,108.0,197.0
14.0,101.0,90.0
8.0,89.0,38.0
23.0,106.0,151.0
8.0,80.0,31.0
20.0,103.0,117.0
22.0,106.0,142.0
2.0,81.0,7.0
21.0,104.0,113.0
28.0,111.0,188.0
28.0,117.0,213.0
29.0,108.0,197.0
8.0,88.0,34.0
29.0,109.0,178.0
2.0,91.0,9.0
23.0,102.0,128.0
24.0,95.0,118.0
26.0,110.0,224.0
26.0,108.0,161.0
7.0,87.0,21.0
26.0,113.0,178.0
20.0,106.0,114.0
15.0,96.0,72.0
18.0,97.0,91.0
3.0,85.0,13.0
12.0,94.0,61.0
1.0,74.0,3.0
22.0,103.0,128.0
2.0,80.0,7.0
10.0,83.0,27.0
6.0,87.0,24.0
19.0,100.0,105.0
24.0,105.0,150.0
28.0,109.0,180.0
29.0,107.0,179.0
29.0,111.0,211.0
28.0,105.0,173.0
20.0,97.0,109.0
20.0,99.0,110.0
12.0,99.0,65.0
12.0,89.0,47.0
18.0,96.0,95.0
2.0,76.0,5.0
21.0,100.0,160.0
23.0,96.0,96.0
14.0,96.0,76.0
25.0,107.0,170.0
24.0,109.0,198.0
27.0,106.0,187.0
26.0,110.0,159.0
11.0,88.0,55.0
8.0,80.0,25.0
18.0,98.0,91.0
8.0,82.0,18.0
15.0,95.0,57.0
20.0,103.0,112.0
28.0,105.0,183.0
20.0,93.0,80.0
26.0,108.0,155.0
17.0,96.0,88.0
7.0,81.0,30.0
6.0,90.0,29.0
2.0,88.0,6.0
18.0,89.0,63.0
22.0,100.0,132.0
27.0,102.0,160.0
8.0,80.0,19.0
24.0,100.0,134.0
4.0,78.0,8.0
27.0,103.0,166.0
29.0,107.0,177.0
12.0,91.0,40.0
2.0,83.0,7.0
8.0,85.0,20.0
2.0,89.0,7.0
27.0,98.0,128.0
2.0,83.0,7.0
1.0,79.0,4.0
20.0,98.0,105.0
23.0,103.0,131.0
2.0,89.0,10.0
14.0,95.0,70.0
13.0,101.0,70.0
9.0,92.0,38.0
8.0,90.0,37.0
23.0,100.0,128.0
26.0,106.0,161.0
21.0,97.0,125.0
21.0,100.0,117.0
29.0,106.0,186.0
1.0,84.0,3.0
25.0,104.0,190.0
4.0,78.0,13.0
23.0,102.0,120.0
19.0,97.0,116.0
17.0,99.0,98.0
5.0,89.0,22.0
25.0,93.0,141.0
8.0,93.0,41.0
16.0,100.0,106.0
20.0,96.0,101.0
11.0,86.0,49.0
3.0,79.0,9.0
27.0,96.0,145.0
29.0,107.0,188.0
15.0,94.0,57.0
3.0,83.0,12.0
15.0,89.0,73.0
11.0,83.0,44.0
28.0,114.0,195.0
14.0,94.0,103.0
20.0,107.0,138.0
27.0,106.0,156.0
16.0,87.0,83.0
23.0,106.0,157.0
15.0,86.0,65.0
16.0,91.0,74.0
11.0,100.0,63.0
12.0,93.0,59.0
14.0,99.0,71.0
12.0,92.0,60.0
10.0,92.0,51.0
5.0,92.0,20.0
2.0,84.0,8.0
22.0,105.0,147.0
18.0,89.0,72.0
21.0,98.0,110.0
18.0,100.0,99.0
26.0,102.0,132.0
22.0,101.0,117.0
14.0,89.0,74.0
3.0,85.0,13.0
21.0,105.0,119.0
25.0,112.0,213.0
8.0,85.0,18.0
6.0,88.0,25.0
22.0,98.0,119.0
29.0,109.0,197.0
12.0,91.0,56.0
28.0,116.0,205.0
6.0,92.0,33.0
9.0,86.0,48.0
5.0,91.0,24.0
17.0,96.0,85.0
25.0,109.0,157.0
15.0,98.0,107.0
27.0,114.0,187.0
16.0,97.0,76.0
2.0,83.0,7.0
19.0,101.0,124.0
28.0,108.0,175.0
18.0,100.0,134.0
13.0,85.0,54.0
14.0,97.0,82.0
6.0,78.0,18.0
21.0,98.0,96.0
23.0,97.0,152.0
2.0,82.0,6.0
3.0,72.0,7.0
7.0,83.0,19.0
26.0,101.0,149.0
29.0,117.0,218.0
13.0,93.0,63.0
4.0,73.0,11.0
14.0,99.0,77.0
2.0,84.0,6.0
3.0,83.0,11.0
19.0,100.0,89.0
20.0,110.0,140.0
17.0,95.0,107.0
8.0,97.0,41.0
5.0,87.0,23.0
11.0,87.0,53.0
9.0,84.0,23.0
9.0,90.0,37.0
23.0,102.0,145.0
12.0,89.0,39.0
13.0,95.0,67.0
10.0,93.0,62.0
5.0,88.0,16.0
1.0,76.0,2.0
24.0,103.0,148.0
11.0,92.0,64.0
10.0,103.0,50.0
8.0,94.0,32.0
2.0,73.0,6.0
8.0,75.0,23.0
23.0,103.0,142.0
29.0,114.0,265.0
19.0,102.0,121.0
17.0,101.0,95.0
3.0,83.0,11.0
6.0,91.0,30.0
22.0,101.0,126.0
17.0,96.0,81.0
23.0,97.0,136.0
16.0,92.0,77.0
21.0,102.0,98.0
1.0,79.0,4.0
11.0,96.0,56.0
7.0,100.0,41.0
13.0,84.0,53.0
15.0,97.0,86.0
1.0,78.0,3.0
17.0,97.0,95.0
20.0,96.0,86.0
4.0,87.0,16.0
6.0,90.0,31.0
24.0,110.0,148.0
28.0,101.0,188.0
27.0,104.0,157.0
2.0,81.0,7.0
12.0,88.0,36.0
20.0,98.0,102.0
23.0,103.0,116.0
6.0,81.0,25.0
13.0,89.0,46.0
20.0,94.0,106.0
19.0,90.0,98.0
17.0,96.0,77.0
19.0,100.0,103.0
4.0,91.0,18.0
8.0,83.0,32.0
11.0,90.0,37.0
20.0,98.0,108.0
20.0,93.0,95.0
29.0,102.0,175.0
10.0,93.0,38.0
2.0,84.0,8.0
2.0,86.0,5.0
29.0,117.0,216.0
4.0,76.0,11.0
10.0,90.0,46.0
1.0,79.0,2.0
12.0,97.0,53.0
20.0,94.0,106.0
3.0,76.0,7.0
11.0,82.0,51.0
7.0,93.0,32.0
25.0,101.0,146.0
26.0,104.0,151.0
27.0,108.0,174.0
14.0,102.0,91.0
27.0,106.0,178.0
11.0,87.0,30.0
19.0,95.0,97.0
3.0,75.0,7.0
27.0,108.0,188.0
30.0,112.0,199.0
3.0,89.0,13.0
4.0,84.0,17.0
28.0,101.0,156.0
2.0,86.0,9.0
23.0,92.0,123.0
17.0,91.0,109.0
18.0,105.0,131.0
22.0,112.0,148.0
2.0,79.0,4.0
2.0,90.0,10.0
29.0,103.0,208.0
5.0,81.0,21.0
17.0,98.0,77.0
27.0,121.0,227.0
13.0,105.0,84.0
13.0,88.0,51.0
21.0,105.0,121.0
30.0,107.0,216.0
7.0,78.0,16.0
8.0,91.0,28.0
20.0,99.0,140.0
7.0,83.0,26.0
21.0,98.0,132.0
4.0,83.0,19.0
27.0,105.0,164.0
15.0,97.0,95.0
20.0,102.0,118.0
8.0,76.0,11.0
4.0,89.0,18.0
20.0,111.0,138.0
20.0,97.0,91.0
10.0,90.0,47.0
4.0,81.0,10.0
18.0,90.0,65.0
23.0,94.0,115.0
28.0,103.0,212.0
12.0,91.0,53.0
4.0,78.0,16.0
18.0,100.0,125.0
6.0,93.0,22.0
1.0,88.0,3.0
7.0,87.0,19.0
26.0,108.0,168.0
3.0,84.0,12.0
9.0,83.0,17.0
16.0,85.0,60.0
30.0,106.0,185.0
17.0,108.0,106.0
21.0,105.0,134.0
18.0,96.0,86.0
13.0,95.0,95.0
28.0,106.0,213.0
28.0,104.0,160.0
4.0,87.0,17.0
5.0,79.0,10.0
21.0,91.0,123.0
27.0,112.0,201.0
15.0,90.0,65.0
7.0,88.0,33.0
26.0,106.0,179.0
6.0,82.0,12.0
18.0,102.0,104.0
24.0,102.0,138.0
9.0,94.0,43.0
11.0,97.0,62.0
13.0,92.0,54.0
14.0,94.0,72.0
13.0,92.0,47.0
17.0,102.0,104.0
10.0,90.0,43.0
13.0,90.0,60.0
8.0,83.0,28.0
19.0,104.0,121.0
10.0,92.0,64.0
11.0,85.0,28.0
19.0,100.0,113.0
13.0,98.0,74.0
9.0,95.0,47.0
25.0,103.0,136.0
12.0,94.0,50.0
4.0,86.0,20.0
5.0,87.0,17.0
8.0,81.0,20.0
14.0,92.0,76.0
12.0,93.0,43.0
12.0,85.0,55.0
21.0,98.0,109.0
12.0,103.0,65.0
19.0,98.0,101.0
24.0,104.0,139.0
26.0,103.0,165.0
11.0,95.0,48.0
4.0,84.0,10.0
23.0,105.0,137.0
18.0,101.0,104.0
23.0,102.0,146.0
23.0,97.0,136.0
24.0,105.0,183.0
10.0,89.0,50.0
21.0,104.0,138.0
27.0,106.0,184.0
17.0,101.0,103.0
6.0,77.0,19.0
16.0,87.0,63.0
13.0,89.0,44.0
25.0,105.0,159.0
17.0,104.0,112.0
9.0,86.0,40.0
16.0,98.0,92.0
28.0,101.0,209.0
13.0,91.0,62.0
13.0,100.0,73.0
28.0,105.0,159.0
18.0,93.0,85.0
9.0,88.0,50.0
10.0,94.0,52.0
16.0,101.0,83.0
18.0,95.0,94.0
12.0,96.0,52.0
6.0,85.0,24.0
15.0,90.0,57.0
9.0,89.0,40.0
26.0,106.0,159.0
2.0,80.0,10.0
8.0,90.0,46.0
26.0,100.0,154.0
2.0,91.0,9.0
15.0,93.0,58.0
15.0,98.0,83.0
16.0,95.0,87.0
28.0,112.0,201.0
23.0,97.0,112.0
12.0,89.0,59.0
13.0,94.0,60.0
17.0,92.0,89.0
23.0,103.0,141.0
21.0,108.0,143.0
15.0,104.0,95.0
27.0,109.0,179.0
8.0,89.0,36.0
6.0,80.0,20.0
24.0,107.0,166.0
11.0,89.0,58.0
25.0,106.0,135.0
17.0,94.0,92.0
9.0,86.0,35.0
16.0,91.0,75.0
18.0,110.0,123.0
6.0,92.0,18.0
29.0,105.0,167.0
11.0,101.0,70.0
4.0,90.0,19.0
16.0,92.0,86.0
29.0,114.0,273.0
16.0,93.0,82.0
18.0,99.0,127.0
7.0,82.0,25.0
10.0,95.0,50.0
20.0,103.0,123.0
7.0,90.0,43.0
17.0,97.0,113.0
11.0,96.0,60.0
30.0,99.0,169.0
11.0,95.0,75.0
23.0,105.0,120.0
7.0,93.0,44.0
15.0,94.0,95.0
9.0,90.0,44.0
5.0,87.0,25.0
6.0,87.0,28.0
12.0,92.0,55.0
9.0,79.0,36.0
30.0,110.0,188.0
20.0,94.0,106.0
14.0,95.0,91.0
1.0,81.0,4.0
26.0,100.0,165.0
11.0,91.0,44.0
13.0,88.0,64.0
21.0,105.0,147.0
10.0,88.0,58.0
17.0,102.0,100.0
7.0,86.0,26.0
1.0,77.0,3.0
29.0,113.0,194.0
20.0,98.0,103.0
29.0,110.0,186.0
16.0,100.0,77.0
24.0,105.0,168.0
13.0,100.0,62.0
10.0,89.0,42.0
4.0,93.0,21.0
5.0,76.0,6.0
6.0,101.0,46.0
16.0,94.0,82.0
21.0,104.0,126.0
8.0,89.0,34.0
29.0,107.0,184.0
16.0,91.0,71.0
22.0,98.0,129.0
11.0,95.0,62.0
15.0,80.0,61.0
7.0,95.0,28.0
28.0,114.0,208.0
3.0,76.0,11.0
21.0,94.0,103.0
5.0,90.0,18.0
13.0,89.0,58.0
10.0,91.0,42.0
15.0,104.0,118.0
27.0,101.0,167.0
27.0,108.0,189.0
4.0,87.0,21.0
8.0,96.0,47.0
16.0,91.0,85.0
8.0,79.0,23.0
17.0,97.0,73.0
11.0,84.0,40.0
26.0,109.0,226.0
20.0,106.0,137.0
28.0,102.0,205.0
11.0,82.0,43.0
14.0,87.0,70.0
19.0,94.0,108.0
19.0,101.0,105.0
8.0,88.0,37.0
16.0,101.0,92.0
23.0,109.0,159.0
11.0,101.0,69.0
30.0,108.0,194.0
2.0,80.0,8.0
11.0,90.0,41.0
17.0,101.0,82.0
17.0,101.0,104.0
18.0,100.0,101.0
27.0,111.0,195.0
30.0,106.0,182.0
25.0,111.0,171.0
9.0,83.0,30.0
20.0,93.0,101.0
8.0,96.0,31.0
6.0,88.0,27.0
24.0,101.0,134.0
20.0,103.0,108.0
4.0,80.0,9.0
14.0,95.0,71.0
8.0,99.0,43.0
3.0,85.0,13.0
21.0,97.0,104.0
8.0,87.0,42.0
25.0,100.0,125.0
10.0,85.0,36.0
17.0,97.0,89.0
30.0,113.0,220.0
18.0,98.0,109.0
16.0,95.0,63.0
27.0,105.0,170.0
6.0,83.0,23.0
28.0,112.0,259.0
17.0,97.0,86.0
13.0,98.0,70.0
6.0,74.0,7.0
4.0,84.0,15.0
16.0,88.0,44.0
29.0,109.0,178.0
4.0,80.0,7.0
11.0,90.0,57.0
14.0,98.0,70.0
10.0,94.0,50.0
25.0,107.0,175.0
20.0,95.0,124.0
11.0,83.0,33.0
10.0,89.0,45.0
26.0,109.0,190.0
26.0,105.0,146.0
22.0,103.0,123.0
27.0,107.0,155.0
9.0,99.0,54.0
29.0,109.0,191.0
23.0,101.0,131.0
24.0,98.0,154.0
26.0,104.0,153.0
28.0,117.0,200.0
28.0,101.0,152.0
25.0,100.0,129.0
26.0,105.0,197.0
28.0,111.0,180.0
9.0,76.0,12.0
6.0,81.0,20.0
22.0,100.0,116.0
18.0,97.0,91.0
16.0,99.0,104.0
17.0,96.0,65.0
3.0,80.0,6.0
14.0,96.0,69.0
21.0,104.0,123.0
15.0,99.0,91.0
16.0,102.0,79.0
8.0,96.0,45.0
8.0,90.0,38.0
28.0,101.0,173.0
20.0,95.0,108.0
19.0,109.0,116.0
27.0,103.0,168.0
24.0,110.0,151.0
10.0,83.0,28.0
15.0,99.0,87.0
11.0,89.0,52.0
22.0,104.0,136.0
10.0,92.0,47.0
30.0,110.0,208.0
29.0,105.0,196.0
25.0,107.0,155.0
20.0,108.0,130.0
30.0,117.0,230.0
7.0,98.0,50.0
28.0,106.0,230.0
16.0,94.0,81.0
24.0,117.0,192.0
18.0,103.0,116.0
21.0,103.0,130.0
11.0,92.0,49.0
7.0,83.0,21.0
24.0,108.0,154.0
4.0,82.0,14.0
4.0,76.0,12.0
13.0,94.0,70.0
18.0,99.0,91.0
20.0,98.0,96.0
8.0,87.0,34.0
21.0,95.0,121.0
8.0,81.0,17.0
18.0,94.0,91.0
3.0,80.0,11.0
13.0,106.0,73.0
5.0,83.0,21.0
26.0,103.0,156.0
27.0,108.0,187.0
16.0,95.0,102.0
15.0,92.0,57.0
2.0,81.0,8.0
11.0,85.0,50.0
4.0,83.0,18.0
17.0,95.0,88.0
29.0,93.0,134.0
25.0,94.0,132.0
28.0,108.0,184.0
19.0,95.0,101.0
11.0,91.0,42.0
20.0,92.0,104.0
29.0,105.0,181.0
28.0,110.0,195.0
26.0,107.0,158.0
20.0,96.0,103.0
12.0,96.0,72.0
11.0,93.0,63.0
17.0,90.0,78.0
14.0,92.0,65.0
18.0,95.0,87.0
26.0,103.0,154.0
10.0,92.0,48.0
10.0,88.0,49.0
19.0,93.0,88.0
26.0,113.0,199.0
6.0,81.0,20.0
10.0,84.0,38.0
23.0,111.0,155.0
28.0,105.0,180.0
8.0,91.0,41.0
16.0,90.0,62.0
15.0,95.0,74.0
12.0,96.0,55.0
17.0,105.0,108.0
14.0,99.0,82.0
18.0,102.0,98.0
5.0,81.0,17.0
2.0,77.0,6.0
27.0,114.0,264.0
6.0,91.0,28.0
6.0,90.0,26.0
22.0,102.0,131.0
15.0,93.0,72.0
13.0,93.0,61.0
26.0,101.0,143.0
25.0,111.0,174.0
7.0,90.0,32.0
3.0,89.0,10.0
2.0,72.0,6.0
13.0,95.0,62.0
7.0,87.0,35.0
21.0,97.0,92.0
24.0,102.0,144.0
6.0,82.0,24.0
24.0,105.0,150.0
19.0,97.0,98.0
13.0,106.0,81.0
12.0,87.0,62.0
9.0,87.0,29.0
27.0,107.0,223.0
8.0,89.0,45.0
3.0,84.0,12.0
16.0,90.0,63.0
6.0,90.0,32.0
4.0,81.0,9.0
6.0,85.0,27.0
18.0,99.0,96.0
8.0,87.0,40.0
16.0,91.0,74.0
11.0,95.0,62.0
3.0,89.0,16.0
26.0,116.0,185.0
13.0,92.0,51.0
4.0,87.0,14.0
20.0,105.0,125.0
14.0,91.0,64.0
27.0,113.0,205.0
30.0,105.0,180.0
27.0,107.0,223.0
14.0,103.0,76.0
21.0,102.0,125.0
11.0,90.0,51.0
23.0,102.0,141.0
30.0,111.0,201.0
15.0,92.0,72.0
7.0,71.0,19.0
24.0,108.0,160.0
7.0,86.0,28.0
9.0,93.0,42.0
11.0,97.0,64.0
20.0,95.0,99.0
2.0,89.0,8.0
9.0,86.0,25.0
22.0,99.0,127.0
29.0,108.0,213.0
26.0,110.0,162.0
18.0,95.0,87.0
27.0,109.0,174.0
15.0,92.0,62.0
10.0,101.0,57.0
30.0,107.0,184.0
11.0,85.0,45.0
10.0,83.0,32.0
10.0,87.0,58.0
25.0,105.0,147.0
11.0,84.0,32.0
16.0,90.0,52.0
22.0,92.0,118.0
21.0,98.0,125.0
25.0,99.0,133.0
23.0,106.0,154.0
10.0,89.0,42.0
28.0,106.0,211.0
6.0,80.0,22.0
22.0,98.0,128.0
22.0,107.0,152.0
27.0,103.0,155.0
5.0,85.0,14.0
20.0,102.0,131.0
7.0,92.0,43.0
27.0,106.0,200.0
11.0,88.0,40.0
9.0,101.0,66.0
26.0,95.0,110.0
15.0,89.0,88.0
11.0,90.0,48.0
17.0,94.0,82.0
15.0,105.0,122.0
21.0,106.0,118.0
4.0,83.0,14.0
25.0,106.0,147.0
15.0,97.0,81.0
26.0,112.0,175.0
19.0,91.0,94.0
2.0,91.0,9.0
13.0,97.0,79.0
19.0,100.0,108.0
12.0,91.0,61.0
5.0,80.0,13.0
2.0,88.0,8.0
2.0,91.0,13.0
19.0,91.0,96.0
26.0,108.0,205.0
23.0,104.0,142.0
12.0,95.0,66.0
25.0,103.0,138.0
18.0,97.0,97.0
27.0,111.0,181.0
29.0,121.0,231.0
30.0,102.0,175.0
29.0,109.0,189.0
30.0,110.0,220.0
12.0,96.0,56.0
26.0,113.0,199.0
25.0,102.0,147.0
12.0,92.0,56.0
25.0,101.0,139.0
29.0,100.0,143.0
15.0,92.0,57.0
13.0,87.0,50.0
17.0,92.0,81.0
7.0,85.0,22.0
16.0,101.0,107.0
16.0,99.0,98.0
16.0,106.0,110.0
4.0,90.0,21.0
12.0,99.0,60.0
18.0,104.0,118.0
28.0,101.0,166.0
4.0,85.0,13.0
22.0,105.0,144.0
13.0,90.0,45.0
1.0,89.0,4.0
1.0,77.0,3.0
17.0,100.0,96.0
11.0,100.0,78.0
29.0,108.0,215.0
11.0,91.0,44.0
21.0,102.0,122.0
10.0,86.0,36.0
12.0,88.0,37.0
9.0,103.0,55.0
9.0,92.0,48.0
27.0,104.0,155.0
10.0,93.0,44.0
9.0,91.0,42.0
9.0,86.0,26.0
23.0,99.0,110.0
2.0,84.0,5.0
13.0,95.0,67.0
5.0,75.0,17.0
12.0,94.0,81.0
10.0,86.0,39.0
12.0,83.0,57.0
7.0,77.0,18.0
13.0,89.0,59.0
16.0,100.0,92.0
21.0,110.0,142.0
17.0,98.0,79.0
28.0,104.0,160.0
23.0,105.0,145.0
17.0,92.0,90.0
26.0,101.0,176.0
10.0,78.0,33.0
8.0,93.0,39.0
8.0,94.0,40.0
5.0,86.0,18.0
4.0,86.0,16.0
4.0,77.0,11.0
7.0,79.0,23.0
5.0,80.0,17.0
24.0,105.0,150.0
28.0,106.0,220.0
26.0,107.0,164.0
23.0,96.0,118.0
18.0,97.0,102.0
7.0,91.0,34.0
5.0,85.0,22.0
27.0,98.0,165.0
4.0,89.0,19.0
17.0,96.0,89.0
15.0,96.0,82.0
15.0,92.0,88.0
15.0,80.0,42.0
9.0,88.0,39.0
9.0,87.0,29.0
5.0,79.0,16.0
17.0,98.0,76.0
18.0,100.0,104.0
10.0,89.0,31.0
24.0,104.0,154.0
20.0,97.0,84.0
12.0,98.0,71.0
24.0,104.0,143.0
23.0,95.0,108.0
26.0,114.0,227.0
7.0,92.0,26.0
18.0,103.0,104.0
23.0,109.0,158.0
13.0,98.0,58.0
14.0,92.0,71.0
7.0,83.0,28.0
15.0,92.0,63.0
7.0,90.0,31.0
10.0,92.0,60.0
17.0,97.0,92.0
16.0,96.0,98.0
1.0,82.0,4.0
3.0,85.0,12.0
5.0,89.0,26.0
5.0,90.0,18.0
27.0,118.0,204.0
19.0,102.0,113.0
16.0,99.0,96.0
23.0,90.0,104.0
1.0,74.0,1.0
30.0,111.0,214.0
30.0,114.0,223.0
23.0,96.0,122.0
8.0,86.0,46.0
23.0,102.0,144.0
6.0,89.0,26.0
15.0,96.0,67.0
11.0,93.0,57.0
6.0,82.0,24.0
2.0,83.0,4.0
17.0,103.0,104.0
6.0,91.0,28.0
11.0,80.0,29.0
2.0,77.0,6.0
28.0,109.0,201.0
25.0,105.0,176.0
7.0,82.0,20.0
2.0,79.0,7.0
24.0,102.0,122.0
4.0,78.0,13.0
13.0,89.0,63.0
11.0,85.0,47.0
2.0,75.0,5.0
14.0,100.0,87.0
19.0,109.0,120.0
28.0,102.0,153.0
7.0,91.0,36.0
21.0,103.0,139.0
6.0,87.0,17.0
29.0,111.0,196.0
25.0,108.0,178.0
20.0,103.0,138.0
27.0,113.0,187.0
2.0,86.0,8.0
11.0,96.0,61.0
24.0,108.0,155.0
27.0,113.0,189.0
14.0,91.0,60.0
8.0,85.0,39.0
16.0,94.0,91.0
18.0,99.0,103.0
29.0,104.0,186.0
2.0,84.0,8.0
20.0,101.0,116.0
5.0,96.0,34.0
6.0,78.0,13.0
11.0,94.0,53.0
26.0,110.0,167.0
2.0,84.0,8.0
28.0,110.0,232.0
15.0,100.0,91.0
28.0,107.0,189.0
1.0,82.0,4.0
18.0,92.0,66.0
15.0,94.0,83.0
29.0,114.0,201.0
8.0,91.0,37.0
9.0,89.0,55.0
14.0,92.0,73.0
23.0,100.0,124.0
1.0,91.0,5.0
7.0,82.0,24.0
26.0,103.0,158.0
21.0,103.0,120.0
8.0,96.0,38.0
7.0,96.0,38.0
13.0,87.0,33.0
23.0,108.0,154.0
23.0,100.0,134.0
19.0,84.0,71.0
8.0,103.0,46.0
8.0,79.0,15.0
15.0,90.0,75.0
22.0,103.0,122.0
11.0,91.0,52.0
24.0,104.0,165.0
3.0,87.0,8.0
9.0,83.0,22.0
22.0,107.0,127.0
9.0,93.0,35.0
9.0,95.0,57.0
15.0,98.0,68.0
22.0,100.0,134.0
5.0,86.0,24.0
21.0,106.0,146.0
4.0,85.0,20.0
11.0,92.0,48.0
4.0,85.0,16.0
12.0,91.0,42.0
12.0,85.0,48.0
4.0,86.0,16.0
27.0,105.0,163.0
2.0,87.0,5.0
28.0,99.0,153.0
17.0,98.0,83.0
30.0,109.0,178.0
5.0,82.0,21.0
9.0,89.0,48.0
14.0,99.0,85.0
8.0,84.0,23.0
28.0,108.0,198.0
25.0,103.0,156.0
20.0,95.0,97.0
24.0,110.0,182.0
2.0,84.0,8.0
3.0,82.0,11.0
12.0,84.0,44.0
24.0,100.0,148.0
30.0,103.0,186.0
24.0,106.0,158.0
22.0,100.0,140.0
21.0,101.0,145.0
4.0,84.0,15.0
20.0,98.0,136.0
24.0,100.0,131.0
28.0,105.0,187.0
23.0,108.0,145.0
6.0,95.0,34.0
19.0,103.0,121.0
21.0,102.0,108.0
14.0,86.0,70.0
25.0,104.0,150.0
1.0,76.0,1.0
29.0,111.0,212.0
20.0,94.0,99.0
3.0,81.0,10.0
13.0,99.0,70.0
7.0,85.0,27.0
14.0,99.0,67.0
5.0,81.0,17.0
6.0,76.0,21.0
27.0,107.0,174.0
20.0,100.0,110.0
26.0,112.0,234.0
15.0,97.0,83.0
17.0,91.0,72.0
15.0,94.0,71.0
6.0,83.0,18.0
5.0,92.0,25.0
18.0,104.0,96.0
12.0,91.0,60.0
26.0,107.0,165.0
5.0,85.0,19.0
25.0,108.0,157.0
10.0,82.0,35.0
5.0,85.0,18.0
8.0,88.0,36.0
17.0,98.0,105.0
12.0,94.0,67.0
25.0,98.0,173.0
10.0,87.0,58.0
15.0,91.0,73.0
26.0,102.0,166.0
24.0,109.0,180.0
13.0,106.0,86.0
11.0,85.0,34.0
25.0,113.0,181.0
11.0,90.0,43.0
12.0,81.0,32.0
24.0,102.0,160.0
5.0,93.0,26.0
26.0,108.0,198.0
6.0,80.0,20.0
12.0,89.0,59.0
17.0,91.0,73.0
26.0,108.0,156.0
13.0,97.0,67.0
23.0,105.0,145.0
29.0,118.0,261.0
8.0,97.0,39.0
6.0,89.0,27.0
9.0,91.0,37.0
7.0,82.0,26.0
15.0,88.0,51.0
3.0,87.0,13.0
21.0,105.0,140.0
3.0,80.0,11.0
27.0,107.0,195.0
9.0,81.0,38.0
15.0,104.0,93.0
16.0,99.0,92.0
27.0,110.0,192.0
13.0,99.0,60.0
17.0,92.0,78.0
18.0,104.0,116.0
11.0,82.0,41.0
10.0,78.0,24.0
7.0,90.0,30.0
3.0,84.0,12.0
28.0,111.0,200.0
23.0,97.0,120.0
2.0,82.0,6.0
23.0,101.0,129.0
21.0,98.0,143.0
21.0,99.0,129.0
2.0,76.0,6.0
10.0,86.0,30.0
11.0,94.0,55.0
21.0,95.0,131.0
12.0,94.0,64.0
8.0,89.0,26.0
30.0,113.0,235.0
24.0,112.0,220.0
20.0,101.0,142.0
20.0,98.0,130.0
25.0,115.0,199.0
7.0,81.0,17.0
10.0,89.0,43.0
6.0,89.0,26.0
7.0,90.0,29.0
21.0,100.0,113.0
2.0,75.0,4.0
22.0,106.0,137.0
3.0,88.0,17.0
18.0,90.0,80.0
3.0,88.0,14.0
3.0,86.0,12.0
18.0,93.0,66.0
29.0,111.0,184.0
10.0,86.0,44.0
16.0,95.0,63.0
24.0,98.0,121.0
14.0,98.0,71.0
8.0,100.0,38.0
8.0,96.0,32.0
9.0,88.0,27.0
7.0,87.0,29.0
14.0,93.0,55.0
18.0,98.0,100.0
3.0,76.0,10.0
20.0,108.0,131.0
10.0,99.0,53.0
2.0,87.0,8.0
7.0,92.0,38.0
29.0,108.0,204.0
19.0,98.0,100.0
29.0,109.0,233.0
26.0,106.0,158.0
29.0,109.0,246.0
12.0,91.0,35.0
28.0,112.0,219.0
25.0,104.0,180.0
28.0,107.0,196.0
15.0,92.0,89.0
15.0,91.0,66.0
20.0,95.0,132.0
29.0,113.0,209.0
22.0,106.0,132.0
9.0,93.0,42.0
7.0,82.0,14.0
29.0,114.0,223.0
10.0,84.0,37.0
18.0,97.0,101.0
4.0,84.0,16.0
22.0,103.0,133.0
9.0,86.0,42.0
6.0,88.0,23.0
25.0,108.0,161.0
13.0,91.0,67.0
20.0,99.0,109.0
30.0,110.0,203.0
23.0,104.0,136.0
26.0,105.0,165.0
4.0,84.0,15.0
14.0,87.0,56.0
27.0,113.0,207.0
16.0,102.0,95.0
11.0,90.0,59.0
11.0,82.0,37.0
10.0,95.0,58.0
14.0,99.0,70.0
18.0,101.0,106.0
25.0,101.0,159.0
24.0,98.0,141.0
15.0,95.0,56.0
19.0,96.0,107.0
29.0,111.0,200.0
4.0,83.0,15.0
18.0,102.0,114.0
2.0,88.0,6.0
18.0,94.0,119.0
23.0,87.0,94.0
3.0,83.0,11.0
19.0,98.0,98.0
26.0,102.0,138.0
4.0,79.0,13.0
10.0,85.0,41.0
10.0,87.0,44.0
22.0,95.0,112.0
3.0,76.0,8.0
10.0,92.0,49.0
20.0,91.0,102.0
24.0,107.0,196.0
14.0,91.0,60.0
22.0,106.0,177.0
14.0,96.0,79.0
14.0,96.0,53.0
12.0,93.0,66.0
30.0,110.0,221.0
15.0,88.0,62.0
16.0,96.0,87.0
25.0,108.0,153.0
10.0,88.0,46.0
2.0,79.0,5.0
14.0,95.0,61.0
25.0,114.0,232.0
11.0,101.0,61.0
25.0,108.0,201.0
30.0,110.0,216.0
10.0,93.0,41.0
24.0,101.0,123.0
24.0,106.0,174.0
19.0,96.0,84.0
3.0,84.0,13.0
4.0,81.0,8.0
16.0,107.0,110.0
12.0,96.0,51.0
12.0,89.0,36.0
25.0,109.0,212.0
9.0,89.0,39.0
7.0,86.0,32.0
3.0,78.0,12.0
25.0,94.0,135.0
5.0,89.0,23.0
30.0,109.0,247.0
30.0,108.0,210.0
17.0,88.0,70.0
10.0,99.0,61.0
11.0,89.0,46.0
16.0,92.0,82.0
29.0,111.0,192.0
29.0,106.0,194.0
3.0,82.0,12.0
5.0,87.0,22.0
29.0,108.0,203.0
20.0,99.0,109.0
29.0,108.0,164.0
29.0,103.0,156.0
10.0,82.0,37.0
27.0,106.0,158.0
16.0,102.0,98.0
18.0,96.0,101.0
4.0,78.0,12.0
3.0,86.0,14.0
28.0,103.0,181.0
24.0,105.0,167.0
21.0,108.0,139.0
23.0,103.0,130.0
30.0,128.0,289.0
9.0,83.0,26.0
29.0,115.0,211.0
28.0,111.0,193.0
8.0,80.0,19.0
14.0,90.0,51.0
5.0,77.0,13.0
7.0,81.0,33.0
15.0,102.0,77.0
13.0,98.0,67.0
16.0,98.0,75.0
15.0,89.0,75.0
19.0,103.0,125.0
20.0,98.0,110.0
13.0,82.0,31.0
9.0,88.0,41.0
1.0,87.0,4.0
9.0,94.0,43.0
15.0,88.0,64.0
12.0,97.0,64.0
19.0,98.0,102.0
13.0,100.0,64.0
14.0,94.0,98.0
11.0,95.0,49.0
27.0,104.0,155.0
26.0,115.0,199.0
5.0,86.0,24.0
18.0,105.0,111.0
19.0,91.0,92.0
18.0,100.0,104.0
28.0,117.0,207.0
20.0,98.0,103.0
16.0,93.0,69.0
13.0,91.0,72.0
28.0,99.0,158.0
13.0,89.0,61.0
25.0,105.0,146.0
16.0,89.0,71.0
27.0,116.0,194.0
30.0,115.0,205.0
10.0,86.0,42.0
26.0,101.0,155.0
20.0,104.0,120.0
8.0,96.0,45.0
7.0,93.0,35.0
28.0,107.0,173.0
29.0,117.0,214.0
22.0,103.0,139.0
14.0,99.0,74.0
16.0,96.0,99.0
22.0,105.0,145.0
22.0,105.0,133.0
23.0,106.0,130.0
21.0,104.0,134.0
9.0,89.0,34.0
7.0,85.0,21.0
20.0,103.0,107.0
26.0,108.0,161.0
6.0,82.0,24.0
6.0,90.0,28.0
6.0,84.0,20.0
5.0,93.0,27.0
27.0,110.0,179.0
2.0,77.0,6.0
8.0,86.0,32.0
27.0,104.0,164.0
24.0,107.0,168.0
24.0,101.0,167.0
2.0,82.0,8.0
19.0,96.0,114.0
3.0,80.0,11.0
4.0,91.0,14.0
5.0,82.0,18.0
28.0,111.0,202.0
7.0,93.0,35.0
12.0,90.0,61.0
25.0,101.0,137.0
1.0,80.0,4.0
4.0,81.0,9.0
6.0,90.0,28.0
15.0,91.0,65.0
25.0,103.0,168.0
25.0,103.0,163.0
19.0,97.0,120.0
16.0,100.0,92.0
18.0,94.0,72.0
23.0,111.0,158.0
2.0,87.0,8.0
8.0,92.0,36.0
14.0,91.0,67.0
7.0,82.0,26.0
7.0,86.0,34.0
4.0,77.0,14.0
24.0,105.0,159.0
15.0,104.0,92.0
12.0,95.0,68.0
6.0,85.0,19.0
28.0,106.0,187.0
18.0,103.0,138.0
18.0,96.0,90.0
8.0,83.0,26.0
7.0,83.0,19.0
3.0,85.0,14.0
16.0,93.0,62.0
9.0,89.0,40.0
16.0,89.0,69.0
3.0,69.0,8.0
23.0,101.0,113.0
28.0,111.0,183.0
17.0,100.0,83.0
16.0,97.0,103.0
23.0,104.0,135.0
30.0,113.0,207.0
8.0,94.0,41.0
19.0,103.0,105.0
11.0,85.0,41.0
20.0,95.0,102.0
4.0,90.0,13.0
10.0,90.0,54.0
28.0,101.0,158.0
5.0,88.0,20.0
6.0,82.0,20.0
12.0,96.0,59.0
17.0,105.0,98.0
20.0,108.0,134.0
16.0,90.0,51.0
6.0,80.0,27.0
28.0,104.0,209.0
15.0,95.0,74.0
20.0,103.0,159.0
8.0,91.0,41.0
16.0,102.0,101.0
15.0,97.0,84.0
11.0,104.0,66.0
26.0,116.0,188.0
27.0,103.0,153.0
21.0,99.0,128.0
19.0,101.0,143.0
3.0,83.0,13.0
7.0,87.0,31.0
20.0,105.0,123.0
9.0,93.0,31.0
9.0,90.0,44.0
15.0,90.0,72.0
13.0,93.0,71.0
18.0,88.0,70.0
6.0,91.0,20.0
11.0,91.0,51.0
21.0,103.0,130.0
11.0,90.0,39.0
6.0,89.0,23.0
8.0,78.0,26.0
19.0,111.0,135.0
29.0,106.0,173.0
22.0,98.0,120.0
8.0,96.0,53.0
10.0,88.0,43.0
23.0,108.0,161.0
16.0,101.0,90.0
22.0,106.0,133.0
7.0,93.0,42.0
11.0,91.0,53.0
16.0,94.0,93.0
29.0,114.0,228.0
27.0,106.0,222.0
19.0,93.0,80.0
4.0,89.0,13.0
29.0,107.0,194.0
16.0,104.0,115.0
24.0,104.0,203.0
19.0,104.0,143.0
5.0,77.0,12.0
21.0,93.0,132.0
21.0,98.0,138.0
8.0,81.0,29.0
13.0,96.0,70.0
6.0,88.0,26.0
27.0,105.0,163.0
29.0,114.0,261.0
7.0,82.0,30.0
23.0,101.0,116.0
19.0,109.0,120.0
18.0,99.0,99.0
16.0,103.0,104.0
19.0,100.0,113.0
12.0,94.0,79.0
16.0,95.0,93.0
24.0,107.0,149.0
24.0,108.0,167.0
4.0,77.0,9.0
11.0,83.0,44.0
15.0,100.0,84.0
13.0,95.0,81.0
6.0,91.0,29.0
10.0,99.0,68.0
4.0,79.0,17.0
28.0,105.0,153.0
17.0,99.0,96.0
4.0,82.0,16.0
24.0,99.0,155.0
22.0,92.0,91.0
19.0,101.0,131.0
17.0,92.0,89.0
13.0,100.0,68.0
14.0,92.0,69.0
9.0,89.0,33.0
30.0,105.0,218.0
7.0,84.0,36.0
6.0,83.0,12.0
4.0,82.0,9.0
7.0,84.0,26.0
18.0,94.0,95.0
28.0,105.0,166.0
4.0,78.0,8.0
25.0,106.0,161.0
15.0,94.0,78.0
21.0,96.0,116.0
10.0,89.0,47.0
4.0,83.0,14.0
4.0,85.0,15.0
26.0,105.0,190.0
14.0,97.0,77.0
30.0,97.0,159.0
17.0,92.0,65.0
9.0,89.0,39.0
25.0,108.0,206.0
18.0,95.0,82.0
13.0,82.0,41.0
16.0,100.0,93.0
24.0,108.0,144.0
2.0,74.0,7.0
27.0,111.0,250.0
29.0,112.0,200.0
8.0,89.0,33.0
5.0,80.0,17.0
16.0,89.0,50.0
17.0,96.0,80.0
9.0,81.0,31.0
12.0,84.0,47.0
13.0,86.0,59.0
26.0,108.0,164.0
12.0,96.0,59.0
23.0,98.0,118.0
24.0,106.0,159.0
4.0,80.0,13.0
21.0,102.0,121.0
7.0,84.0,32.0
2.0,88.0,7.0
14.0,98.0,78.0
5.0,85.0,20.0
18.0,87.0,72.0
11.0,90.0,42.0
18.0,99.0,129.0
22.0,95.0,101.0
10.0,90.0,57.0
22.0,102.0,137.0
2.0,75.0,5.0
1.0,80.0,4.0
30.0,115.0,225.0
4.0,86.0,17.0
25.0,100.0,142.0
12.0,92.0,57.0
12.0,86.0,56.0
14.0,84.0,56.0
7.0,87.0,30.0
10.0,91.0,55.0
12.0,93.0,59.0
28.0,103.0,161.0
25.0,101.0,139.0
12.0,96.0,60.0
23.0,93.0,95.0
19.0,100.0,104.0
15.0,96.0,88.0
29.0,97.0,133.0
28.0,98.0,172.0
15.0,88.0,76.0
17.0,90.0,61.0
19.0,101.0,119.0
8.0,92.0,42.0
17.0,97.0,68.0
15.0,93.0,79.0
2.0,80.0,4.0
26.0,104.0,149.0
10.0,94.0,42.0
15.0,95.0,83.0
26.0,104.0,214.0
12.0,81.0,42.0
4.0,81.0,13.0
20.0,104.0,123.0
16.0,98.0,82.0
15.0,94.0,67.0
13.0,93.0,67.0
28.0,103.0,148.0
15.0,95.0,71.0
13.0,79.0,43.0
29.0,111.0,229.0
3.0,79.0,8.0
17.0,97.0,93.0
7.0,93.0,30.0
25.0,110.0,166.0
28.0,111.0,168.0
4.0,92.0,14.0
27.0,112.0,184.0
22.0,103.0,148.0
24.0,96.0,108.0
8.0,90.0,33.0
17.0,94.0,79.0
5.0,87.0,25.0
4.0,79.0,14.0
2.0,85.0,8.0
26.0,106.0,155.0
24.0,90.0,92.0
5.0,71.0,11.0
14.0,99.0,79.0
5.0,84.0,19.0
17.0,88.0,67.0
22.0,97.0,121.0
6.0,81.0,18.0
20.0,95.0,97.0
23.0,102.0,134.0
3.0,79.0,6.0
13.0,91.0,58.0
17.0,87.0,78.0
26.0,106.0,165.0
16.0,98.0,80.0
26.0,112.0,177.0
5.0,87.0,20.0
29.0,104.0,171.0
16.0,92.0,63.0
24.0,103.0,133.0
7.0,78.0,23.0
3.0,86.0,9.0
1.0,87.0,4.0
3.0,94.0,14.0
9.0,77.0,28.0
21.0,99.0,103.0
7.0,85.0,29.0
5.0,85.0,20.0
24.0,93.0,126.0
29.0,102.0,165.0
23.0,93.0,111.0
12.0,95.0,59.0
13.0,94.0,60.0
8.0,90.0,38.0
23.0,105.0,134.0
7.0,79.0,18.0
25.0,101.0,140.0
29.0,113.0,199.0
4.0,86.0,16.0
10.0,92.0,49.0
30.0,103.0,154.0
6.0,83.0,24.0
30.0,110.0,198.0
30.0,115.0,218.0
10.0,90.0,43.0
7.0,91.0,31.0
27.0,99.0,160.0
7.0,88.0,33.0
16.0,105.0,90.0
16.0,94.0,64.0
2.0,83.0,8.0
8.0,87.0,36.0
24.0,109.0,166.0
15.0,93.0,74.0
23.0,107.0,148.0
18.0,96.0,88.0
28.0,122.0,240.0
1.0,77.0,3.0
19.0,113.0,133.0
28.0,106.0,175.0
11.0,93.0,62.0
7.0,79.0,22.0
3.0,79.0,10.0
2.0,91.0,7.0
8.0,92.0,34.0
25.0,110.0,181.0
9.0,91.0,44.0
20.0,90.0,90.0
18.0,95.0,125.0
15.0,85.0,62.0
26.0,110.0,240.0
6.0,84.0,20.0
16.0,102.0,111.0
12.0,95.0,48.0
21.0,103.0,126.0
21.0,101.0,105.0
9.0,89.0,40.0
8.0,87.0,23.0
11.0,87.0,54.0
21.0,105.0,140.0
18.0,91.0,97.0
13.0,89.0,57.0
5.0,84.0,21.0
24.0,100.0,142.0
7.0,91.0,37.0
2.0,85.0,8.0
7.0,90.0,27.0
5.0,86.0,19.0
5.0,83.0,20.0
20.0,101.0,143.0
17.0,98.0,104.0
8.0,76.0,23.0
4.0,86.0,16.0
13.0,91.0,56.0
20.0,96.0,110.0
28.0,110.0,191.0
12.0,95.0,61.0
13.0,84.0,43.0
10.0,88.0,48.0
25.0,108.0,166.0
9.0,91.0,44.0
21.0,99.0,105.0
13.0,95.0,74.0
10.0,88.0,40.0
3.0,76.0,9.0
24.0,103.0,122.0
19.0,92.0,109.0
17.0,103.0,104.0
26.0,115.0,252.0
19.0,88.0,90.0
18.0,97.0,94.0
28.0,111.0,193.0
25.0,102.0,151.0
19.0,90.0,68.0
2.0,77.0,8.0
9.0,84.0,24.0
12.0,102.0,60.0
28.0,106.0,180.0
26.0,109.0,218.0
19.0,101.0,119.0
27.0,103.0,155.0
21.0,103.0,130.0
9.0,83.0,23.0
16.0,93.0,67.0
2.0,85.0,8.0
6.0,87.0,27.0
14.0,94.0,64.0
12.0,98.0,55.0
22.0,99.0,122.0
17.0,108.0,108.0
26.0,101.0,148.0
4.0,91.0,21.0
13.0,93.0,63.0
20.0,91.0,91.0
24.0,106.0,157.0
17.0,102.0,97.0
22.0,102.0,128.0
8.0,85.0,38.0
9.0,82.0,35.0
26.0,101.0,158.0
17.0,98.0,84.0
4.0,93.0,15.0
1.0,80.0,2.0
26.0,102.0,193.0
24.0,116.0,184.0
22.0,104.0,180.0
6.0,92.0,27.0
7.0,88.0,39.0
23.0,113.0,164.0
2.0,83.0,9.0
26.0,103.0,135.0
29.0,114.0,203.0
20.0,102.0,113.0
8.0,88.0,33.0
29.0,109.0,193.0
17.0,86.0,78.0
6.0,89.0,20.0
21.0,103.0,115.0
13.0,94.0,53.0
27.0,115.0,210.0
19.0,94.0,111.0
2.0,80.0,6.0
26.0,103.0,170.0
19.0,104.0,120.0
12.0,95.0,70.0
19.0,102.0,115.0
14.0,94.0,70.0
6.0,92.0,28.0
29.0,116.0,211.0
7.0,100.0,34.0
5.0,84.0,22.0
11.0,94.0,49.0
21.0,90.0,90.0
6.0,92.0,30.0
21.0,101.0,120.0
17.0,91.0,89.0
28.0,108.0,187.0
19.0,100.0,132.0
25.0,109.0,163.0
13.0,98.0,75.0
12.0,90.0,57.0
25.0,111.0,158.0
28.0,105.0,190.0
30.0,109.0,196.0
23.0,105.0,177.0
11.0,90.0,48.0
29.0,114.0,201.0
14.0,83.0,56.0
26.0,106.0,165.0
30.0,114.0,218.0
10.0,94.0,52.0
24.0,104.0,142.0
3.0,83.0,7.0
10.0,92.0,63.0
22.0,98.0,98.0
27.0,102.0,161.0
26.0,108.0,163.0
14.0,84.0,60.0
28.0,113.0,254.0
23.0,107.0,163.0
23.0,101.0,116.0
12.0,93.0,57.0
7.0,83.0,29.0
19.0,103.0,107.0
16.0,97.0,88.0
7.0,84.0,24.0
24.0,106.0,152.0
4.0,94.0,21.0
4.0,90.0,13.0
25.0,102.0,142.0
24.0,104.0,133.0
28.0,111.0,196.0
5.0,91.0,22.0
3.0,84.0,9.0
23.0,104.0,134.0
6.0,83.0,21.0
28.0,112.0,207.0
3.0,91.0,13.0
13.0,97.0,72.0
20.0,98.0,111.0
3.0,88.0,17.0
29.0,110.0,229.0
16.0,97.0,104.0
29.0,110.0,206.0
26.0,97.0,152.0
9.0,96.0,43.0
16.0,98.0,80.0
12.0,81.0,52.0
5.0,90.0,18.0
5.0,93.0,30.0
5.0,86.0,22.0
11.0,87.0,49.0
13.0,90.0,59.0
22.0,103.0,129.0
2.0,77.0,6.0
28.0,108.0,177.0
15.0,97.0,101.0
26.0,105.0,157.0
6.0,94.0,24.0
29.0,118.0,261.0
13.0,95.0,67.0
24.0,101.0,137.0
11.0,92.0,47.0
16.0,95.0,90.0
9.0,91.0,37.0
17.0,99.0,91.0
12.0,92.0,70.0
4.0,88.0,22.0
29.0,104.0,170.0
11.0,86.0,55.0
26.0,105.0,159.0
27.0,107.0,179.0
15.0,96.0,80.0
13.0,97.0,73.0
7.0,91.0,32.0
5.0,91.0,31.0
17.0,89.0,66.0
28.0,101.0,157.0
16.0,99.0,80.0
3.0,81.0,12.0
5.0,84.0,22.0
17.0,92.0,85.0
25.0,91.0,112.0
1.0,84.0,4.0
12.0,89.0,38.0
3.0,84.0,9.0
9.0,95.0,44.0
17.0,97.0,100.0
11.0,90.0,46.0
25.0,103.0,127.0
7.0,83.0,14.0
28.0,107.0,178.0
29.0,102.0,192.0
16.0,101.0,88.0
9.0,89.0,26.0
9.0,91.0,30.0
9.0,90.0,44.0
29.0,107.0,181.0
9.0,84.0,33.0
6.0,91.0,28.0
8.0,83.0,30.0
8.0,89.0,35.0
6.0,86.0,28.0
13.0,98.0,64.0
18.0,93.0,97.0
11.0,92.0,53.0
30.0,108.0,205.0
13.0,86.0,32.0
23.0,102.0,140.0
14.0,87.0,57.0
5.0,89.0,18.0
2.0,90.0,9.0
17.0,92.0,89.0
27.0,100.0,170.0
12.0,91.0,54.0
30.0,108.0,226.0
21.0,97.0,113.0
10.0,87.0,42.0
18.0,97.0,102.0
5.0,78.0,10.0
7.0,87.0,38.0
5.0,86.0,18.0
8.0,83.0,34.0
21.0,114.0,162.0
4.0,87.0,17.0
25.0,94.0,141.0
11.0,97.0,67.0
12.0,95.0,69.0
14.0,96.0,69.0
25.0,106.0,169.0
27.0,109.0,197.0
26.0,109.0,174.0
29.0,105.0,233.0
17.0,92.0,59.0
29.0,110.0,226.0
5.0,87.0,25.0
17.0,99.0,109.0
7.0,85.0,35.0
11.0,86.0,48.0
25.0,97.0,141.0
9.0,88.0,42.0
3.0,86.0,9.0
25.0,101.0,164.0
20.0,92.0,118.0
12.0,93.0,63.0
1.0,86.0,3.0
24.0,92.0,106.0
25.0,109.0,203.0
17.0,101.0,96.0
23.0,98.0,122.0
16.0,91.0,73.0
26.0,109.0,163.0
29.0,114.0,221.0
15.0,94.0,76.0
24.0,103.0,136.0
26.0,109.0,183.0
15.0,99.0,101.0
10.0,98.0,62.0
22.0,100.0,129.0
26.0,103.0,159.0
9.0,85.0,30.0
16.0,96.0,61.0
8.0,91.0,36.0
2.0,84.0,6.0
18.0,93.0,66.0
26.0,106.0,159.0
10.0,93.0,52.0
1.0,82.0,4.0
21.0,104.0,137.0
24.0,107.0,154.0
9.0,90.0,39.0
21.0,93.0,108.0
23.0,101.0,162.0
12.0,96.0,74.0
18.0,93.0,106.0
16.0,99.0,88.0
24.0,101.0,140.0
24.0,96.0,102.0
24.0,97.0,129.0
20.0,100.0,110.0
4.0,78.0,9.0
24.0,110.0,171.0
19.0,105.0,152.0
5.0,83.0,20.0
17.0,99.0,87.0
9.0,90.0,39.0
18.0,94.0,65.0
25.0,104.0,156.0
8.0,89.0,27.0
24.0,113.0,158.0
23.0,100.0,121.0
9.0,90.0,39.0
22.0,105.0,125.0
16.0,94.0,102.0
3.0,92.0,11.0
20.0,97.0,102.0
11.0,83.0,49.0
6.0,77.0,18.0
26.0,112.0,171.0
3.0,82.0,10.0
28.0,103.0,152.0
13.0,101.0,68.0
24.0,95.0,133.0
12.0,83.0,43.0
29.0,110.0,204.0
9.0,84.0,39.0
19.0,103.0,117.0
22.0,105.0,138.0
28.0,111.0,178.0
20.0,95.0,141.0
6.0,91.0,22.0
6.0,86.0,20.0
6.0,83.0,25.0
2.0,84.0,7.0
17.0,96.0,87.0
13.0,89.0,62.0
26.0,107.0,161.0
21.0,106.0,126.0
26.0,109.0,166.0
14.0,99.0,89.0
13.0,94.0,62.0
12.0,86.0,50.0
7.0,89.0,35.0
13.0,95.0,65.0
3.0,75.0,8.0
1.0,84.0,3.0
12.0,84.0,25.0
7.0,88.0,22.0
29.0,113.0,236.0
6.0,77.0,13.0
2.0,88.0,10.0
9.0,85.0,35.0
26.0,106.0,171.0
11.0,95.0,62.0
12.0,93.0,63.0
23.0,94.0,121.0
4.0,93.0,15.0
19.0,99.0,110.0
14.0,90.0,62.0
18.0,90.0,90.0
12.0,92.0,67.0
14.0,95.0,80.0
12.0,89.0,70.0
11.0,96.0,54.0
12.0,93.0,57.0
23.0,101.0,114.0
18.0,96.0,90.0
8.0,89.0,38.0
16.0,91.0,74.0
5.0,84.0,22.0
2.0,85.0,10.0
6.0,93.0,39.0
10.0,84.0,28.0
21.0,92.0,98.0
7.0,84.0,17.0
15.0,97.0,79.0
12.0,89.0,36.0
15.0,91.0,69.0
23.0,108.0,141.0
28.0,104.0,152.0
10.0,94.0,47.0
7.0,80.0,24.0
23.0,100.0,121.0
28.0,110.0,239.0
10.0,90.0,52.0
2.0,81.0,8.0
24.0,96.0,117.0
18.0,99.0,105.0
14.0,93.0,70.0
16.0,94.0,84.0
2.0,81.0,7.0
18.0,97.0,101.0
14.0,90.0,64.0
24.0,102.0,123.0
12.0,93.0,66.0
18.0,91.0,85.0
13.0,94.0,60.0
2.0,83.0,6.0
15.0,95.0,73.0
23.0,98.0,108.0
7.0,86.0,37.0
6.0,77.0,20.0
26.0,102.0,138.0
30.0,112.0,200.0
17.0,94.0,89.0
28.0,104.0,165.0
28.0,110.0,183.0
24.0,98.0,108.0
1.0,86.0,4.0
2.0,92.0,10.0
7.0,80.0,28.0
7.0,88.0,31.0
29.0,104.0,173.0
9.0,93.0,31.0
6.0,80.0,20.0
6.0,76.0,14.0
30.0,106.0,188.0
26.0,103.0,165.0
11.0,87.0,53.0
22.0,105.0,124.0
19.0,95.0,94.0
7.0,84.0,28.0
26.0,97.0,154.0
19.0,97.0,103.0
29.0,101.0,163.0
26.0,107.0,172.0
26.0,109.0,162.0
13.0,99.0,75.0
17.0,96.0,95.0
11.0,97.0,61.0
15.0,92.0,69.0
30.0,110.0,238.0
25.0,108.0,148.0
18.0,100.0,100.0
5.0,87.0,23.0
4.0,87.0,16.0
28.0,110.0,194.0
20.0,102.0,140.0
14.0,94.0,70.0
9.0,81.0,24.0
20.0,102.0,117.0
23.0,105.0,176.0
12.0,91.0,53.0
16.0,99.0,97.0
8.0,85.0,23.0
2.0,81.0,6.0
27.0,105.0,187.0
6.0,89.0,30.0
13.0,94.0,69.0
21.0,97.0,123.0
9.0,82.0,40.0
7.0,84.0,21.0
3.0,78.0,9.0
17.0,90.0,79.0
24.0,108.0,159.0
28.0,114.0,256.0
18.0,94.0,81.0
23.0,99.0,159.0
12.0,90.0,59.0
28.0,99.0,158.0
28.0,109.0,176.0
23.0,107.0,162.0
20.0,101.0,110.0
7.0,90.0,26.0
3.0,86.0,13.0
7.0,84.0,26.0
7.0,88.0,33.0
28.0,118.0,213.0
4.0,83.0,12.0
21.0,100.0,130.0
1.0,87.0,4.0
28.0,100.0,177.0
23.0,96.0,115.0
14.0,91.0,73.0
25.0,108.0,172.0
20.0,100.0,135.0
1.0,83.0,5.0
17.0,94.0,111.0
18.0,96.0,84.0
18.0,101.0,116.0
6.0,86.0,24.0
19.0,94.0,103.0
25.0,96.0,128.0
22.0,95.0,96.0
20.0,93.0,103.0
6.0,90.0,22.0
7.0,85.0,28.0
28.0,104.0,190.0
15.0,91.0,67.0
3.0,81.0,7.0
14.0,96.0,84.0
26.0,107.0,173.0
23.0,99.0,137.0
22.0,93.0,129.0
18.0,97.0,106.0
4.0,83.0,15.0
29.0,117.0,210.0
2.0,86.0,6.0
14.0,95.0,73.0
20.0,98.0,97.0
26.0,108.0,162.0
12.0,97.0,64.0
14.0,99.0,74.0
26.0,101.0,156.0
15.0,97.0,78.0
8.0,85.0,33.0
28.0,108.0,175.0
14.0,89.0,43.0
16.0,99.0,85.0
28.0,106.0,207.0
16.0,88.0,69.0
22.0,107.0,135.0
7.0,82.0,26.0
11.0,96.0,61.0
3.0,89.0,16.0
26.0,100.0,146.0
2.0,84.0,7.0
5.0,79.0,16.0
27.0,104.0,176.0
18.0,106.0,118.0
15.0,99.0,70.0
30.0,101.0,172.0
20.0,97.0,90.0
11.0,98.0,58.0
16.0,93.0,82.0
17.0,98.0,79.0
11.0,86.0,46.0
3.0,86.0,13.0
23.0,91.0,119.0
18.0,97.0,111.0
8.0,81.0,21.0
21.0,103.0,120.0
20.0,106.0,113.0
26.0,104.0,197.0
24.0,104.0,137.0
12.0,103.0,69.0
8.0,93.0,44.0
12.0,80.0,43.0
1.0,87.0,4.0
17.0,99.0,81.0
7.0,85.0,32.0
24.0,111.0,167.0
28.0,115.0,199.0
26.0,107.0,171.0
17.0,99.0,132.0
24.0,111.0,178.0
15.0,98.0,91.0
20.0,104.0,131.0
8.0,82.0,32.0
20.0,106.0,114.0
2.0,78.0,4.0
13.0,96.0,59.0
3.0,84.0,12.0
5.0,83.0,15.0
22.0,110.0,143.0
25.0,100.0,138.0
3.0,84.0,10.0
18.0,103.0,115.0
22.0,108.0,146.0
18.0,103.0,111.0
26.0,103.0,142.0
22.0,92.0,96.0
24.0,100.0,134.0
4.0,86.0,14.0
5.0,94.0,20.0
10.0,90.0,37.0
9.0,78.0,20.0
30.0,107.0,230.0
22.0,97.0,113.0
3.0,84.0,14.0
20.0,111.0,139.0
21.0,100.0,116.0
8.0,85.0,25.0
4.0,83.0,15.0
25.0,109.0,174.0
6.0,94.0,42.0
24.0,100.0,129.0
23.0,100.0,130.0
9.0,91.0,31.0
18.0,102.0,124.0
7.0,91.0,32.0
26.0,107.0,162.0
14.0,91.0,68.0
2.0,89.0,9.0
5.0,86.0,18.0
16.0,97.0,77.0
9.0,91.0,40.0
4.0,85.0,12.0
25.0,102.0,153.0
24.0,106.0,151.0
2.0,93.0,7.0
28.0,108.0,175.0
13.0,90.0,48.0
5.0,80.0,10.0
15.0,92.0,55.0
17.0,90.0,74.0
4.0,78.0,5.0
6.0,92.0,29.0
28.0,103.0,228.0
22.0,107.0,123.0
26.0,102.0,151.0
20.0,103.0,123.0
23.0,105.0,152.0
2.0,86.0,9.0
26.0,105.0,171.0
10.0,90.0,46.0
21.0,103.0,139.0
6.0,80.0,21.0
12.0,94.0,67.0
29.0,111.0,205.0
21.0,107.0,153.0
26.0,108.0,167.0
10.0,103.0,65.0
5.0,85.0,19.0
5.0,81.0,21.0
7.0,80.0,25.0
14.0,93.0,64.0
13.0,91.0,65.0
3.0,83.0,11.0
17.0,86.0,75.0
5.0,90.0,24.0
15.0,101.0,103.0
11.0,82.0,28.0
7.0,79.0,21.0
2.0,82.0,7.0
15.0,85.0,54.0
8.0,85.0,32.0
16.0,100.0,87.0
19.0,104.0,108.0
3.0,74.0,4.0
8.0,84.0,36.0
15.0,93.0,67.0
17.0,91.0,64.0
7.0,91.0,32.0
29.0,102.0,171.0
5.0,81.0,10.0
19.0,90.0,91.0
20.0,101.0,121.0
9.0,86.0,38.0
23.0,112.0,197.0
7.0,85.0,26.0
7.0,92.0,27.0
24.0,110.0,204.0
14.0,105.0,104.0
15.0,102.0,94.0
19.0,106.0,159.0
5.0,88.0,20.0
6.0,84.0,27.0
11.0,95.0,60.0
17.0,86.0,54.0
23.0,112.0,165.0
12.0,92.0,53.0
17.0,102.0,98.0
20.0,101.0,107.0
29.0,112.0,209.0
16.0,89.0,84.0
8.0,101.0,42.0
13.0,99.0,69.0
19.0,96.0,98.0
18.0,98.0,97.0
20.0,97.0,111.0
19.0,97.0,90.0
26.0,102.0,166.0
26.0,103.0,164.0
18.0,96.0,97.0
16.0,90.0,80.0
3.0,83.0,12.0
15.0,95.0,69.0
27.0,117.0,265.0
11.0,89.0,50.0
17.0,100.0,108.0
23.0,106.0,126.0
28.0,110.0,193.0
19.0,95.0,105.0
21.0,105.0,129.0
10.0,89.0,55.0
29.0,119.0,219.0
20.0,98.0,154.0
28.0,111.0,190.0
22.0,107.0,139.0
5.0,83.0,19.0
5.0,89.0,20.0
12.0,85.0,45.0
9.0,89.0,48.0
18.0,100.0,110.0
26.0,104.0,158.0
20.0,99.0,105.0
17.0,98.0,87.0
13.0,94.0,58.0
5.0,80.0,18.0
18.0,101.0,99.0
19.0,96.0,99.0
25.0,101.0,137.0
13.0,95.0,74.0
27.0,100.0,158.0
6.0,93.0,29.0
28.0,102.0,176.0
20.0,106.0,165.0
22.0,103.0,143.0
5.0,81.0,9.0
30.0,113.0,215.0
27.0,106.0,174.0
2.0,77.0,6.0
12.0,89.0,54.0
20.0,98.0,101.0
12.0,89.0,69.0
16.0,96.0,73.0
15.0,90.0,64.0
18.0,97.0,98.0
11.0,90.0,36.0
3.0,89.0,14.0
28.0,110.0,172.0
5.0,85.0,12.0
25.0,102.0,152.0
19.0,98.0,116.0
29.0,109.0,177.0
21.0,97.0,99.0
24.0,104.0,140.0
21.0,96.0,109.0
26.0,107.0,153.0
5.0,85.0,22.0
28.0,106.0,173.0
5.0,88.0,16.0
10.0,99.0,50.0
25.0,108.0,177.0
18.0,94.0,99.0
4.0,86.0,18.0
22.0,106.0,139.0
27.0,113.0,250.0
18.0,95.0,88.0
8.0,90.0,37.0
12.0,88.0,55.0
14.0,104.0,111.0
10.0,98.0,61.0
8.0,88.0,29.0
3.0,77.0,10.0
26.0,109.0,190.0
5.0,79.0,11.0
24.0,104.0,139.0
12.0,92.0,55.0
23.0,103.0,152.0
4.0,87.0,17.0
6.0,87.0,27.0
5.0,89.0,20.0
30.0,109.0,193.0
27.0,112.0,178.0
5.0,79.0,14.0
11.0,88.0,47.0
28.0,109.0,180.0
19.0,91.0,117.0
8.0,85.0,31.0
26.0,108.0,186.0
9.0,87.0,36.0
29.0,108.0,203.0
8.0,88.0,28.0
8.0,91.0,42.0
17.0,95.0,83.0
13.0,93.0,61.0
10.0,89.0,42.0
6.0,94.0,21.0
24.0,98.0,129.0
20.0,103.0,139.0
5.0,80.0,17.0
18.0,104.0,113.0
16.0,93.0,83.0
28.0,118.0,248.0
15.0,98.0,85.0
4.0,83.0,10.0
20.0,109.0,130.0
24.0,108.0,156.0
4.0,81.0,11.0
18.0,112.0,152.0
14.0,97.0,94.0
5.0,84.0,20.0
3.0,82.0,12.0
24.0,107.0,168.0
17.0,90.0,65.0
12.0,101.0,70.0
20.0,101.0,116.0
27.0,101.0,123.0
9.0,95.0,38.0
14.0,86.0,45.0
11.0,97.0,57.0
2.0,88.0,9.0
17.0,91.0,72.0
25.0,109.0,216.0
29.0,106.0,249.0
24.0,106.0,145.0
21.0,99.0,113.0
7.0,77.0,15.0
2.0,86.0,7.0
15.0,91.0,89.0
28.0,108.0,179.0
24.0,112.0,156.0
3.0,79.0,6.0
14.0,89.0,71.0
10.0,90.0,46.0
22.0,97.0,119.0
18.0,102.0,116.0
11.0,99.0,60.0
12.0,90.0,42.0
14.0,90.0,60.0
16.0,94.0,82.0
20.0,106.0,123.0
30.0,110.0,198.0
28.0,102.0,174.0
12.0,85.0,37.0
5.0,87.0,21.0
26.0,107.0,167.0
15.0,96.0,79.0
12.0,96.0,62.0
9.0,90.0,40.0
12.0,103.0,76.0
29.0,112.0,264.0
16.0,94.0,73.0
17.0,93.0,91.0
9.0,97.0,50.0
30.0,109.0,217.0
20.0,93.0,106.0
28.0,114.0,197.0
21.0,103.0,127.0
1.0,84.0,4.0
22.0,97.0,111.0
23.0,100.0,128.0
17.0,98.0,89.0
26.0,108.0,181.0
5.0,88.0,22.0
10.0,90.0,44.0
13.0,95.0,54.0
6.0,86.0,29.0
17.0,87.0,77.0
9.0,90.0,41.0
7.0,85.0,26.0
25.0,105.0,155.0
22.0,102.0,146.0
28.0,110.0,219.0
22.0,104.0,177.0
4.0,85.0,11.0
19.0,107.0,130.0
9.0,80.0,33.0
23.0,97.0,117.0
23.0,108.0,150.0
19.0,99.0,113.0
22.0,99.0,105.0
14.0,93.0,66.0
11.0,82.0,39.0
11.0,88.0,53.0
25.0,112.0,215.0
22.0,97.0,114.0
11.0,104.0,68.0
5.0,88.0,22.0
22.0,120.0,165.0
17.0,89.0,72.0
9.0,97.0,43.0
13.0,91.0,48.0
29.0,101.0,160.0
17.0,95.0,95.0
4.0,83.0,14.0
28.0,115.0,213.0
29.0,100.0,145.0
22.0,109.0,142.0
18.0,98.0,99.0
5.0,91.0,32.0
6.0,81.0,13.0
21.0,97.0,95.0
2.0,85.0,8.0
24.0,93.0,114.0
3.0,89.0,15.0
10.0,83.0,34.0
19.0,102.0,112.0
27.0,105.0,216.0
4.0,81.0,7.0
19.0,99.0,113.0
25.0,106.0,177.0
29.0,110.0,203.0
24.0,98.0,125.0
9.0,87.0,38.0
27.0,108.0,153.0
7.0,87.0,28.0
24.0,106.0,156.0
27.0,104.0,162.0
2.0,90.0,10.0
11.0,86.0,44.0
9.0,90.0,54.0
9.0,84.0,38.0
29.0,112.0,257.0
11.0,89.0,36.0
26.0,106.0,143.0
10.0,98.0,50.0
26.0,101.0,144.0
27.0,97.0,147.0
11.0,98.0,58.0
12.0,90.0,47.0
11.0,89.0,51.0
5.0,87.0,29.0
30.0,109.0,266.0
13.0,95.0,62.0
24.0,104.0,139.0
13.0,95.0,76.0
7.0,92.0,33.0
28.0,104.0,213.0
16.0,96.0,99.0
3.0,79.0,10.0
3.0,78.0,10.0
3.0,85.0,9.0
30.0,113.0,216.0
8.0,89.0,27.0
24.0,104.0,143.0
23.0,109.0,158.0
30.0,105.0,181.0
20.0,104.0,117.0
14.0,93.0,83.0
3.0,84.0,8.0
30.0,109.0,192.0
2.0,84.0,7.0
4.0,80.0,16.0
29.0,106.0,210.0
21.0,107.0,184.0
19.0,102.0,109.0
27.0,114.0,246.0
20.0,99.0,123.0
27.0,108.0,171.0
26.0,113.0,176.0
17.0,102.0,100.0
8.0,89.0,39.0
7.0,83.0,29.0
25.0,113.0,171.0
15.0,98.0,78.0
28.0,112.0,259.0
12.0,97.0,51.0
14.0,91.0,62.0
10.0,96.0,54.0
17.0,104.0,97.0
4.0,88.0,16.0
27.0,108.0,164.0
19.0,99.0,80.0
30.0,111.0,255.0
27.0,111.0,241.0
16.0,91.0,72.0
30.0,107.0,184.0
23.0,102.0,129.0
4.0,95.0,19.0
9.0,77.0,34.0
26.0,107.0,173.0
17.0,92.0,82.0
12.0,90.0,58.0
6.0,85.0,20.0
30.0,109.0,265.0
16.0,103.0,94.0
5.0,87.0,15.0
29.0,110.0,195.0
25.0,105.0,149.0
7.0,85.0,29.0
21.0,106.0,125.0
9.0,87.0,34.0
19.0,109.0,129.0
22.0,105.0,128.0
20.0,101.0,115.0
15.0,94.0,69.0
12.0,85.0,38.0
8.0,91.0,41.0
13.0,94.0,65.0
11.0,93.0,73.0
3.0,82.0,15.0
25.0,105.0,148.0
25.0,121.0,205.0
24.0,105.0,142.0
19.0,91.0,88.0
13.0,90.0,67.0
8.0,94.0,39.0
9.0,88.0,34.0
5.0,89.0,22.0
16.0,96.0,73.0
9.0,88.0,34.0
4.0,90.0,25.0
25.0,108.0,167.0
6.0,84.0,22.0
11.0,88.0,43.0
12.0,93.0,47.0
14.0,96.0,67.0
27.0,110.0,184.0
2.0,85.0,8.0
3.0,84.0,13.0
28.0,108.0,196.0
3.0,81.0,6.0
7.0,78.0,18.0
26.0,110.0,187.0
6.0,78.0,11.0
4.0,82.0,14.0
25.0,104.0,161.0
21.0,98.0,112.0
14.0,96.0,69.0
10.0,94.0,48.0
9.0,86.0,37.0
28.0,122.0,234.0
18.0,100.0,109.0
2.0,81.0,8.0
19.0,102.0,123.0
24.0,108.0,170.0
7.0,82.0,24.0
19.0,106.0,114.0
26.0,106.0,159.0
14.0,92.0,58.0
24.0,106.0,149.0
17.0,91.0,100.0
23.0,98.0,126.0
9.0,85.0,32.0
12.0,94.0,62.0
11.0,84.0,44.0
15.0,89.0,69.0
2.0,79.0,4.0
12.0,89.0,53.0
27.0,103.0,153.0
19.0,99.0,94.0
1.0,78.0,3.0
3.0,81.0,7.0
10.0,92.0,38.0
26.0,107.0,159.0
27.0,102.0,162.0
24.0,104.0,145.0
21.0,109.0,134.0
22.0,101.0,151.0
9.0,87.0,43.0
2.0,86.0,9.0
24.0,103.0,144.0
14.0,92.0,63.0
3.0,83.0,12.0
2.0,83.0,6.0
29.0,114.0,200.0
10.0,90.0,44.0
25.0,103.0,164.0
4.0,76.0,5.0
11.0,90.0,49.0
17.0,100.0,87.0
5.0,91.0,25.0
3.0,82.0,10.0
21.0,104.0,137.0
27.0,103.0,163.0
25.0,107.0,151.0
29.0,110.0,191.0
9.0,88.0,45.0
16.0,93.0,65.0
3.0,84.0,12.0
19.0,102.0,108.0
15.0,103.0,80.0
19.0,96.0,89.0
25.0,103.0,152.0
5.0,90.0,17.0
21.0,99.0,111.0
29.0,101.0,158.0
29.0,102.0,157.0
19.0,102.0,110.0
3.0,78.0,10.0
6.0,93.0,39.0
9.0,89.0,39.0
12.0,90.0,60.0
5.0,76.0,14.0
9.0,86.0,40.0
9.0,91.0,50.0
22.0,103.0,139.0
4.0,86.0,15.0
22.0,98.0,115.0
16.0,97.0,117.0
2.0,83.0,8.0
8.0,83.0,33.0
7.0,89.0,32.0
7.0,88.0,36.0
14.0,89.0,68.0
20.0,103.0,133.0
9.0,94.0,35.0
8.0,85.0,29.0
6.0,89.0,27.0
10.0,94.0,53.0
2.0,84.0,7.0
6.0,90.0,26.0
24.0,99.0,135.0
28.0,106.0,183.0
9.0,88.0,42.0
3.0,74.0,10.0
24.0,105.0,146.0
24.0,108.0,169.0
27.0,109.0,161.0
9.0,92.0,45.0
4.0,89.0,20.0
23.0,107.0,152.0
24.0,106.0,147.0
16.0,92.0,71.0
10.0,92.0,51.0
4.0,85.0,11.0
24.0,102.0,150.0
11.0,94.0,53.0
9.0,81.0,29.0
9.0,94.0,39.0
14.0,103.0,78.0
20.0,92.0,95.0
20.0,100.0,94.0
12.0,98.0,65.0
9.0,78.0,33.0
8.0,84.0,31.0
27.0,101.0,137.0
20.0,107.0,129.0
6.0,85.0,25.0
14.0,83.0,51.0
21.0,93.0,105.0
8.0,93.0,44.0
11.0,95.0,59.0
15.0,88.0,70.0
5.0,86.0,16.0
11.0,97.0,58.0
27.0,106.0,168.0
23.0,108.0,159.0
3.0,92.0,13.0
22.0,97.0,112.0
5.0,82.0,12.0
24.0,105.0,147.0
8.0,94.0,37.0
6.0,91.0,31.0
7.0,86.0,28.0
6.0,88.0,31.0
26.0,111.0,182.0
20.0,98.0,106.0
19.0,96.0,97.0
10.0,91.0,65.0
11.0,99.0,60.0
12.0,95.0,72.0
2.0,82.0,9.0
2.0,80.0,6.0
6.0,88.0,25.0
29.0,112.0,242.0
8.0,92.0,40.0
20.0,104.0,165.0
8.0,89.0,30.0
15.0,87.0,46.0
17.0,105.0,128.0
19.0,104.0,119.0
14.0,98.0,92.0
11.0,87.0,47.0
8.0,82.0,19.0
8.0,86.0,40.0
16.0,99.0,98.0
3.0,90.0,12.0
29.0,113.0,204.0
27.0,106.0,215.0
8.0,101.0,46.0
16.0,95.0,91.0
11.0,91.0,49.0
18.0,98.0,104.0
19.0,106.0,114.0
26.0,107.0,173.0
28.0,102.0,158.0
7.0,89.0,34.0
29.0,117.0,221.0
28.0,102.0,155.0
18.0,103.0,116.0
6.0,82.0,23.0
19.0,100.0,112.0
4.0,82.0,14.0
11.0,88.0,46.0
15.0,83.0,35.0
6.0,81.0,20.0
17.0,106.0,100.0
27.0,109.0,188.0
9.0,88.0,50.0
30.0,113.0,271.0
23.0,109.0,156.0
14.0,91.0,46.0
26.0,101.0,174.0
29.0,110.0,192.0
3.0,81.0,10.0
6.0,79.0,20.0
4.0,90.0,13.0
5.0,79.0,17.0
3.0,79.0,10.0
24.0,101.0,145.0
17.0,92.0,81.0
5.0,82.0,12.0
3.0,85.0,9.0
5.0,84.0,18.0
14.0,98.0,60.0
16.0,103.0,102.0
20.0,90.0,95.0
21.0,104.0,127.0
17.0,102.0,98.0
29.0,101.0,180.0
14.0,95.0,78.0
10.0,92.0,47.0
13.0,92.0,54.0
9.0,89.0,45.0
20.0,107.0,118.0
3.0,80.0,11.0
3.0,80.0,9.0
22.0,110.0,150.0
19.0,95.0,112.0
13.0,95.0,62.0
8.0,88.0,32.0
4.0,81.0,17.0
14.0,102.0,93.0
19.0,93.0,72.0
10.0,101.0,72.0
27.0,109.0,185.0
7.0,93.0,32.0
7.0,86.0,18.0
18.0,98.0,80.0
6.0,82.0,11.0
26.0,93.0,122.0
13.0,91.0,55.0
10.0,90.0,48.0
14.0,88.0,62.0
14.0,84.0,44.0
17.0,96.0,88.0
26.0,106.0,203.0
30.0,102.0,184.0
10.0,90.0,52.0
5.0,89.0,24.0
22.0,113.0,147.0
26.0,99.0,153.0
14.0,98.0,100.0
16.0,92.0,76.0
20.0,103.0,115.0
2.0,72.0,6.0
26.0,102.0,192.0
30.0,103.0,181.0
7.0,89.0,27.0
24.0,117.0,219.0
8.0,83.0,32.0
13.0,102.0,85.0
28.0,108.0,185.0
16.0,94.0,96.0
10.0,90.0,46.0
21.0,97.0,130.0
21.0,101.0,117.0
11.0,97.0,51.0
14.0,93.0,68.0
27.0,111.0,175.0
26.0,108.0,190.0
20.0,99.0,109.0
27.0,107.0,170.0
19.0,104.0,116.0
5.0,84.0,23.0
16.0,98.0,73.0
10.0,92.0,45.0
24.0,97.0,169.0
3.0,83.0,8.0
18.0,90.0,87.0
27.0,107.0,160.0
4.0,90.0,16.0
8.0,82.0,30.0
16.0,94.0,107.0
14.0,86.0,64.0
29.0,117.0,207.0
5.0,91.0,29.0
8.0,88.0,24.0
24.0,112.0,192.0
26.0,121.0,206.0
28.0,107.0,179.0
15.0,97.0,81.0
29.0,99.0,156.0
11.0,87.0,47.0
17.0,100.0,88.0
24.0,109.0,158.0
23.0,106.0,149.0
8.0,83.0,24.0
29.0,109.0,170.0
9.0,90.0,40.0
17.0,95.0,97.0
22.0,98.0,112.0
4.0,76.0,12.0
27.0,112.0,173.0
16.0,95.0,87.0
13.0,88.0,54.0
16.0,87.0,45.0
27.0,107.0,233.0
19.0,95.0,93.0
29.0,109.0,239.0
3.0,84.0,7.0
22.0,111.0,149.0
28.0,104.0,159.0
21.0,93.0,102.0
6.0,73.0,15.0
27.0,107.0,181.0
28.0,102.0,221.0
4.0,82.0,17.0
26.0,109.0,170.0
11.0,91.0,49.0
23.0,99.0,159.0
22.0,111.0,147.0
7.0,84.0,27.0
1.0,78.0,3.0
28.0,107.0,209.0
29.0,107.0,181.0
8.0,86.0,39.0
16.0,94.0,80.0
25.0,117.0,191.0
29.0,110.0,227.0
10.0,90.0,43.0
16.0,99.0,74.0
15.0,84.0,59.0
5.0,91.0,25.0
26.0,110.0,171.0
22.0,101.0,132.0
8.0,89.0,34.0
6.0,80.0,25.0
16.0,104.0,95.0
22.0,105.0,129.0
17.0,99.0,90.0
4.0,77.0,12.0
11.0,93.0,54.0
24.0,111.0,157.0
26.0,106.0,147.0
28.0,105.0,178.0
17.0,102.0,110.0
14.0,86.0,53.0
9.0,90.0,40.0
30.0,100.0,163.0
22.0,98.0,119.0
15.0,101.0,93.0
23.0,97.0,116.0
4.0,88.0,17.0
17.0,92.0,91.0
29.0,111.0,186.0
29.0,107.0,203.0
29.0,106.0,192.0
8.0,84.0,40.0
28.0,111.0,186.0
28.0,103.0,223.0
12.0,91.0,55.0
5.0,82.0,20.0
7.0,89.0,25.0
27.0,104.0,178.0
12.0,86.0,46.0
21.0,93.0,109.0
13.0,91.0,46.0
12.0,91.0,58.0
26.0,107.0,162.0
24.0,106.0,170.0
7.0,84.0,17.0
5.0,83.0,20.0
23.0,94.0,141.0
5.0,90.0,22.0
15.0,101.0,75.0
6.0,90.0,30.0
26.0,108.0,181.0
11.0,98.0,51.0
13.0,93.0,58.0
5.0,91.0,25.0
16.0,103.0,84.0
13.0,90.0,56.0
2.0,84.0,7.0
28.0,110.0,193.0
13.0,100.0,69.0
2.0,82.0,8.0
10.0,95.0,49.0
20.0,101.0,141.0
8.0,81.0,16.0
13.0,97.0,59.0
17.0,100.0,96.0
29.0,111.0,206.0
20.0,104.0,134.0
12.0,101.0,68.0
3.0,89.0,13.0
30.0,113.0,195.0
23.0,101.0,120.0
24.0,96.0,138.0
30.0,107.0,259.0
22.0,93.0,114.0
19.0,104.0,105.0
14.0,99.0,81.0
18.0,99.0,115.0
27.0,98.0,174.0
4.0,83.0,11.0
7.0,90.0,30.0
21.0,100.0,131.0
26.0,103.0,150.0
22.0,105.0,125.0
2.0,85.0,5.0
16.0,100.0,94.0
11.0,93.0,72.0
3.0,85.0,11.0
4.0,91.0,18.0
22.0,101.0,157.0
27.0,104.0,191.0
23.0,102.0,136.0
28.0,97.0,164.0
5.0,86.0,20.0
23.0,113.0,165.0
27.0,111.0,198.0
28.0,108.0,177.0
9.0,103.0,57.0
10.0,86.0,41.0
19.0,98.0,104.0
9.0,80.0,28.0
19.0,99.0,111.0
18.0,96.0,92.0
4.0,91.0,25.0
14.0,99.0,86.0
16.0,93.0,71.0
23.0,90.0,120.0
18.0,94.0,94.0
21.0,95.0,101.0
17.0,91.0,90.0
26.0,107.0,206.0
3.0,80.0,10.0
1.0,84.0,3.0
12.0,101.0,76.0
20.0,98.0,86.0
27.0,108.0,172.0
1.0,85.0,3.0
27.0,109.0,198.0
26.0,103.0,180.0
7.0,87.0,30.0
17.0,95.0,71.0
24.0,101.0,148.0
1.0,85.0,4.0
3.0,82.0,11.0
13.0,94.0,48.0
11.0,92.0,51.0
20.0,96.0,110.0
10.0,83.0,44.0
22.0,104.0,128.0
15.0,99.0,66.0
16.0,102.0,89.0
10.0,88.0,34.0
23.0,102.0,124.0
6.0,95.0,32.0
16.0,95.0,105.0
11.0,93.0,52.0
5.0,81.0,20.0
7.0,84.0,20.0
12.0,92.0,65.0
12.0,96.0,70.0
6.0,84.0,23.0
25.0,114.0,174.0
6.0,83.0,25.0
27.0,106.0,207.0
8.0,90.0,38.0
22.0,103.0,134.0
25.0,113.0,182.0
14.0,96.0,81.0
16.0,89.0,74.0
7.0,80.0,26.0
11.0,94.0,49.0
26.0,97.0,140.0
27.0,108.0,160.0
26.0,100.0,188.0
2.0,88.0,7.0
22.0,104.0,165.0
3.0,79.0,10.0
12.0,98.0,66.0
15.0,97.0,85.0
2.0,77.0,2.0
14.0,101.0,79.0
13.0,94.0,59.0
16.0,94.0,65.0
28.0,110.0,205.0
13.0,91.0,52.0
28.0,105.0,174.0
12.0,97.0,67.0
17.0,105.0,108.0
18.0,102.0,100.0
27.0,114.0,191.0
2.0,84.0,8.0
17.0,100.0,104.0
10.0,88.0,40.0
27.0,110.0,196.0
27.0,99.0,132.0
17.0,97.0,102.0
30.0,113.0,198.0
23.0,100.0,139.0
23.0,110.0,153.0
28.0,106.0,181.0
26.0,104.0,212.0
12.0,94.0,60.0
24.0,109.0,161.0
15.0,93.0,68.0
13.0,92.0,52.0
21.0,97.0,117.0
18.0,95.0,103.0
5.0,85.0,19.0
4.0,86.0,11.0
9.0,88.0,50.0
28.0,106.0,200.0
15.0,95.0,98.0
11.0,79.0,49.0
22.0,98.0,120.0
23.0,101.0,135.0
11.0,89.0,49.0
5.0,74.0,18.0
26.0,110.0,174.0
13.0,97.0,55.0
12.0,93.0,58.0
28.0,106.0,162.0
23.0,108.0,160.0
8.0,84.0,25.0
11.0,90.0,50.0
29.0,109.0,189.0
27.0,117.0,213.0
17.0,105.0,101.0
11.0,91.0,38.0
17.0,93.0,78.0
26.0,110.0,221.0
3.0,83.0,12.0
20.0,98.0,102.0
27.0,102.0,152.0
21.0,97.0,106.0
18.0,94.0,90.0
24.0,99.0,128.0
10.0,95.0,42.0
5.0,83.0,21.0
22.0,98.0,111.0
19.0,96.0,124.0
21.0,100.0,111.0
6.0,80.0,17.0
2.0,81.0,4.0
3.0,94.0,15.0
18.0,97.0,75.0
29.0,101.0,179.0
15.0,91.0,77.0
12.0,94.0,56.0
18.0,95.0,89.0
17.0,94.0,90.0
29.0,108.0,181.0
5.0,84.0,20.0
19.0,102.0,138.0
21.0,88.0,92.0
17.0,96.0,76.0
2.0,90.0,7.0
21.0,99.0,115.0
13.0,90.0,56.0
17.0,93.0,82.0
13.0,96.0,62.0
4.0,84.0,13.0
27.0,104.0,169.0
24.0,107.0,154.0
6.0,85.0,25.0
8.0,83.0,14.0
23.0,109.0,150.0
24.0,102.0,134.0
28.0,115.0,200.0
6.0,79.0,27.0
9.0,93.0,49.0
13.0,102.0,66.0
13.0,85.0,46.0
16.0,88.0,63.0
6.0,80.0,18.0
15.0,85.0,56.0
21.0,97.0,119.0
1.0,82.0,2.0
21.0,108.0,175.0
16.0,88.0,48.0
9.0,88.0,30.0
30.0,110.0,195.0
17.0,102.0,102.0
13.0,91.0,57.0
2.0,76.0,6.0
3.0,92.0,10.0
7.0,94.0,33.0
24.0,100.0,143.0
24.0,107.0,202.0
28.0,105.0,213.0
19.0,98.0,107.0
22.0,108.0,144.0
2.0,79.0,3.0
3.0,78.0,11.0
7.0,84.0,27.0
3.0,84.0,16.0
18.0,96.0,94.0
3.0,81.0,11.0
30.0,100.0,152.0
20.0,99.0,106.0
22.0,102.0,141.0
21.0,101.0,118.0
21.0,100.0,115.0
20.0,102.0,157.0
10.0,100.0,51.0
16.0,101.0,96.0
9.0,75.0,10.0
25.0,108.0,169.0
25.0,108.0,155.0
27.0,105.0,184.0
11.0,86.0,48.0
26.0,115.0,243.0
15.0,90.0,79.0
9.0,101.0,50.0
17.0,95.0,113.0
14.0,95.0,71.0
14.0,92.0,47.0
24.0,103.0,148.0
22.0,104.0,156.0
26.0,102.0,165.0
25.0,106.0,167.0
4.0,93.0,21.0
10.0,86.0,38.0
10.0,94.0,51.0
18.0,102.0,131.0
27.0,104.0,202.0
8.0,97.0,42.0
27.0,108.0,169.0
14.0,95.0,61.0
12.0,88.0,31.0
20.0,98.0,108.0
18.0,100.0,88.0
16.0,88.0,65.0
2.0,83.0,9.0
26.0,111.0,191.0
10.0,97.0,53.0
19.0,101.0,112.0
3.0,85.0,12.0
23.0,104.0,171.0
30.0,100.0,162.0
5.0,85.0,24.0
4.0,87.0,16.0
9.0,82.0,18.0
14.0,95.0,69.0
20.0,102.0,99.0
22.0,109.0,147.0
21.0,102.0,120.0
28.0,118.0,223.0
2.0,80.0,7.0
12.0,93.0,60.0
13.0,91.0,59.0
2.0,82.0,7.0
23.0,108.0,148.0
26.0,103.0,156.0
10.0,88.0,44.0
25.0,114.0,178.0
14.0,97.0,66.0
10.0,92.0,48.0
24.0,105.0,141.0
28.0,101.0,163.0
28.0,111.0,193.0
11.0,86.0,44.0
15.0,105.0,86.0
16.0,98.0,81.0
24.0,101.0,146.0
1.0,87.0,3.0
13.0,100.0,72.0
16.0,88.0,68.0
19.0,94.0,93.0
10.0,96.0,55.0
23.0,103.0,146.0
26.0,99.0,129.0
18.0,99.0,99.0
19.0,99.0,90.0
10.0,97.0,72.0
21.0,97.0,125.0
7.0,88.0,28.0
28.0,102.0,158.0
25.0,110.0,165.0
8.0,84.0,33.0
11.0,90.0,52.0
5.0,84.0,18.0
4.0,91.0,14.0
13.0,97.0,65.0
11.0,90.0,38.0
6.0,88.0,26.0
19.0,94.0,77.0
10.0,97.0,54.0
30.0,106.0,195.0
23.0,97.0,111.0
16.0,101.0,95.0
12.0,92.0,58.0
12.0,96.0,84.0
10.0,96.0,43.0
22.0,94.0,102.0
6.0,81.0,21.0
27.0,115.0,206.0
28.0,111.0,259.0
8.0,90.0,42.0
29.0,108.0,229.0
15.0,90.0,77.0
29.0,108.0,201.0
19.0,104.0,114.0
4.0,79.0,16.0
8.0,81.0,28.0
28.0,111.0,243.0
13.0,96.0,56.0
4.0,90.0,19.0
18.0,101.0,104.0
10.0,96.0,49.0
13.0,96.0,64.0
12.0,90.0,59.0
3.0,89.0,12.0
15.0,88.0,74.0
4.0,90.0,17.0
17.0,104.0,92.0
17.0,100.0,94.0
27.0,114.0,229.0
6.0,94.0,35.0
15.0,95.0,77.0
28.0,115.0,242.0
24.0,98.0,137.0
27.0,105.0,158.0
3.0,79.0,10.0
18.0,95.0,87.0
3.0,87.0,14.0
21.0,105.0,140.0
24.0,98.0,144.0
14.0,96.0,67.0
13.0,91.0,71.0
28.0,107.0,156.0
11.0,88.0,50.0
20.0,100.0,100.0
18.0,95.0,94.0
10.0,92.0,47.0
5.0,85.0,22.0
1.0,81.0,4.0
4.0,89.0,16.0
17.0,104.0,95.0
10.0,92.0,40.0
19.0,97.0,107.0
19.0,103.0,105.0
5.0,79.0,15.0
6.0,79.0,16.0
11.0,95.0,50.0
20.0,97.0,117.0
30.0,112.0,229.0
19.0,106.0,143.0
12.0,94.0,56.0
24.0,102.0,125.0
23.0,97.0,127.0
12.0,94.0,67.0
9.0,89.0,28.0
21.0,107.0,144.0
21.0,107.0,170.0
15.0,104.0,84.0
10.0,87.0,40.0
7.0,95.0,30.0
18.0,93.0,85.0
21.0,106.0,156.0
18.0,104.0,106.0
10.0,88.0,28.0
2.0,83.0,9.0
12.0,89.0,60.0
10.0,91.0,29.0
21.0,99.0,112.0
9.0,97.0,43.0
23.0,107.0,145.0
20.0,102.0,109.0
16.0,96.0,75.0
26.0,112.0,185.0
13.0,96.0,68.0
3.0,74.0,9.0
24.0,100.0,132.0
29.0,106.0,216.0
23.0,95.0,112.0
9.0,88.0,46.0
22.0,107.0,133.0
15.0,95.0,63.0
22.0,104.0,138.0
28.0,113.0,197.0
8.0,88.0,36.0
6.0,84.0,26.0
15.0,92.0,69.0
13.0,94.0,56.0
11.0,78.0,38.0
9.0,86.0,28.0
12.0,98.0,57.0
19.0,100.0,109.0
7.0,80.0,14.0
10.0,95.0,53.0
12.0,99.0,58.0
20.0,98.0,98.0
21.0,94.0,98.0
1.0,82.0,4.0
24.0,106.0,147.0
14.0,103.0,71.0
6.0,89.0,25.0
11.0,99.0,63.0
20.0,109.0,129.0
28.0,105.0,210.0
17.0,95.0,80.0
16.0,98.0,81.0
15.0,102.0,84.0
2.0,83.0,9.0
10.0,88.0,47.0
8.0,88.0,24.0
17.0,100.0,97.0
27.0,100.0,174.0
21.0,95.0,125.0
12.0,100.0,66.0
12.0,81.0,22.0
18.0,100.0,97.0
17.0,94.0,80.0
16.0,103.0,123.0
11.0,93.0,42.0
8.0,84.0,18.0
16.0,92.0,58.0
26.0,106.0,192.0
16.0,98.0,84.0
8.0,92.0,40.0
7.0,92.0,34.0
21.0,103.0,127.0
8.0,82.0,16.0
14.0,96.0,63.0
2.0,90.0,7.0
17.0,97.0,90.0
10.0,81.0,36.0
14.0,101.0,77.0
12.0,99.0,64.0
4.0,77.0,13.0
5.0,88.0,24.0
13.0,96.0,54.0
23.0,102.0,144.0
29.0,111.0,213.0
28.0,100.0,158.0
1.0,78.0,3.0
15.0,90.0,66.0
14.0,97.0,82.0
28.0,102.0,185.0
26.0,110.0,166.0
13.0,96.0,63.0
11.0,96.0,51.0
8.0,90.0,47.0
20.0,96.0,118.0
23.0,106.0,142.0
2.0,92.0,11.0
17.0,93.0,66.0
11.0,87.0,32.0
22.0,100.0,137.0
17.0,96.0,72.0
19.0,99.0,110.0
15.0,99.0,94.0
30.0,104.0,185.0
21.0,105.0,126.0
14.0,104.0,83.0
3.0,81.0,10.0
21.0,101.0,131.0
19.0,95.0,81.0
29.0,109.0,180.0
27.0,105.0,177.0
24.0,106.0,154.0
27.0,101.0,159.0
3.0,74.0,2.0
4.0,86.0,16.0
27.0,109.0,173.0
4.0,85.0,16.0
7.0,84.0,27.0
23.0,107.0,149.0
15.0,97.0,78.0
7.0,89.0,42.0
15.0,96.0,65.0
17.0,98.0,91.0
22.0,102.0,124.0
17.0,95.0,83.0
28.0,109.0,245.0
29.0,115.0,201.0
2.0,88.0,8.0
19.0,99.0,100.0
3.0,75.0,10.0
13.0,103.0,75.0
26.0,102.0,149.0
8.0,84.0,24.0
18.0,95.0,76.0
27.0,116.0,230.0
21.0,96.0,86.0
16.0,93.0,65.0
15.0,101.0,91.0
2.0,79.0,8.0
20.0,100.0,109.0
25.0,110.0,155.0
25.0,100.0,189.0
13.0,96.0,72.0
29.0,106.0,241.0
11.0,78.0,35.0
6.0,94.0,31.0
4.0,83.0,14.0
28.0,107.0,195.0
28.0,101.0,167.0
4.0,82.0,9.0
6.0,79.0,16.0
9.0,90.0,46.0
11.0,85.0,48.0
10.0,90.0,47.0
22.0,102.0,132.0
10.0,95.0,47.0
16.0,91.0,52.0
1.0,82.0,2.0
3.0,85.0,15.0
10.0,94.0,51.0
29.0,107.0,185.0
24.0,110.0,151.0
10.0,92.0,48.0
6.0,85.0,22.0
4.0,79.0,17.0
16.0,90.0,81.0
28.0,107.0,186.0
12.0,90.0,48.0
23.0,113.0,176.0
19.0,98.0,103.0
12.0,95.0,60.0
22.0,99.0,124.0
3.0,86.0,9.0
27.0,102.0,170.0
4.0,78.0,15.0
17.0,91.0,85.0
30.0,106.0,184.0
23.0,103.0,133.0
24.0,96.0,143.0
24.0,104.0,139.0
23.0,100.0,114.0
18.0,94.0,86.0
28.0,104.0,182.0
9.0,94.0,35.0
15.0,99.0,81.0
23.0,112.0,145.0
18.0,100.0,98.0
28.0,104.0,177.0
26.0,104.0,150.0
1.0,78.0,3.0
8.0,92.0,35.0
21.0,115.0,175.0
17.0,97.0,119.0
3.0,81.0,13.0
25.0,100.0,138.0
24.0,105.0,151.0
19.0,106.0,118.0
9.0,97.0,46.0
28.0,99.0,162.0
11.0,98.0,57.0
12.0,94.0,66.0
7.0,86.0,18.0
11.0,87.0,50.0
28.0,113.0,184.0
28.0,114.0,193.0
29.0,104.0,189.0
1.0,88.0,5.0
10.0,94.0,61.0
7.0,89.0,24.0
2.0,82.0,6.0
13.0,90.0,53.0
6.0,82.0,24.0
12.0,103.0,59.0
23.0,104.0,144.0
29.0,113.0,209.0
12.0,88.0,66.0
14.0,86.0,42.0
7.0,91.0,42.0
24.0,104.0,131.0
13.0,101.0,70.0
28.0,111.0,210.0
19.0,103.0,111.0
30.0,113.0,233.0
25.0,105.0,170.0
26.0,111.0,223.0
15.0,91.0,58.0
12.0,81.0,61.0
15.0,87.0,43.0
25.0,99.0,120.0
17.0,99.0,105.0
12.0,96.0,53.0
17.0,97.0,86.0
24.0,96.0,141.0
15.0,101.0,82.0
30.0,110.0,210.0
4.0,89.0,17.0
28.0,110.0,182.0
26.0,102.0,139.0
11.0,92.0,49.0
7.0,91.0,37.0
20.0,100.0,93.0
7.0,87.0,32.0
26.0,102.0,146.0
28.0,107.0,174.0
24.0,107.0,173.0
26.0,113.0,184.0
10.0,85.0,29.0
9.0,90.0,47.0
23.0,106.0,149.0
12.0,99.0,66.0
17.0,99.0,101.0
24.0,113.0,164.0
6.0,85.0,25.0
14.0,100.0,72.0
15.0,87.0,73.0
20.0,96.0,92.0
20.0,102.0,98.0
30.0,102.0,178.0
15.0,93.0,69.0
3.0,84.0,11.0
28.0,113.0,276.0
11.0,94.0,47.0
10.0,97.0,51.0
26.0,102.0,170.0
7.0,83.0,14.0
27.0,105.0,163.0
6.0,85.0,26.0
28.0,120.0,231.0
15.0,100.0,82.0
25.0,108.0,160.0
11.0,94.0,44.0
9.0,83.0,33.0
19.0,86.0,75.0
10.0,98.0,51.0
9.0,84.0,34.0
2.0,82.0,4.0
15.0,91.0,100.0
2.0,88.0,6.0
17.0,89.0,78.0
5.0,84.0,18.0
12.0,91.0,52.0
10.0,89.0,46.0
17.0,100.0,119.0
16.0,86.0,48.0
28.0,105.0,157.0
18.0,97.0,108.0
15.0,94.0,54.0
14.0,94.0,84.0
4.0,92.0,15.0
12.0,94.0,49.0
18.0,85.0,76.0
23.0,102.0,139.0
5.0,91.0,22.0
5.0,87.0,18.0
2.0,82.0,7.0
11.0,90.0,52.0
13.0,101.0,75.0
24.0,105.0,127.0
19.0,102.0,123.0
21.0,102.0,153.0
10.0,88.0,50.0
27.0,114.0,210.0
17.0,104.0,127.0
4.0,87.0,15.0
5.0,89.0,20.0
30.0,114.0,239.0
2.0,87.0,9.0
4.0,89.0,21.0
5.0,95.0,26.0
10.0,92.0,60.0
2.0,79.0,7.0
30.0,117.0,239.0
3.0,90.0,13.0
13.0,84.0,43.0
8.0,91.0,31.0
27.0,110.0,226.0
7.0,88.0,31.0
17.0,101.0,126.0
25.0,107.0,155.0
19.0,89.0,66.0
11.0,95.0,56.0
10.0,97.0,44.0
29.0,103.0,175.0
17.0,103.0,105.0
10.0,83.0,42.0
9.0,94.0,44.0
6.0,89.0,28.0
21.0,101.0,125.0
21.0,100.0,162.0
11.0,83.0,29.0
30.0,110.0,210.0
26.0,103.0,166.0
12.0,96.0,64.0
14.0,89.0,62.0
12.0,96.0,67.0
22.0,98.0,118.0
7.0,86.0,28.0
21.0,98.0,119.0
9.0,86.0,29.0
13.0,101.0,75.0
25.0,105.0,151.0
18.0,107.0,120.0
21.0,105.0,125.0
25.0,102.0,177.0
15.0,87.0,83.0
4.0,92.0,14.0
26.0,107.0,166.0
4.0,82.0,17.0
14.0,85.0,55.0
25.0,109.0,166.0
18.0,99.0,119.0
4.0,85.0,15.0
25.0,104.0,165.0
11.0,90.0,51.0
2.0,82.0,6.0
5.0,77.0,15.0
15.0,109.0,99.0
12.0,82.0,22.0
22.0,103.0,126.0
4.0,79.0,17.0
22.0,99.0,156.0
5.0,80.0,18.0
11.0,96.0,47.0
20.0,101.0,113.0
2.0,75.0,5.0
25.0,103.0,151.0
1.0,77.0,2.0
8.0,98.0,43.0
13.0,93.0,61.0
2.0,81.0,9.0
5.0,92.0,25.0
1.0,87.0,4.0
17.0,101.0,109.0
15.0,94.0,69.0
28.0,107.0,168.0
10.0,91.0,49.0
21.0,106.0,160.0
23.0,104.0,134.0
29.0,110.0,191.0
25.0,105.0,156.0
23.0,99.0,154.0
7.0,94.0,35.0
21.0,94.0,113.0
30.0,117.0,215.0
12.0,93.0,74.0
7.0,82.0,31.0
9.0,92.0,55.0
29.0,103.0,183.0
22.0,102.0,125.0
4.0,86.0,18.0
13.0,94.0,84.0
27.0,114.0,195.0
21.0,98.0,119.0
14.0,94.0,67.0
7.0,83.0,26.0
4.0,80.0,19.0
25.0,109.0,175.0
11.0,83.0,43.0
20.0,93.0,99.0
25.0,112.0,162.0
18.0,93.0,74.0
16.0,103.0,103.0
11.0,92.0,42.0
29.0,111.0,194.0
12.0,90.0,37.0
11.0,99.0,65.0
12.0,89.0,43.0
15.0,98.0,81.0
15.0,89.0,48.0
25.0,109.0,184.0
24.0,99.0,124.0
26.0,104.0,156.0
19.0,102.0,121.0
22.0,104.0,125.0
13.0,87.0,43.0
12.0,93.0,59.0
14.0,86.0,68.0
6.0,84.0,25.0
10.0,90.0,45.0
1.0,83.0,4.0
2.0,74.0,6.0
16.0,100.0,83.0
3.0,79.0,14.0
22.0,101.0,152.0
7.0,85.0,17.0
24.0,107.0,179.0
21.0,97.0,119.0
30.0,115.0,226.0
4.0,82.0,14.0
6.0,87.0,17.0
26.0,105.0,164.0
18.0,94.0,98.0
5.0,79.0,17.0
14.0,96.0,77.0
29.0,102.0,197.0
10.0,90.0,54.0
26.0,102.0,138.0
28.0,110.0,243.0
5.0,75.0,13.0
19.0,97.0,94.0
19.0,107.0,156.0
9.0,90.0,37.0
14.0,96.0,71.0
22.0,106.0,141.0
11.0,94.0,57.0
25.0,101.0,182.0
26.0,109.0,186.0
20.0,100.0,141.0
5.0,94.0,33.0
18.0,96.0,95.0
10.0,88.0,47.0
26.0,108.0,163.0
16.0,96.0,88.0
22.0,101.0,113.0
23.0,103.0,152.0
8.0,81.0,26.0
29.0,113.0,215.0
21.0,96.0,154.0
29.0,108.0,210.0
15.0,99.0,74.0
5.0,88.0,22.0
13.0,101.0,81.0
14.0,95.0,61.0
21.0,89.0,97.0
18.0,109.0,120.0
15.0,93.0,55.0
27.0,106.0,182.0
4.0,83.0,11.0
7.0,82.0,26.0
20.0,97.0,94.0
17.0,99.0,106.0
22.0,103.0,132.0
3.0,89.0,13.0
22.0,94.0,106.0
14.0,93.0,80.0
3.0,82.0,14.0
9.0,85.0,31.0
16.0,93.0,79.0
20.0,106.0,121.0
11.0,81.0,35.0
19.0,101.0,106.0
6.0,85.0,22.0
17.0,101.0,95.0
19.0,102.0,107.0
14.0,92.0,64.0
6.0,91.0,20.0
15.0,90.0,73.0
23.0,97.0,138.0
23.0,102.0,124.0
5.0,92.0,17.0
6.0,88.0,27.0
5.0,81.0,21.0
23.0,105.0,150.0
25.0,108.0,166.0
16.0,100.0,97.0
15.0,97.0,74.0
9.0,92.0,36.0
23.0,95.0,107.0
4.0,76.0,12.0
21.0,107.0,149.0
13.0,79.0,54.0
6.0,83.0,24.0
5.0,84.0,18.0
24.0,114.0,164.0
21.0,104.0,134.0
7.0,93.0,37.0
7.0,80.0,18.0
25.0,106.0,153.0
19.0,94.0,92.0
10.0,81.0,37.0
19.0,101.0,115.0
19.0,100.0,116.0
20.0,97.0,117.0
7.0,83.0,32.0
4.0,76.0,11.0
21.0,103.0,156.0
25.0,108.0,172.0
26.0,109.0,166.0
6.0,81.0,19.0
11.0,86.0,44.0
6.0,91.0,27.0
7.0,93.0,33.0
18.0,98.0,112.0
4.0,79.0,15.0
2.0,83.0,7.0
25.0,98.0,140.0
5.0,87.0,17.0
19.0,102.0,114.0
20.0,106.0,137.0
6.0,85.0,17.0
11.0,89.0,52.0
1.0,88.0,3.0
17.0,92.0,84.0
16.0,98.0,70.0
8.0,89.0,35.0
4.0,87.0,17.0
14.0,109.0,84.0
14.0,101.0,65.0
6.0,79.0,21.0
10.0,92.0,62.0
26.0,113.0,184.0
7.0,82.0,32.0
17.0,102.0,96.0
11.0,92.0,35.0
28.0,106.0,178.0
30.0,104.0,175.0
21.0,108.0,138.0
5.0,90.0,22.0
18.0,103.0,118.0
16.0,92.0,84.0
20.0,107.0,122.0
1.0,83.0,4.0
6.0,90.0,25.0
30.0,113.0,216.0
23.0,99.0,133.0
12.0,90.0,50.0
9.0,87.0,41.0
9.0,87.0,28.0
11.0,90.0,58.0
11.0,99.0,57.0
3.0,89.0,10.0
6.0,87.0,23.0
20.0,103.0,116.0
18.0,92.0,70.0
24.0,109.0,153.0
2.0,77.0,3.0
3.0,87.0,12.0
25.0,102.0,124.0
9.0,85.0,39.0
6.0,90.0,28.0
2.0,84.0,6.0
12.0,96.0,63.0
15.0,93.0,59.0
8.0,91.0,36.0
8.0,80.0,28.0
1.0,82.0,4.0
20.0,98.0,128.0
22.0,102.0,108.0
23.0,101.0,132.0
20.0,96.0,113.0
22.0,107.0,184.0
5.0,86.0,12.0
8.0,82.0,38.0
17.0,99.0,98.0
6.0,85.0,21.0
29.0,108.0,186.0
22.0,102.0,120.0
15.0,87.0,45.0
6.0,85.0,18.0
1.0,76.0,2.0
3.0,84.0,11.0
29.0,107.0,185.0
5.0,87.0,22.0
15.0,97.0,81.0
24.0,110.0,161.0
25.0,108.0,158.0
11.0,96.0,52.0
5.0,87.0,16.0
7.0,79.0,23.0
5.0,84.0,18.0
5.0,89.0,23.0
22.0,98.0,141.0
2.0,90.0,8.0
16.0,96.0,63.0
7.0,77.0,10.0
12.0,96.0,69.0
23.0,108.0,168.0
22.0,107.0,187.0
23.0,105.0,143.0
10.0,86.0,34.0
19.0,89.0,103.0
27.0,110.0,181.0
25.0,107.0,172.0
15.0,97.0,87.0
22.0,93.0,105.0
22.0,100.0,136.0
29.0,107.0,210.0
1.0,85.0,5.0
4.0,82.0,15.0
15.0,102.0,88.0
29.0,108.0,193.0
26.0,114.0,177.0
2.0,90.0,10.0
13.0,91.0,58.0
14.0,90.0,57.0
2.0,78.0,7.0
9.0,89.0,27.0
20.0,99.0,114.0
25.0,100.0,142.0
25.0,103.0,141.0
19.0,107.0,131.0
8.0,85.0,31.0
20.0,94.0,98.0
9.0,82.0,22.0
14.0,93.0,59.0
14.0,90.0,65.0
11.0,89.0,49.0
22.0,100.0,121.0
15.0,90.0,85.0
8.0,86.0,38.0
10.0,91.0,37.0
20.0,107.0,121.0
24.0,105.0,192.0
5.0,91.0,30.0
20.0,99.0,123.0
9.0,86.0,34.0
17.0,107.0,138.0
24.0,104.0,153.0
27.0,108.0,170.0
15.0,100.0,93.0
19.0,93.0,100.0
14.0,98.0,96.0
16.0,95.0,70.0
16.0,82.0,41.0
24.0,96.0,110.0
29.0,109.0,196.0
26.0,112.0,185.0
15.0,97.0,66.0
14.0,107.0,90.0
9.0,85.0,23.0
11.0,93.0,42.0
4.0,81.0,11.0
30.0,104.0,235.0
17.0,88.0,63.0
21.0,107.0,131.0
15.0,101.0,88.0
19.0,92.0,110.0
14.0,92.0,51.0
2.0,81.0,5.0
29.0,118.0,238.0
7.0,95.0,28.0
28.0,105.0,187.0
23.0,113.0,141.0
17.0,94.0,84.0
16.0,97.0,93.0
17.0,89.0,68.0
16.0,89.0,54.0
15.0,102.0,94.0
14.0,94.0,54.0
12.0,91.0,61.0
21.0,105.0,145.0
29.0,109.0,202.0
27.0,103.0,155.0
6.0,83.0,22.0
10.0,87.0,43.0
19.0,96.0,95.0
24.0,111.0,179.0
9.0,90.0,44.0
14.0,102.0,81.0
5.0,86.0,22.0
1.0,85.0,4.0
2.0,85.0,6.0
15.0,87.0,64.0
19.0,90.0,82.0
2.0,79.0,7.0
9.0,85.0,29.0
17.0,102.0,97.0
23.0,110.0,206.0
26.0,107.0,181.0
16.0,95.0,105.0
21.0,101.0,148.0
26.0,110.0,218.0
21.0,105.0,129.0
16.0,95.0,91.0
14.0,90.0,80.0
18.0,95.0,86.0
25.0,105.0,155.0
24.0,95.0,129.0
22.0,100.0,149.0
7.0,85.0,26.0
14.0,95.0,76.0
23.0,107.0,142.0
16.0,95.0,93.0
4.0,76.0,13.0
24.0,100.0,116.0
6.0,82.0,22.0
30.0,112.0,210.0
4.0,79.0,15.0
8.0,90.0,35.0
9.0,92.0,42.0
10.0,82.0,48.0
19.0,97.0,92.0
4.0,89.0,13.0
3.0,82.0,12.0
20.0,94.0,116.0
13.0,94.0,61.0
26.0,101.0,126.0
15.0,96.0,73.0
9.0,88.0,36.0
12.0,92.0,68.0
16.0,89.0,69.0
3.0,77.0,11.0
9.0,85.0,35.0
2.0,79.0,7.0
21.0,106.0,124.0
26.0,100.0,143.0
16.0,91.0,61.0
5.0,82.0,14.0
1.0,85.0,4.0
26.0,108.0,174.0
8.0,88.0,44.0
11.0,83.0,42.0
6.0,90.0,34.0
30.0,108.0,257.0
29.0,102.0,175.0
18.0,99.0,105.0
20.0,98.0,117.0
18.0,98.0,106.0
13.0,94.0,69.0
10.0,91.0,48.0
14.0,100.0,81.0
22.0,108.0,131.0
13.0,95.0,56.0
20.0,93.0,103.0
28.0,114.0,194.0
12.0,94.0,75.0
13.0,94.0,65.0
18.0,99.0,104.0
4.0,92.0,18.0
3.0,82.0,7.0
16.0,97.0,70.0
13.0,95.0,63.0
4.0,87.0,17.0
29.0,101.0,165.0
16.0,93.0,69.0
15.0,100.0,90.0
28.0,118.0,234.0
3.0,78.0,11.0
12.0,101.0,65.0
12.0,84.0,30.0
4.0,86.0,14.0
14.0,96.0,68.0
1.0,86.0,4.0
13.0,92.0,55.0
30.0,112.0,206.0
12.0,85.0,52.0
15.0,101.0,85.0
13.0,96.0,93.0
17.0,99.0,110.0
15.0,94.0,67.0
25.0,107.0,173.0
4.0,76.0,12.0
9.0,90.0,40.0
17.0,93.0,94.0
30.0,111.0,225.0
23.0,102.0,135.0
19.0,95.0,83.0
28.0,110.0,243.0
13.0,91.0,58.0
15.0,92.0,69.0
24.0,107.0,148.0
4.0,81.0,8.0
10.0,96.0,43.0
24.0,100.0,117.0
6.0,91.0,29.0
19.0,99.0,94.0
3.0,86.0,16.0
12.0,97.0,52.0
14.0,94.0,65.0
17.0,104.0,108.0
14.0,101.0,79.0
29.0,111.0,211.0
28.0,104.0,174.0
27.0,110.0,180.0
18.0,103.0,105.0
22.0,109.0,153.0
14.0,84.0,48.0
3.0,87.0,12.0
25.0,102.0,155.0
5.0,87.0,26.0
18.0,96.0,107.0
14.0,96.0,77.0
24.0,106.0,149.0
26.0,111.0,197.0
10.0,88.0,44.0
4.0,73.0,11.0
17.0,95.0,99.0
6.0,87.0,27.0
22.0,102.0,136.0
19.0,97.0,97.0
22.0,103.0,131.0
12.0,99.0,82.0
5.0,87.0,19.0
15.0,103.0,88.0
7.0,93.0,34.0
27.0,112.0,184.0
20.0,107.0,131.0
16.0,94.0,81.0
30.0,108.0,200.0
18.0,104.0,110.0
1.0,84.0,4.0
18.0,96.0,89.0
22.0,107.0,133.0
23.0,110.0,140.0
12.0,97.0,65.0
8.0,79.0,25.0
3.0,90.0,13.0
4.0,85.0,18.0
19.0,108.0,128.0
29.0,110.0,230.0
5.0,82.0,20.0
23.0,106.0,149.0
8.0,83.0,28.0
23.0,95.0,111.0
21.0,103.0,127.0
27.0,103.0,134.0
4.0,88.0,19.0
8.0,87.0,22.0
23.0,110.0,171.0
10.0,92.0,51.0
22.0,95.0,107.0
18.0,96.0,89.0
22.0,100.0,140.0
9.0,90.0,43.0
16.0,95.0,106.0
26.0,102.0,159.0
23.0,98.0,143.0
19.0,106.0,120.0
15.0,83.0,60.0
23.0,100.0,103.0
4.0,80.0,6.0
18.0,97.0,96.0
6.0,88.0,26.0
11.0,89.0,33.0
6.0,87.0,27.0
28.0,109.0,183.0
10.0,92.0,51.0
26.0,101.0,157.0
26.0,99.0,119.0
8.0,86.0,34.0
20.0,101.0,97.0
13.0,97.0,65.0
26.0,97.0,153.0
2.0,83.0,8.0
30.0,113.0,231.0
1.0,78.0,3.0
11.0,86.0,45.0
7.0,88.0,21.0
13.0,91.0,68.0
23.0,112.0,152.0
7.0,88.0,23.0
10.0,90.0,51.0
28.0,105.0,168.0
9.0,89.0,30.0
10.0,99.0,41.0
29.0,106.0,163.0
27.0,100.0,134.0
21.0,94.0,103.0
27.0,108.0,234.0
3.0,86.0,14.0
26.0,106.0,180.0
26.0,107.0,181.0
3.0,76.0,9.0
29.0,110.0,208.0
13.0,100.0,67.0
29.0,116.0,214.0
14.0,88.0,60.0
7.0,92.0,38.0
2.0,81.0,8.0
12.0,103.0,100.0
28.0,108.0,196.0
27.0,108.0,180.0
28.0,108.0,190.0
13.0,94.0,81.0
28.0,113.0,197.0
27.0,108.0,168.0
30.0,112.0,199.0
25.0,99.0,148.0
22.0,105.0,127.0
18.0,89.0,84.0
3.0,81.0,8.0
10.0,93.0,57.0
24.0,93.0,155.0
23.0,103.0,170.0
22.0,101.0,110.0
7.0,83.0,26.0
22.0,102.0,134.0
14.0,86.0,42.0
28.0,117.0,200.0
18.0,96.0,102.0
3.0,92.0,16.0
9.0,91.0,53.0
25.0,103.0,138.0
28.0,103.0,176.0
3.0,82.0,11.0
4.0,85.0,12.0
5.0,94.0,23.0
15.0,97.0,84.0
5.0,85.0,20.0
21.0,108.0,146.0
8.0,90.0,37.0
9.0,88.0,44.0
16.0,90.0,64.0
7.0,89.0,33.0
22.0,93.0,117.0
3.0,87.0,11.0
11.0,93.0,52.0
24.0,106.0,182.0
16.0,96.0,115.0
17.0,102.0,100.0
7.0,79.0,33.0
15.0,109.0,103.0
22.0,110.0,200.0
10.0,91.0,39.0
24.0,101.0,131.0
19.0,100.0,105.0
10.0,93.0,49.0
13.0,89.0,55.0
1.0,80.0,2.0
17.0,92.0,82.0
5.0,75.0,15.0
9.0,88.0,38.0
10.0,86.0,42.0
5.0,81.0,20.0
24.0,108.0,198.0
29.0,103.0,180.0
13.0,90.0,59.0
24.0,108.0,175.0
21.0,101.0,129.0
8.0,84.0,29.0
23.0,103.0,170.0
20.0,105.0,120.0
7.0,84.0,26.0
2.0,94.0,7.0
12.0,98.0,62.0
5.0,88.0,22.0
25.0,104.0,138.0
15.0,100.0,83.0
11.0,87.0,42.0
4.0,90.0,20.0
29.0,111.0,252.0
15.0,94.0,71.0
9.0,89.0,38.0
29.0,109.0,205.0
24.0,99.0,136.0
16.0,93.0,73.0
3.0,81.0,7.0
23.0,91.0,88.0
22.0,102.0,140.0
26.0,102.0,138.0
26.0,115.0,189.0
20.0,102.0,117.0
4.0,87.0,15.0
28.0,113.0,216.0
14.0,98.0,80.0
19.0,98.0,101.0
15.0,90.0,76.0
17.0,103.0,111.0
23.0,93.0,106.0
29.0,92.0,145.0
6.0,87.0,25.0
19.0,105.0,109.0
23.0,103.0,138.0
22.0,98.0,160.0
14.0,96.0,70.0
16.0,99.0,89.0
5.0,94.0,24.0
11.0,89.0,49.0
1.0,82.0,4.0
3.0,88.0,12.0
20.0,100.0,114.0
10.0,85.0,44.0
16.0,101.0,78.0
28.0,102.0,151.0
6.0,98.0,42.0
24.0,107.0,146.0
9.0,87.0,44.0
6.0,91.0,29.0
21.0,106.0,125.0
22.0,109.0,149.0
5.0,84.0,11.0
5.0,82.0,13.0
15.0,94.0,68.0
4.0,89.0,17.0
5.0,87.0,21.0
29.0,105.0,203.0
20.0,100.0,116.0
14.0,91.0,58.0
24.0,98.0,120.0
26.0,107.0,186.0
15.0,94.0,79.0
8.0,86.0,25.0
28.0,108.0,170.0
13.0,88.0,43.0
21.0,91.0,81.0
5.0,85.0,20.0
11.0,96.0,64.0
5.0,87.0,20.0
4.0,79.0,16.0
16.0,104.0,108.0
6.0,86.0,28.0
6.0,84.0,28.0
30.0,101.0,178.0
25.0,108.0,173.0
25.0,101.0,147.0
9.0,87.0,34.0
24.0,103.0,145.0
14.0,91.0,72.0
22.0,96.0,112.0
15.0,91.0,83.0
15.0,97.0,88.0
30.0,108.0,207.0
14.0,90.0,70.0
17.0,99.0,98.0
19.0,100.0,108.0
25.0,105.0,151.0
2.0,85.0,9.0
16.0,91.0,83.0
10.0,84.0,30.0
29.0,109.0,180.0
1.0,84.0,4.0
26.0,102.0,145.0
18.0,94.0,83.0
26.0,107.0,175.0
3.0,82.0,12.0
20.0,99.0,113.0
25.0,101.0,146.0
26.0,108.0,220.0
2.0,71.0,3.0
18.0,97.0,82.0
20.0,105.0,132.0
12.0,92.0,57.0
5.0,91.0,22.0
19.0,99.0,102.0
19.0,102.0,125.0
18.0,98.0,94.0
8.0,95.0,57.0
10.0,93.0,52.0
4.0,81.0,14.0
3.0,86.0,11.0
16.0,101.0,89.0
26.0,107.0,157.0
23.0,106.0,130.0
11.0,87.0,49.0
6.0,73.0,21.0
21.0,97.0,114.0
7.0,88.0,21.0
25.0,108.0,168.0
23.0,104.0,129.0
29.0,107.0,201.0
29.0,113.0,197.0
21.0,106.0,130.0
7.0,88.0,30.0
15.0,92.0,72.0
26.0,108.0,220.0
15.0,90.0,67.0
17.0,99.0,97.0
9.0,95.0,46.0
13.0,89.0,54.0
20.0,95.0,94.0
5.0,84.0,20.0
5.0,86.0,17.0
9.0,82.0,34.0
10.0,90.0,49.0
24.0,108.0,156.0
28.0,117.0,208.0
25.0,117.0,232.0
11.0,90.0,53.0
29.0,111.0,264.0
4.0,76.0,4.0
25.0,101.0,151.0
22.0,103.0,150.0
19.0,100.0,115.0
13.0,91.0,46.0
22.0,99.0,123.0
12.0,94.0,48.0
15.0,93.0,75.0
16.0,90.0,65.0
29.0,113.0,255.0
2.0,86.0,7.0
5.0,84.0,21.0
10.0,92.0,50.0
4.0,81.0,16.0
17.0,95.0,90.0
19.0,102.0,103.0
6.0,84.0,20.0
25.0,111.0,169.0
27.0,112.0,211.0
4.0,85.0,12.0
2.0,86.0,8.0
25.0,107.0,171.0
11.0,87.0,49.0
6.0,91.0,31.0
3.0,78.0,10.0
9.0,91.0,43.0
18.0,89.0,75.0
6.0,94.0,35.0
17.0,97.0,91.0
8.0,88.0,35.0
26.0,98.0,191.0
21.0,103.0,115.0
14.0,86.0,55.0
7.0,83.0,29.0
16.0,96.0,89.0
13.0,93.0,51.0
22.0,104.0,133.0
10.0,90.0,46.0
17.0,96.0,84.0
1.0,83.0,4.0
19.0,104.0,100.0
6.0,86.0,24.0
1.0,91.0,5.0
28.0,114.0,246.0
28.0,104.0,163.0
11.0,96.0,57.0
27.0,113.0,238.0
5.0,75.0,9.0
26.0,107.0,193.0
1.0,81.0,4.0
4.0,84.0,18.0
6.0,90.0,31.0
17.0,96.0,94.0
8.0,91.0,40.0
29.0,112.0,201.0
8.0,95.0,42.0
22.0,102.0,132.0
22.0,107.0,142.0
29.0,112.0,236.0
11.0,96.0,61.0
17.0,99.0,99.0
1.0,79.0,3.0
18.0,100.0,95.0
26.0,109.0,165.0
11.0,85.0,34.0
4.0,73.0,11.0
30.0,102.0,187.0
26.0,102.0,149.0
20.0,99.0,114.0
24.0,109.0,163.0
7.0,85.0,38.0
15.0,88.0,87.0
27.0,111.0,202.0
22.0,96.0,126.0
7.0,85.0,30.0
19.0,97.0,92.0
8.0,79.0,35.0
27.0,111.0,179.0
6.0,83.0,22.0
27.0,103.0,158.0
18.0,100.0,108.0
5.0,80.0,17.0
16.0,89.0,67.0
8.0,83.0,22.0
29.0,101.0,175.0
26.0,106.0,206.0
18.0,93.0,73.0
11.0,89.0,54.0
21.0,98.0,154.0
3.0,86.0,12.0
28.0,111.0,200.0
5.0,83.0,21.0
20.0,95.0,98.0
3.0,77.0,6.0
18.0,109.0,131.0
27.0,101.0,147.0
9.0,94.0,51.0
24.0,108.0,171.0
10.0,85.0,37.0
7.0,94.0,39.0
2.0,85.0,8.0
23.0,108.0,168.0
29.0,104.0,189.0
26.0,112.0,197.0
4.0,91.0,19.0
7.0,86.0,23.0
9.0,88.0,29.0
17.0,91.0,101.0
25.0,99.0,152.0
22.0,95.0,109.0
13.0,93.0,65.0
24.0,102.0,133.0
2.0,78.0,8.0
3.0,83.0,11.0
25.0,107.0,145.0
14.0,94.0,98.0
22.0,98.0,107.0
8.0,96.0,45.0
7.0,81.0,23.0
13.0,95.0,59.0
23.0,104.0,129.0
27.0,107.0,198.0
29.0,108.0,179.0
11.0,87.0,52.0
16.0,91.0,77.0
13.0,90.0,54.0
17.0,101.0,118.0
13.0,88.0,51.0
30.0,107.0,162.0
13.0,98.0,69.0
7.0,89.0,30.0
12.0,95.0,47.0
9.0,87.0,44.0
16.0,96.0,81.0
2.0,79.0,8.0
8.0,90.0,36.0
19.0,98.0,121.0
21.0,101.0,119.0
22.0,103.0,129.0
13.0,94.0,62.0
6.0,85.0,25.0
22.0,95.0,111.0
10.0,88.0,32.0
9.0,94.0,51.0
7.0,89.0,29.0
2.0,86.0,7.0
17.0,87.0,75.0
24.0,105.0,186.0
22.0,106.0,151.0
11.0,97.0,58.0
6.0,89.0,28.0
19.0,101.0,108.0
17.0,101.0,95.0
19.0,100.0,101.0
20.0,102.0,109.0
19.0,101.0,109.0
14.0,92.0,53.0
9.0,90.0,34.0
17.0,93.0,79.0
3.0,93.0,13.0
18.0,106.0,109.0
10.0,92.0,43.0
10.0,89.0,41.0
9.0,86.0,29.0
23.0,94.0,111.0
18.0,98.0,94.0
5.0,84.0,20.0
8.0,85.0,29.0
8.0,86.0,35.0
13.0,104.0,75.0
25.0,111.0,169.0
28.0,107.0,176.0
15.0,84.0,60.0
15.0,89.0,65.0
24.0,100.0,131.0
19.0,106.0,157.0
3.0,89.0,14.0
20.0,98.0,121.0
19.0,96.0,80.0
18.0,85.0,64.0
11.0,87.0,46.0
3.0,85.0,11.0
16.0,93.0,69.0
28.0,108.0,241.0
15.0,93.0,73.0
12.0,98.0,58.0
7.0,86.0,29.0
12.0,95.0,62.0
5.0,85.0,25.0
12.0,93.0,58.0
17.0,95.0,80.0
25.0,108.0,160.0
6.0,83.0,12.0
14.0,92.0,64.0
8.0,80.0,29.0
24.0,105.0,192.0
14.0,95.0,67.0
12.0,88.0,34.0
8.0,91.0,52.0
14.0,94.0,62.0
7.0,91.0,27.0
21.0,97.0,129.0
15.0,89.0,66.0
23.0,105.0,144.0
14.0,92.0,69.0
20.0,95.0,107.0
5.0,82.0,18.0
11.0,91.0,52.0
24.0,101.0,136.0
27.0,107.0,169.0
6.0,82.0,15.0
9.0,92.0,50.0
28.0,103.0,178.0
6.0,88.0,29.0
27.0,106.0,183.0
22.0,103.0,140.0
19.0,98.0,121.0
23.0,103.0,145.0
8.0,81.0,17.0
15.0,97.0,64.0
3.0,84.0,11.0
26.0,109.0,166.0
16.0,88.0,43.0
13.0,88.0,36.0
22.0,103.0,138.0
6.0,92.0,35.0
22.0,100.0,127.0
20.0,107.0,145.0
3.0,86.0,13.0
14.0,93.0,90.0
3.0,89.0,15.0
5.0,79.0,12.0
23.0,110.0,161.0
3.0,90.0,11.0
20.0,106.0,143.0
16.0,91.0,90.0
11.0,96.0,49.0
8.0,97.0,44.0
18.0,93.0,75.0
8.0,83.0,26.0
25.0,111.0,183.0
7.0,93.0,36.0
24.0,103.0,136.0
29.0,110.0,187.0
14.0,92.0,55.0
15.0,97.0,62.0
30.0,105.0,195.0
20.0,101.0,127.0
1.0,83.0,4.0
20.0,104.0,114.0
12.0,100.0,70.0
23.0,103.0,119.0
23.0,108.0,149.0
28.0,104.0,162.0
1.0,87.0,4.0
27.0,107.0,167.0
24.0,108.0,156.0
16.0,94.0,80.0
24.0,96.0,124.0
13.0,87.0,55.0
7.0,87.0,25.0
15.0,91.0,68.0
2.0,86.0,8.0
9.0,91.0,30.0
25.0,104.0,152.0
18.0,103.0,103.0
18.0,109.0,112.0
6.0,82.0,27.0
19.0,93.0,103.0
15.0,105.0,98.0
25.0,105.0,148.0
7.0,91.0,30.0
15.0,93.0,70.0
27.0,105.0,206.0
4.0,78.0,15.0
21.0,101.0,113.0
9.0,86.0,36.0
2.0,87.0,9.0
29.0,106.0,174.0
26.0,104.0,163.0
27.0,103.0,149.0
27.0,110.0,194.0
22.0,100.0,111.0
14.0,101.0,84.0
9.0,84.0,35.0
4.0,81.0,13.0
23.0,101.0,143.0
6.0,96.0,36.0
4.0,91.0,21.0
26.0,99.0,150.0
7.0,89.0,32.0
19.0,88.0,62.0
23.0,104.0,150.0
16.0,92.0,99.0
28.0,113.0,223.0
29.0,115.0,207.0
16.0,90.0,81.0
19.0,97.0,99.0
27.0,115.0,210.0
30.0,107.0,259.0
9.0,96.0,52.0
12.0,100.0,77.0
25.0,100.0,150.0
18.0,95.0,88.0
17.0,99.0,95.0
18.0,97.0,116.0
29.0,108.0,199.0
10.0,93.0,48.0
19.0,97.0,79.0
4.0,87.0,17.0
27.0,113.0,241.0
30.0,115.0,264.0
8.0,84.0,31.0
5.0,89.0,21.0
28.0,108.0,196.0
6.0,92.0,30.0
22.0,92.0,117.0
5.0,79.0,7.0
11.0,89.0,36.0
23.0,107.0,147.0
20.0,106.0,120.0
9.0,90.0,44.0
17.0,100.0,96.0
21.0,100.0,132.0
20.0,94.0,94.0
29.0,104.0,178.0
7.0,82.0,16.0
12.0,88.0,49.0
16.0,89.0,69.0
21.0,98.0,98.0
20.0,99.0,111.0
11.0,94.0,53.0
9.0,84.0,33.0
24.0,100.0,142.0
14.0,95.0,63.0
4.0,82.0,17.0
3.0,86.0,12.0
2.0,78.0,8.0
28.0,103.0,172.0
24.0,101.0,183.0
8.0,89.0,32.0
4.0,84.0,17.0
12.0,90.0,56.0
8.0,87.0,35.0
4.0,84.0,9.0
15.0,94.0,70.0
27.0,110.0,190.0
29.0,100.0,153.0
27.0,109.0,189.0
30.0,105.0,203.0
7.0,87.0,33.0
2.0,79.0,7.0
21.0,104.0,134.0
14.0,88.0,59.0
30.0,120.0,258.0
5.0,87.0,20.0
17.0,99.0,114.0
1.0,80.0,5.0
21.0,97.0,140.0
4.0,86.0,17.0
23.0,102.0,146.0
18.0,92.0,101.0
22.0,102.0,166.0
30.0,101.0,183.0
17.0,97.0,89.0
20.0,98.0,106.0
16.0,102.0,99.0
25.0,106.0,206.0
1.0,89.0,4.0
17.0,98.0,69.0
13.0,84.0,50.0
13.0,90.0,44.0
26.0,98.0,130.0
9.0,85.0,27.0
24.0,103.0,176.0
18.0,104.0,97.0
23.0,109.0,147.0
17.0,93.0,79.0
12.0,96.0,47.0
6.0,93.0,29.0
24.0,110.0,160.0
19.0,94.0,105.0
27.0,111.0,226.0
26.0,107.0,156.0
16.0,100.0,94.0
4.0,89.0,20.0
10.0,89.0,48.0
15.0,103.0,77.0
23.0,100.0,138.0
5.0,86.0,19.0
25.0,102.0,150.0
17.0,98.0,100.0
16.0,96.0,85.0
8.0,100.0,51.0
10.0,80.0,26.0
5.0,91.0,17.0
10.0,92.0,41.0
18.0,103.0,96.0
10.0,80.0,27.0
19.0,93.0,91.0
21.0,96.0,88.0
24.0,101.0,127.0
4.0,84.0,10.0
20.0,105.0,125.0
11.0,94.0,57.0
27.0,114.0,177.0
21.0,99.0,113.0
28.0,99.0,147.0
8.0,90.0,41.0
2.0,80.0,7.0
29.0,112.0,215.0
26.0,101.0,151.0
17.0,89.0,71.0
2.0,81.0,5.0
10.0,90.0,38.0
16.0,87.0,76.0
25.0,92.0,168.0
5.0,92.0,25.0
5.0,86.0,24.0
9.0,93.0,38.0
9.0,74.0,22.0
26.0,104.0,155.0
2.0,83.0,7.0
22.0,101.0,140.0
22.0,101.0,134.0
19.0,102.0,111.0
17.0,97.0,106.0
29.0,111.0,187.0
11.0,84.0,34.0
13.0,98.0,69.0
27.0,107.0,156.0
8.0,73.0,26.0
24.0,105.0,161.0
25.0,107.0,161.0
2.0,85.0,7.0
3.0,78.0,6.0
18.0,98.0,90.0
2.0,73.0,3.0
17.0,105.0,147.0
25.0,101.0,132.0
24.0,93.0,105.0
6.0,82.0,28.0
20.0,106.0,115.0
25.0,109.0,164.0
13.0,100.0,83.0
11.0,93.0,46.0
8.0,86.0,37.0
21.0,94.0,105.0
11.0,97.0,80.0
9.0,88.0,47.0
23.0,96.0,129.0
26.0,105.0,169.0
24.0,107.0,161.0
28.0,108.0,185.0
29.0,110.0,220.0
24.0,106.0,156.0
18.0,101.0,112.0
9.0,81.0,32.0
21.0,108.0,142.0
21.0,93.0,105.0
4.0,81.0,13.0
27.0,106.0,181.0
28.0,118.0,202.0
29.0,117.0,261.0
22.0,102.0,104.0
10.0,94.0,48.0
13.0,100.0,70.0
9.0,79.0,31.0
7.0,86.0,22.0
29.0,102.0,148.0
9.0,82.0,35.0
28.0,112.0,184.0
15.0,92.0,56.0
3.0,85.0,12.0
27.0,116.0,213.0
11.0,103.0,77.0
20.0,105.0,136.0
21.0,96.0,87.0
2.0,83.0,10.0
30.0,117.0,232.0
9.0,87.0,41.0
16.0,94.0,84.0
20.0,100.0,113.0
22.0,100.0,120.0
10.0,95.0,49.0
19.0,94.0,98.0
22.0,100.0,141.0
2.0,77.0,6.0
5.0,82.0,18.0
7.0,90.0,36.0
20.0,94.0,102.0
12.0,87.0,52.0
10.0,95.0,54.0
14.0,87.0,55.0
21.0,99.0,100.0
4.0,89.0,16.0
3.0,77.0,8.0
2.0,76.0,2.0
8.0,86.0,31.0
17.0,95.0,96.0
18.0,95.0,92.0
8.0,88.0,41.0
4.0,75.0,4.0
14.0,94.0,61.0
25.0,99.0,186.0
2.0,81.0,7.0
20.0,102.0,144.0
5.0,77.0,15.0
9.0,93.0,34.0
25.0,109.0,214.0
12.0,90.0,54.0
3.0,93.0,16.0
28.0,112.0,181.0
12.0,90.0,45.0
14.0,93.0,74.0
2.0,84.0,5.0
17.0,93.0,68.0
2.0,84.0,8.0
23.0,102.0,141.0
2.0,75.0,7.0
5.0,82.0,22.0
24.0,103.0,166.0
14.0,94.0,74.0
4.0,87.0,14.0
9.0,87.0,31.0
6.0,83.0,23.0
15.0,90.0,93.0
18.0,100.0,102.0
12.0,81.0,30.0
24.0,110.0,161.0
4.0,87.0,18.0
18.0,93.0,68.0
13.0,97.0,66.0
21.0,95.0,135.0
16.0,90.0,48.0
23.0,106.0,138.0
21.0,104.0,147.0
9.0,94.0,39.0
13.0,94.0,58.0
26.0,97.0,131.0
8.0,94.0,34.0
14.0,91.0,66.0
13.0,89.0,40.0
19.0,91.0,86.0
16.0,105.0,98.0
8.0,89.0,43.0
30.0,106.0,177.0
8.0,85.0,36.0
22.0,102.0,128.0
9.0,87.0,37.0
3.0,83.0,12.0
25.0,94.0,142.0
29.0,102.0,227.0
1.0,80.0,4.0
17.0,100.0,94.0
5.0,87.0,22.0
27.0,106.0,185.0
7.0,77.0,24.0
29.0,107.0,210.0
2.0,83.0,9.0
7.0,88.0,31.0
25.0,111.0,192.0
9.0,93.0,42.0
17.0,97.0,101.0
25.0,99.0,126.0
5.0,84.0,13.0
15.0,94.0,86.0
3.0,73.0,3.0
7.0,86.0,34.0
1.0,82.0,4.0
18.0,106.0,125.0
23.0,99.0,129.0
12.0,93.0,66.0
5.0,85.0,21.0
6.0,84.0,20.0
24.0,108.0,171.0
15.0,99.0,77.0
6.0,89.0,20.0
3.0,83.0,8.0
20.0,107.0,151.0
8.0,86.0,21.0
10.0,85.0,44.0
13.0,93.0,76.0
8.0,97.0,46.0
17.0,100.0,120.0
24.0,100.0,128.0
15.0,95.0,86.0
7.0,81.0,24.0
12.0,82.0,45.0
4.0,90.0,17.0
22.0,93.0,103.0
27.0,108.0,220.0
7.0,88.0,34.0
19.0,98.0,109.0
20.0,101.0,120.0
8.0,93.0,35.0
25.0,104.0,146.0
10.0,90.0,49.0
19.0,104.0,118.0
9.0,93.0,43.0
15.0,90.0,65.0
25.0,103.0,148.0
17.0,100.0,91.0
28.0,111.0,241.0
20.0,93.0,95.0
6.0,88.0,31.0
27.0,109.0,189.0
21.0,102.0,113.0
16.0,96.0,67.0
8.0,93.0,31.0
25.0,93.0,124.0
6.0,90.0,30.0
21.0,101.0,120.0
5.0,86.0,22.0
2.0,82.0,5.0
10.0,92.0,37.0
18.0,93.0,109.0
22.0,94.0,87.0
6.0,88.0,25.0
22.0,100.0,124.0
28.0,112.0,238.0
25.0,105.0,162.0
19.0,93.0,103.0
11.0,90.0,49.0
18.0,91.0,90.0
11.0,94.0,51.0
3.0,79.0,9.0
16.0,111.0,106.0
22.0,102.0,118.0
20.0,100.0,113.0
4.0,80.0,17.0
19.0,97.0,107.0
13.0,100.0,80.0
4.0,80.0,15.0
22.0,105.0,133.0
10.0,85.0,26.0
16.0,88.0,76.0
17.0,103.0,121.0
21.0,101.0,121.0
28.0,117.0,220.0
25.0,102.0,140.0
3.0,90.0,12.0
3.0,84.0,10.0
10.0,88.0,48.0
16.0,101.0,84.0
11.0,101.0,54.0
22.0,109.0,148.0
25.0,105.0,157.0
7.0,86.0,41.0
9.0,85.0,42.0
15.0,92.0,64.0
21.0,99.0,151.0
4.0,80.0,8.0
20.0,95.0,91.0
28.0,103.0,184.0
7.0,80.0,28.0
2.0,79.0,7.0
26.0,104.0,151.0
19.0,96.0,96.0
2.0,79.0,7.0
18.0,100.0,101.0
18.0,90.0,85.0
8.0,95.0,57.0
13.0,87.0,75.0
14.0,92.0,70.0
12.0,92.0,49.0
11.0,95.0,66.0
8.0,94.0,34.0
7.0,83.0,31.0
6.0,92.0,26.0
6.0,87.0,24.0
13.0,90.0,63.0
6.0,87.0,23.0
2.0,70.0,6.0
21.0,101.0,117.0
15.0,96.0,72.0
11.0,95.0,63.0
14.0,98.0,72.0
4.0,88.0,20.0
28.0,110.0,188.0
18.0,100.0,125.0
7.0,84.0,30.0
12.0,90.0,59.0
9.0,84.0,34.0
1.0,91.0,6.0
13.0,99.0,73.0
22.0,93.0,141.0
8.0,93.0,42.0
12.0,91.0,61.0
13.0,98.0,82.0
10.0,86.0,42.0
11.0,85.0,35.0
15.0,101.0,87.0
17.0,91.0,62.0
20.0,98.0,106.0
8.0,77.0,17.0
2.0,82.0,8.0
12.0,95.0,64.0
7.0,88.0,27.0
20.0,110.0,140.0
22.0,101.0,142.0
20.0,95.0,95.0
29.0,120.0,295.0
27.0,101.0,153.0
16.0,96.0,92.0
21.0,103.0,120.0
1.0,88.0,4.0
16.0,90.0,68.0
25.0,113.0,213.0
10.0,82.0,33.0
11.0,93.0,53.0
15.0,85.0,44.0
19.0,97.0,84.0
8.0,87.0,37.0
3.0,85.0,12.0
13.0,88.0,73.0
7.0,96.0,36.0
9.0,90.0,38.0
19.0,95.0,82.0
24.0,104.0,149.0
25.0,105.0,194.0
17.0,104.0,99.0
12.0,94.0,62.0
22.0,101.0,126.0
29.0,108.0,204.0
26.0,113.0,181.0
29.0,103.0,162.0
23.0,101.0,145.0
17.0,83.0,46.0
30.0,110.0,223.0
9.0,88.0,37.0
24.0,99.0,137.0
16.0,94.0,76.0
30.0,112.0,209.0
11.0,96.0,47.0
13.0,99.0,68.0
20.0,98.0,111.0
17.0,88.0,82.0
11.0,91.0,52.0
12.0,93.0,67.0
29.0,99.0,217.0
18.0,99.0,107.0
8.0,83.0,30.0
14.0,88.0,55.0
2.0,92.0,7.0
5.0,85.0,20.0
7.0,94.0,29.0
11.0,86.0,44.0
5.0,85.0,19.0
27.0,109.0,179.0
11.0,88.0,44.0
28.0,108.0,216.0
30.0,112.0,264.0
16.0,96.0,81.0
10.0,92.0,53.0
18.0,94.0,98.0
8.0,94.0,33.0
29.0,110.0,264.0
6.0,92.0,32.0
10.0,87.0,32.0
22.0,113.0,154.0
22.0,103.0,131.0
11.0,91.0,37.0
8.0,84.0,38.0
19.0,102.0,108.0
15.0,90.0,63.0
16.0,99.0,89.0
9.0,85.0,30.0
20.0,97.0,103.0
1.0,81.0,2.0
7.0,89.0,24.0
29.0,109.0,214.0
1.0,80.0,4.0
28.0,105.0,217.0
5.0,81.0,15.0
4.0,76.0,11.0
19.0,100.0,100.0
28.0,113.0,210.0
16.0,86.0,64.0
5.0,89.0,23.0
17.0,92.0,100.0
30.0,107.0,209.0
18.0,89.0,75.0
19.0,111.0,153.0
9.0,91.0,37.0
18.0,91.0,67.0
18.0,100.0,108.0
5.0,94.0,27.0
16.0,96.0,84.0
10.0,96.0,57.0
16.0,99.0,82.0
14.0,99.0,107.0
12.0,87.0,49.0
8.0,95.0,34.0
5.0,91.0,16.0
17.0,100.0,99.0
6.0,88.0,27.0
29.0,104.0,184.0
17.0,99.0,91.0
22.0,102.0,107.0
27.0,114.0,190.0
28.0,111.0,231.0
9.0,88.0,39.0
22.0,106.0,142.0
25.0,109.0,200.0
26.0,109.0,178.0
28.0,104.0,166.0
10.0,92.0,33.0
18.0,101.0,105.0
28.0,106.0,168.0
14.0,91.0,77.0
20.0,101.0,105.0
11.0,96.0,54.0
1.0,89.0,3.0
6.0,85.0,26.0
13.0,94.0,71.0
5.0,83.0,18.0
10.0,98.0,50.0
16.0,85.0,62.0
10.0,87.0,32.0
10.0,81.0,36.0
20.0,94.0,105.0
12.0,98.0,64.0
22.0,99.0,131.0
26.0,106.0,167.0
10.0,90.0,44.0
3.0,84.0,11.0
20.0,91.0,78.0
17.0,105.0,115.0
5.0,79.0,15.0
6.0,91.0,28.0
26.0,106.0,155.0
29.0,116.0,287.0
26.0,104.0,147.0
22.0,101.0,118.0
27.0,113.0,181.0
27.0,105.0,170.0
7.0,88.0,26.0
4.0,84.0,15.0
17.0,105.0,101.0
27.0,111.0,182.0
9.0,85.0,28.0
26.0,109.0,172.0
20.0,99.0,107.0
2.0,74.0,7.0
2.0,89.0,9.0
12.0,88.0,53.0
23.0,100.0,121.0
21.0,105.0,166.0
22.0,104.0,130.0
11.0,89.0,49.0
28.0,105.0,191.0
16.0,101.0,94.0
18.0,96.0,85.0
28.0,109.0,198.0
19.0,101.0,141.0
1.0,84.0,3.0
14.0,98.0,57.0
30.0,108.0,194.0
20.0,96.0,136.0
21.0,101.0,112.0
4.0,82.0,17.0
12.0,87.0,39.0
20.0,100.0,107.0
14.0,94.0,69.0
22.0,101.0,129.0
29.0,112.0,210.0
13.0,96.0,75.0
2.0,90.0,6.0
23.0,91.0,114.0
20.0,95.0,102.0
24.0,100.0,153.0
2.0,85.0,6.0
19.0,101.0,92.0
24.0,108.0,155.0
5.0,86.0,20.0
15.0,91.0,59.0
16.0,104.0,84.0
11.0,80.0,18.0
22.0,101.0,141.0
11.0,91.0,53.0
20.0,98.0,106.0
16.0,95.0,89.0
19.0,97.0,91.0
4.0,75.0,12.0
5.0,80.0,22.0
4.0,88.0,12.0
25.0,114.0,236.0
30.0,113.0,225.0
26.0,99.0,144.0
11.0,95.0,48.0
11.0,91.0,41.0
19.0,113.0,153.0
3.0,84.0,11.0
6.0,92.0,40.0
6.0,80.0,18.0
24.0,105.0,162.0
8.0,79.0,20.0
7.0,87.0,29.0
28.0,99.0,127.0
12.0,82.0,45.0
7.0,91.0,31.0
27.0,109.0,181.0
9.0,91.0,40.0
7.0,83.0,16.0
17.0,97.0,87.0
26.0,106.0,181.0
6.0,81.0,20.0
4.0,81.0,13.0
8.0,91.0,42.0
11.0,85.0,45.0
13.0,87.0,55.0
13.0,86.0,50.0
27.0,105.0,157.0
26.0,104.0,141.0
14.0,88.0,58.0
28.0,109.0,198.0
18.0,107.0,109.0
24.0,100.0,130.0
16.0,84.0,74.0
20.0,86.0,65.0
18.0,89.0,67.0
24.0,93.0,133.0
23.0,94.0,116.0
5.0,84.0,21.0
25.0,110.0,179.0
6.0,85.0,26.0
3.0,82.0,11.0
27.0,110.0,184.0
26.0,99.0,135.0
5.0,80.0,15.0
10.0,91.0,48.0
24.0,100.0,135.0
7.0,91.0,30.0
13.0,95.0,56.0
11.0,91.0,68.0
25.0,103.0,161.0
16.0,96.0,95.0
3.0,81.0,11.0
8.0,85.0,36.0
13.0,96.0,69.0
25.0,113.0,171.0
30.0,116.0,268.0
29.0,99.0,177.0
2.0,82.0,8.0
6.0,86.0,16.0
3.0,86.0,14.0
18.0,94.0,89.0
24.0,102.0,157.0
18.0,99.0,96.0
3.0,87.0,15.0
15.0,98.0,81.0
27.0,107.0,175.0
27.0,110.0,180.0
22.0,100.0,143.0
18.0,98.0,106.0
14.0,90.0,58.0
8.0,91.0,42.0
8.0,92.0,37.0
15.0,96.0,76.0
23.0,105.0,141.0
18.0,101.0,101.0
17.0,93.0,80.0
25.0,108.0,172.0
13.0,88.0,53.0
20.0,94.0,116.0
7.0,91.0,30.0
30.0,116.0,222.0
19.0,101.0,109.0
9.0,82.0,34.0
15.0,98.0,90.0
18.0,99.0,100.0
5.0,81.0,18.0
5.0,82.0,14.0
14.0,105.0,87.0
23.0,99.0,105.0
4.0,87.0,19.0
6.0,80.0,23.0
1.0,70.0,3.0
16.0,102.0,104.0
6.0,88.0,25.0
27.0,102.0,137.0
15.0,95.0,86.0
20.0,111.0,147.0
10.0,95.0,47.0
3.0,82.0,11.0
10.0,95.0,57.0
12.0,77.0,47.0
7.0,81.0,27.0
28.0,108.0,193.0
20.0,105.0,115.0
10.0,94.0,41.0
2.0,76.0,6.0
22.0,94.0,111.0
2.0,82.0,5.0
3.0,81.0,10.0
23.0,104.0,139.0
6.0,84.0,29.0
20.0,96.0,75.0
14.0,81.0,53.0
13.0,93.0,72.0
24.0,103.0,156.0
22.0,107.0,157.0
9.0,89.0,44.0
2.0,90.0,9.0
20.0,106.0,115.0
6.0,88.0,28.0
20.0,103.0,120.0
8.0,92.0,29.0
21.0,97.0,109.0
18.0,105.0,119.0
10.0,88.0,44.0
10.0,91.0,37.0
12.0,90.0,44.0
19.0,93.0,89.0
14.0,89.0,62.0
22.0,105.0,146.0
18.0,95.0,86.0
20.0,99.0,115.0
28.0,117.0,210.0
3.0,92.0,14.0
11.0,99.0,78.0
29.0,108.0,250.0
4.0,88.0,15.0
27.0,104.0,141.0
19.0,98.0,141.0
24.0,98.0,176.0
16.0,96.0,78.0
28.0,104.0,241.0
2.0,90.0,8.0
5.0,84.0,21.0
17.0,93.0,85.0
22.0,99.0,125.0
18.0,100.0,100.0
5.0,96.0,27.0
28.0,114.0,210.0
29.0,110.0,196.0
20.0,104.0,124.0
23.0,98.0,129.0
10.0,91.0,44.0
10.0,79.0,39.0
19.0,97.0,100.0
24.0,105.0,155.0
3.0,90.0,11.0
20.0,93.0,86.0
21.0,109.0,147.0
6.0,83.0,20.0
8.0,86.0,30.0
10.0,91.0,40.0
8.0,82.0,30.0
11.0,95.0,48.0
15.0,93.0,56.0
3.0,78.0,6.0
16.0,91.0,91.0
19.0,101.0,120.0
13.0,90.0,55.0
25.0,112.0,167.0
22.0,97.0,137.0
27.0,107.0,212.0
19.0,101.0,104.0
10.0,101.0,59.0
28.0,115.0,214.0
13.0,92.0,66.0
3.0,87.0,11.0
22.0,100.0,143.0
12.0,93.0,61.0
26.0,105.0,163.0
22.0,108.0,140.0
21.0,110.0,136.0
8.0,82.0,28.0
25.0,99.0,142.0
19.0,100.0,98.0
2.0,87.0,6.0
19.0,100.0,115.0
26.0,107.0,168.0
5.0,87.0,14.0
10.0,94.0,57.0
19.0,91.0,107.0
27.0,101.0,149.0
13.0,89.0,75.0
4.0,85.0,16.0
19.0,94.0,87.0
27.0,107.0,168.0
30.0,108.0,204.0
27.0,102.0,166.0
14.0,95.0,60.0
20.0,99.0,96.0
3.0,80.0,11.0
2.0,84.0,8.0
6.0,86.0,28.0
27.0,108.0,184.0
7.0,94.0,37.0
18.0,97.0,112.0
22.0,108.0,187.0
15.0,99.0,66.0
25.0,99.0,126.0
7.0,94.0,41.0
26.0,100.0,142.0
17.0,96.0,84.0
2.0,82.0,5.0
28.0,107.0,172.0
6.0,81.0,24.0
10.0,92.0,61.0
7.0,90.0,29.0
25.0,109.0,174.0
4.0,87.0,15.0
1.0,84.0,4.0
29.0,105.0,187.0
5.0,87.0,14.0
25.0,103.0,181.0
19.0,92.0,84.0
8.0,90.0,34.0
12.0,97.0,61.0
15.0,98.0,87.0
13.0,89.0,49.0
6.0,94.0,38.0
7.0,88.0,29.0
19.0,97.0,95.0
29.0,104.0,163.0
18.0,106.0,110.0
20.0,90.0,75.0
11.0,89.0,60.0
10.0,88.0,41.0
8.0,92.0,38.0
10.0,90.0,44.0
26.0,110.0,163.0
24.0,100.0,141.0
29.0,115.0,217.0
7.0,93.0,32.0
22.0,110.0,135.0
27.0,110.0,188.0
21.0,106.0,135.0
19.0,97.0,126.0
12.0,100.0,71.0
25.0,98.0,133.0
5.0,83.0,20.0
1.0,80.0,4.0
9.0,97.0,51.0
3.0,76.0,7.0
2.0,94.0,10.0
15.0,93.0,74.0
24.0,104.0,151.0
10.0,90.0,33.0
19.0,103.0,110.0
23.0,98.0,156.0
5.0,87.0,25.0
4.0,84.0,16.0
21.0,105.0,144.0
26.0,108.0,170.0
10.0,93.0,51.0
8.0,88.0,31.0
12.0,97.0,67.0
4.0,85.0,15.0
14.0,100.0,85.0
20.0,103.0,114.0
9.0,90.0,43.0
14.0,96.0,77.0
7.0,85.0,31.0
6.0,86.0,27.0
18.0,105.0,108.0
12.0,91.0,57.0
16.0,96.0,70.0
23.0,102.0,146.0
30.0,102.0,188.0
28.0,107.0,172.0
21.0,100.0,117.0
14.0,95.0,64.0
15.0,98.0,67.0
24.0,107.0,161.0
10.0,94.0,56.0
17.0,95.0,94.0
5.0,84.0,20.0
22.0,101.0,121.0
23.0,104.0,182.0
18.0,97.0,91.0
7.0,88.0,34.0
23.0,104.0,137.0
28.0,114.0,199.0
23.0,99.0,108.0
7.0,90.0,25.0
16.0,94.0,70.0
12.0,91.0,48.0
25.0,108.0,159.0
6.0,84.0,26.0
27.0,111.0,185.0
14.0,89.0,58.0
29.0,112.0,212.0
27.0,111.0,185.0
23.0,103.0,145.0
12.0,92.0,54.0
13.0,82.0,45.0
18.0,100.0,112.0
19.0,101.0,117.0
3.0,80.0,14.0
18.0,102.0,107.0
30.0,118.0,240.0
15.0,96.0,74.0
4.0,87.0,19.0
16.0,96.0,81.0
25.0,109.0,176.0
29.0,116.0,204.0
9.0,93.0,41.0
21.0,97.0,115.0
16.0,98.0,93.0
3.0,95.0,17.0
6.0,80.0,14.0
27.0,105.0,150.0
18.0,103.0,124.0
22.0,102.0,148.0
2.0,79.0,6.0
1.0,79.0,4.0
3.0,88.0,12.0
23.0,112.0,156.0
1.0,86.0,4.0
11.0,98.0,59.0
9.0,88.0,37.0
10.0,92.0,47.0
7.0,92.0,25.0
25.0,116.0,177.0
17.0,101.0,104.0
19.0,98.0,110.0
26.0,109.0,213.0
5.0,81.0,20.0
8.0,81.0,27.0
6.0,88.0,22.0
26.0,101.0,144.0
29.0,108.0,186.0
13.0,94.0,63.0
25.0,112.0,239.0
12.0,98.0,71.0
24.0,113.0,207.0
28.0,98.0,134.0
3.0,88.0,13.0
28.0,100.0,172.0
19.0,108.0,119.0
5.0,82.0,19.0
19.0,109.0,123.0
15.0,91.0,77.0
9.0,96.0,50.0
28.0,121.0,224.0
24.0,110.0,202.0
1.0,82.0,3.0
30.0,105.0,182.0
20.0,100.0,119.0
15.0,96.0,106.0
3.0,81.0,9.0
24.0,104.0,144.0
20.0,103.0,114.0
20.0,107.0,141.0
5.0,86.0,14.0
16.0,101.0,83.0
2.0,82.0,9.0
24.0,112.0,166.0
12.0,94.0,58.0
11.0,97.0,55.0
16.0,99.0,96.0
13.0,94.0,60.0
18.0,98.0,96.0
6.0,81.0,23.0
17.0,95.0,74.0
28.0,106.0,169.0
4.0,79.0,13.0
10.0,96.0,55.0
2.0,81.0,7.0
9.0,87.0,45.0
29.0,101.0,160.0
13.0,102.0,85.0
29.0,102.0,189.0
12.0,88.0,55.0
16.0,94.0,66.0
23.0,104.0,135.0
7.0,97.0,39.0
30.0,110.0,215.0
28.0,100.0,159.0
3.0,85.0,9.0
3.0,79.0,9.0
25.0,104.0,164.0
20.0,114.0,134.0
29.0,107.0,224.0
24.0,106.0,185.0
18.0,109.0,141.0
15.0,91.0,70.0
7.0,88.0,28.0
10.0,91.0,47.0
25.0,101.0,153.0
26.0,101.0,137.0
19.0,98.0,76.0
21.0,98.0,121.0
29.0,116.0,203.0
29.0,109.0,217.0
21.0,106.0,123.0
24.0,104.0,171.0
25.0,100.0,132.0
13.0,91.0,68.0
3.0,91.0,12.0
29.0,113.0,195.0
25.0,105.0,131.0
24.0,98.0,140.0
28.0,110.0,200.0
1.0,76.0,2.0
29.0,117.0,232.0
11.0,99.0,63.0
5.0,85.0,22.0
20.0,93.0,82.0
16.0,98.0,77.0
6.0,88.0,27.0
28.0,101.0,137.0
9.0,92.0,31.0
3.0,80.0,13.0
12.0,96.0,60.0
5.0,88.0,21.0
20.0,102.0,115.0
8.0,85.0,27.0
11.0,90.0,53.0
25.0,104.0,142.0
29.0,106.0,236.0
11.0,78.0,24.0
29.0,109.0,187.0
11.0,87.0,49.0
21.0,104.0,135.0
30.0,114.0,219.0
30.0,107.0,200.0
18.0,102.0,142.0
29.0,111.0,200.0
5.0,80.0,18.0
18.0,91.0,78.0
3.0,87.0,13.0
27.0,105.0,178.0
14.0,103.0,78.0
11.0,77.0,33.0
9.0,83.0,27.0
26.0,102.0,148.0
12.0,96.0,60.0
3.0,82.0,10.0
3.0,80.0,11.0
8.0,87.0,34.0
15.0,97.0,81.0
2.0,86.0,8.0
25.0,99.0,141.0
9.0,97.0,50.0
20.0,98.0,108.0
4.0,86.0,16.0
26.0,102.0,150.0
23.0,106.0,147.0
3.0,85.0,13.0
8.0,89.0,36.0
1.0,77.0,3.0
19.0,105.0,127.0
19.0,100.0,95.0
9.0,93.0,45.0
29.0,108.0,202.0
5.0,78.0,16.0
18.0,97.0,104.0
21.0,107.0,131.0
15.0,98.0,80.0
11.0,82.0,27.0
19.0,96.0,86.0
9.0,87.0,36.0
22.0,92.0,111.0
28.0,101.0,157.0
19.0,105.0,120.0
27.0,105.0,155.0
20.0,108.0,125.0
3.0,81.0,10.0
29.0,108.0,177.0
24.0,105.0,141.0
19.0,103.0,113.0
23.0,106.0,156.0
11.0,83.0,42.0
17.0,107.0,102.0
2.0,80.0,7.0
9.0,86.0,42.0
26.0,110.0,196.0
2.0,88.0,9.0
8.0,88.0,40.0
10.0,91.0,51.0
29.0,101.0,214.0
15.0,91.0,68.0
19.0,92.0,88.0
8.0,97.0,41.0
23.0,106.0,133.0
6.0,74.0,16.0
5.0,82.0,12.0
5.0,86.0,22.0
20.0,91.0,93.0
20.0,94.0,135.0
24.0,99.0,160.0
26.0,107.0,188.0
22.0,99.0,109.0
25.0,101.0,148.0
21.0,103.0,164.0
2.0,83.0,8.0
23.0,103.0,151.0
7.0,88.0,29.0
28.0,106.0,208.0
30.0,108.0,247.0
28.0,109.0,190.0
29.0,111.0,203.0
8.0,82.0,28.0
1.0,80.0,4.0
25.0,100.0,141.0
26.0,101.0,135.0
22.0,104.0,120.0
6.0,86.0,35.0
24.0,108.0,193.0
22.0,103.0,127.0
6.0,87.0,26.0
27.0,95.0,117.0
19.0,99.0,102.0
13.0,94.0,55.0
2.0,82.0,7.0
27.0,108.0,212.0
8.0,80.0,30.0
26.0,107.0,177.0
21.0,99.0,131.0
19.0,94.0,129.0
22.0,104.0,131.0
15.0,95.0,71.0
25.0,101.0,144.0
22.0,110.0,195.0
24.0,91.0,117.0
20.0,99.0,111.0
22.0,105.0,148.0
27.0,106.0,159.0
29.0,101.0,158.0
14.0,87.0,43.0
9.0,88.0,40.0
7.0,80.0,25.0
22.0,100.0,134.0
7.0,83.0,24.0
10.0,80.0,41.0
4.0,88.0,19.0
26.0,105.0,157.0
23.0,95.0,152.0
30.0,110.0,196.0
27.0,102.0,162.0
25.0,97.0,114.0
23.0,95.0,117.0
2.0,87.0,9.0
21.0,99.0,112.0
10.0,98.0,54.0
9.0,85.0,21.0
28.0,110.0,174.0
21.0,104.0,118.0
4.0,77.0,16.0
16.0,86.0,67.0
10.0,95.0,43.0
21.0,102.0,147.0
11.0,93.0,53.0
17.0,101.0,104.0
12.0,85.0,40.0
18.0,97.0,86.0
22.0,98.0,126.0
14.0,101.0,80.0
29.0,104.0,190.0
26.0,104.0,173.0
23.0,99.0,151.0
12.0,97.0,62.0
25.0,103.0,215.0
11.0,84.0,38.0
17.0,105.0,139.0
3.0,87.0,12.0
19.0,96.0,93.0
22.0,100.0,111.0
21.0,99.0,113.0
20.0,92.0,105.0
5.0,83.0,20.0
27.0,110.0,180.0
18.0,108.0,109.0
2.0,84.0,5.0
12.0,89.0,50.0
3.0,87.0,13.0
20.0,102.0,115.0
3.0,78.0,12.0
23.0,105.0,145.0
7.0,84.0,31.0
8.0,95.0,41.0
2.0,94.0,11.0
13.0,99.0,66.0
19.0,103.0,110.0
3.0,85.0,13.0
28.0,112.0,209.0
19.0,94.0,72.0
10.0,90.0,45.0
17.0,90.0,81.0
27.0,107.0,193.0
9.0,89.0,38.0
19.0,101.0,98.0
16.0,85.0,72.0
18.0,105.0,131.0
20.0,103.0,129.0
17.0,88.0,46.0
23.0,96.0,112.0
20.0,93.0,122.0
2.0,74.0,6.0
6.0,87.0,27.0
5.0,88.0,21.0
16.0,95.0,87.0
25.0,110.0,222.0
14.0,102.0,92.0
1.0,86.0,4.0
10.0,95.0,51.0
25.0,102.0,142.0
7.0,87.0,32.0
17.0,94.0,90.0
23.0,108.0,175.0
5.0,85.0,23.0
2.0,80.0,7.0
29.0,108.0,223.0
3.0,83.0,12.0
6.0,82.0,22.0
22.0,115.0,165.0
10.0,95.0,53.0
25.0,111.0,206.0
9.0,86.0,38.0
13.0,95.0,64.0
8.0,89.0,38.0
7.0,97.0,35.0
29.0,104.0,186.0
2.0,79.0,4.0
15.0,96.0,83.0
6.0,83.0,22.0
27.0,95.0,176.0
3.0,82.0,8.0
18.0,102.0,114.0
8.0,88.0,33.0
24.0,92.0,104.0
20.0,102.0,131.0
12.0,99.0,72.0
5.0,85.0,12.0
23.0,111.0,163.0
16.0,93.0,78.0
10.0,85.0,49.0
5.0,97.0,26.0
20.0,94.0,78.0
15.0,95.0,82.0
13.0,104.0,89.0
15.0,90.0,67.0
22.0,99.0,138.0
14.0,86.0,52.0
13.0,90.0,57.0
19.0,105.0,122.0
25.0,99.0,135.0
25.0,111.0,177.0
30.0,117.0,223.0
4.0,83.0,17.0
26.0,106.0,186.0
15.0,104.0,88.0
25.0,109.0,185.0
22.0,107.0,144.0
9.0,89.0,36.0
7.0,92.0,31.0
28.0,106.0,197.0
2.0,84.0,7.0
11.0,84.0,43.0
4.0,86.0,17.0
12.0,95.0,58.0
8.0,95.0,42.0
25.0,109.0,218.0
16.0,91.0,53.0
26.0,100.0,142.0
28.0,108.0,189.0
11.0,101.0,60.0
1.0,74.0,2.0
11.0,92.0,64.0
24.0,102.0,145.0
28.0,110.0,196.0
24.0,104.0,152.0
27.0,109.0,196.0
24.0,107.0,142.0
3.0,89.0,10.0
26.0,102.0,164.0
25.0,104.0,169.0
3.0,87.0,14.0
16.0,99.0,84.0
14.0,90.0,89.0
7.0,94.0,34.0
24.0,106.0,148.0
27.0,100.0,161.0
11.0,85.0,42.0
1.0,80.0,4.0
7.0,91.0,30.0
9.0,85.0,38.0
19.0,96.0,100.0
2.0,81.0,5.0
9.0,89.0,47.0
23.0,96.0,114.0
3.0,83.0,9.0
17.0,90.0,54.0
3.0,83.0,7.0
21.0,105.0,139.0
13.0,97.0,71.0
15.0,94.0,60.0
13.0,88.0,36.0
19.0,92.0,95.0
6.0,94.0,28.0
8.0,75.0,28.0
8.0,87.0,34.0
23.0,105.0,155.0
24.0,101.0,132.0
22.0,100.0,125.0
26.0,103.0,140.0
22.0,106.0,129.0
17.0,102.0,104.0
29.0,107.0,205.0
23.0,99.0,125.0
6.0,91.0,25.0
23.0,100.0,123.0
21.0,97.0,116.0
17.0,99.0,96.0
11.0,96.0,57.0
6.0,94.0,40.0
4.0,86.0,17.0
20.0,94.0,95.0
24.0,98.0,168.0
29.0,113.0,218.0
28.0,110.0,166.0
2.0,75.0,5.0
5.0,95.0,21.0
19.0,95.0,92.0
9.0,94.0,49.0
29.0,103.0,238.0
17.0,92.0,65.0
20.0,92.0,71.0
16.0,96.0,69.0
26.0,110.0,170.0
24.0,114.0,174.0
14.0,104.0,88.0
9.0,87.0,40.0
3.0,82.0,13.0
22.0,99.0,137.0
29.0,113.0,219.0
14.0,94.0,84.0
21.0,104.0,171.0
24.0,109.0,163.0
13.0,100.0,81.0
8.0,94.0,40.0
5.0,86.0,22.0
10.0,97.0,65.0
6.0,91.0,26.0
14.0,105.0,87.0
11.0,86.0,47.0
10.0,88.0,34.0
19.0,96.0,104.0
4.0,93.0,19.0
18.0,103.0,94.0
13.0,99.0,61.0
10.0,96.0,45.0
14.0,98.0,60.0
15.0,87.0,60.0
22.0,96.0,113.0
19.0,98.0,105.0
20.0,91.0,93.0
9.0,84.0,29.0
22.0,104.0,131.0
8.0,93.0,34.0
11.0,97.0,82.0
18.0,95.0,98.0
4.0,92.0,21.0
10.0,88.0,48.0
23.0,103.0,130.0
17.0,99.0,73.0
23.0,98.0,124.0
21.0,97.0,123.0
26.0,103.0,166.0
5.0,80.0,16.0
16.0,96.0,83.0
24.0,101.0,126.0
29.0,107.0,180.0
3.0,80.0,10.0
20.0,103.0,133.0
22.0,102.0,122.0
4.0,85.0,16.0
20.0,96.0,94.0
19.0,93.0,121.0
23.0,99.0,133.0
5.0,72.0,3.0
10.0,90.0,34.0
20.0,94.0,137.0
3.0,77.0,11.0
23.0,98.0,111.0
6.0,85.0,23.0
18.0,102.0,109.0
10.0,97.0,55.0
18.0,99.0,87.0
29.0,115.0,264.0
5.0,80.0,17.0
16.0,99.0,102.0
21.0,100.0,134.0
5.0,90.0,25.0
8.0,93.0,39.0
16.0,101.0,89.0
13.0,95.0,78.0
24.0,95.0,142.0
20.0,98.0,104.0
17.0,102.0,99.0
18.0,98.0,99.0
18.0,99.0,87.0
8.0,82.0,30.0
8.0,89.0,35.0
2.0,85.0,8.0
18.0,91.0,99.0
9.0,97.0,42.0
15.0,93.0,64.0
17.0,95.0,102.0
5.0,84.0,20.0
25.0,117.0,203.0
3.0,81.0,11.0
13.0,96.0,84.0
25.0,99.0,181.0
22.0,102.0,139.0
8.0,89.0,36.0
17.0,97.0,86.0
10.0,93.0,64.0
7.0,86.0,36.0
19.0,98.0,99.0
17.0,99.0,90.0
20.0,106.0,144.0
6.0,85.0,22.0
14.0,101.0,91.0
24.0,99.0,132.0
8.0,80.0,27.0
11.0,87.0,33.0
21.0,99.0,115.0
23.0,90.0,98.0
2.0,81.0,6.0
3.0,82.0,13.0
11.0,91.0,46.0
4.0,83.0,15.0
19.0,100.0,136.0
12.0,99.0,54.0
1.0,78.0,2.0
23.0,111.0,161.0
24.0,106.0,173.0
24.0,105.0,166.0
24.0,100.0,164.0
26.0,105.0,171.0
20.0,97.0,113.0
20.0,104.0,145.0
10.0,99.0,53.0
7.0,94.0,40.0
12.0,87.0,51.0
18.0,102.0,106.0
6.0,90.0,35.0
9.0,78.0,30.0
2.0,83.0,6.0
29.0,112.0,212.0
3.0,78.0,5.0
18.0,96.0,104.0
17.0,97.0,87.0
6.0,94.0,33.0
22.0,95.0,105.0
14.0,88.0,65.0
16.0,91.0,80.0
30.0,113.0,209.0
29.0,111.0,199.0
24.0,101.0,139.0
22.0,108.0,138.0
7.0,85.0,22.0
18.0,100.0,97.0
29.0,116.0,260.0
27.0,109.0,175.0
25.0,109.0,175.0
27.0,103.0,146.0
23.0,102.0,139.0
19.0,108.0,122.0
11.0,91.0,49.0
9.0,87.0,36.0
3.0,88.0,18.0
7.0,91.0,30.0
2.0,83.0,7.0
17.0,104.0,124.0
14.0,99.0,80.0
1.0,71.0,2.0
18.0,96.0,96.0
6.0,78.0,19.0
19.0,108.0,129.0
13.0,92.0,66.0
5.0,87.0,20.0
7.0,79.0,23.0
12.0,89.0,52.0
23.0,105.0,127.0
18.0,97.0,123.0
18.0,102.0,109.0
14.0,87.0,47.0
25.0,102.0,148.0
24.0,104.0,196.0
26.0,112.0,174.0
27.0,104.0,164.0
11.0,94.0,53.0
10.0,101.0,56.0
5.0,83.0,14.0
5.0,83.0,21.0
8.0,85.0,31.0
24.0,107.0,206.0
19.0,98.0,131.0
20.0,101.0,158.0
12.0,92.0,44.0
10.0,96.0,53.0
4.0,81.0,13.0
16.0,105.0,97.0
16.0,95.0,74.0
6.0,86.0,20.0
28.0,104.0,162.0
16.0,95.0,65.0
21.0,107.0,142.0
17.0,96.0,90.0
30.0,116.0,221.0
14.0,104.0,86.0
10.0,86.0,40.0
17.0,96.0,84.0
3.0,81.0,10.0
19.0,95.0,85.0
21.0,97.0,86.0
20.0,95.0,130.0
22.0,101.0,119.0
4.0,78.0,13.0
24.0,91.0,78.0
23.0,102.0,131.0
22.0,110.0,143.0
27.0,116.0,245.0
19.0,96.0,89.0
9.0,91.0,44.0
13.0,92.0,46.0
11.0,98.0,60.0
10.0,94.0,52.0
11.0,92.0,45.0
6.0,85.0,23.0
16.0,90.0,75.0
2.0,84.0,11.0
18.0,92.0,98.0
